frame,time_s,track_id,class_id,class_name,confidence,x1,y1,x2,y2,x_center,y_center,width,height,review_status,review_notes
926,30.864166666666662,749,2,car,0.946979522705078,797.6116333007812,432.0287170410156,1269.45166015625,762.224365234375,0.538297712802887,0.5528949499130249,0.2457500100135803,0.3057367205619812,reviewed,
926,30.864166666666662,1292,2,car,0.7835535407066345,1308.22900390625,477.710693359375,1444.2840576171875,532.74755859375,0.716800332069397,0.4678047597408294,0.0708620101213455,0.0509600602090358,reviewed,
926,30.864166666666662,2036,2,car,0.4478958249092102,460.4028625488281,490.7823181152344,534.0828247070312,518.0652465820312,0.2589806616306305,0.4670590460300445,0.0383749790489673,0.0252619702368974,reviewed,
926,30.864166666666662,2126,2,car,0.270580917596817,113.72551727294922,488.0718994140625,178.65232849121094,534.5576782226562,0.0761400610208511,0.4734396338462829,0.0338160470128059,0.0430423878133297,reviewed,
926,30.864166666666662,2129,2,car,0.2353594005107879,425.75091552734375,492.50634765625,459.3982543945313,518.6608276367188,0.2305075973272323,0.4681329429149627,0.0175246559083461,0.0242171119898557,reviewed,
926,30.864166666666662,2234,2,car,0.7903013825416565,1.470428466796875,504.1006774902344,157.2801055908203,569.69970703125,0.0413412861526012,0.4971298277378082,0.0811508744955062,0.06073984131217,reviewed,
926,30.864166666666662,2172,2,car,0.1439444869756698,331.33319091796875,495.5182800292969,385.3543701171875,523.31884765625,0.1866373866796493,0.4716838598251343,0.0281360317021608,0.0257412660866975,reviewed,
926,30.864166666666662,2092,2,car,0.4229035377502441,382.67474365234375,495.0104064941406,446.51995849609375,524.0557250976562,0.2159361243247985,0.4717898964881897,0.0332527160644531,0.026893813163042,reviewed,
926,30.864166666666662,2235,2,car,0.2901993989944458,747.1285400390625,479.9593505859375,805.349609375,508.01214599609375,0.4042911827564239,0.4573942124843597,0.0303234737366437,0.0259748101234436,reviewed,
926,30.864166666666662,2279,2,car,0.1713341325521469,306.18475341796875,497.35552978515625,382.4709167480469,531.1494140625,0.1793374121189117,0.4761596620082855,0.0397323779761791,0.0312906317412853,reviewed,
926,30.864166666666662,2301,2,car,0.1738951057195663,780.5458374023438,482.0352478027344,826.6764526367188,506.8817138671875,0.4185474812984466,0.4578319489955902,0.0240263622254133,0.0230059865862131,reviewed,
926,30.864166666666662,2298,2,car,0.4063601195812225,629.552734375,488.1958312988281,673.0994262695312,509.5316162109375,0.339232325553894,0.4619108438491821,0.0226805694401264,0.0197553560137748,reviewed,
926,30.864166666666662,2318,2,car,0.4349775910377502,717.7979736328125,484.0357666015625,752.1900024414062,508.0914306640625,0.3828093707561493,0.4593181610107422,0.0179125145077705,0.0222737621515989,reviewed,
927,30.89753333333333,749,2,car,0.9483326077461244,797.7720336914062,431.535400390625,1269.694580078125,762.08935546875,0.5384027361869812,0.552604079246521,0.2457929998636245,0.306068480014801,reviewed,
927,30.89753333333333,1292,2,car,0.8241811394691467,1310.1912841796875,477.7347412109375,1445.09228515625,533.5280151367188,0.7175217866897583,0.4681771993637085,0.0702609345316886,0.0516604371368885,reviewed,
927,30.89753333333333,2036,2,car,0.4393181502819061,460.9266662597656,490.5833740234375,537.48388671875,517.9867553710938,0.2600027322769165,0.466930627822876,0.0398735515773296,0.0253735017031431,reviewed,
927,30.89753333333333,2126,2,car,0.3644607663154602,117.57635498046876,487.5588684082031,180.7577667236328,533.4251708984375,0.0776911750435829,0.4726777672767639,0.032906986773014,0.0424687974154949,reviewed,
927,30.89753333333333,2129,2,car,0.2606247961521148,425.5661315917969,492.5762939453125,460.525390625,518.1762084960938,0.2307530045509338,0.4679409861564636,0.0182079467922449,0.0237036254256963,reviewed,
927,30.89753333333333,2234,2,car,0.8465580344200134,0.96899151802063,503.3722229003906,158.6271209716797,568.8150634765625,0.0415614880621433,0.4963829815387726,0.0821136087179184,0.0605952218174934,reviewed,
927,30.89753333333333,2172,2,car,0.2498431354761123,332.0810241699219,494.79498291015625,385.6581726074219,522.2810668945312,0.186911255121231,0.4708685278892517,0.0279047656804323,0.0254500769078731,reviewed,
927,30.89753333333333,2092,2,car,0.4675513505935669,383.6328430175781,495.1078186035156,445.6814575195313,523.7279663085938,0.2159672677516937,0.4716832339763641,0.0323169864714145,0.0265001375228166,reviewed,
927,30.89753333333333,2235,2,car,0.3882614374160766,753.8402709960938,479.4710083007813,822.952392578125,507.747802734375,0.4106231033802032,0.4570457339286804,0.0359958969056606,0.0261822175234556,reviewed,
927,30.89753333333333,2279,2,car,0.1028403341770172,307.7958679199219,498.5698547363281,381.9461669921875,530.6475219726562,0.1796203255653381,0.4764895439147949,0.0386199466884136,0.0297015439718961,reviewed,
927,30.89753333333333,2301,2,car,0.181345447897911,776.9939575195312,481.3674011230469,828.1755981445312,506.9039611816406,0.4180129170417785,0.4575330317020416,0.0266571044921875,0.0236449632793664,reviewed,
927,30.89753333333333,2298,2,car,0.4193671643733978,629.5972900390625,487.9020080566406,673.7445678710938,509.8045654296875,0.3394119143486023,0.4619011878967285,0.0229933746159076,0.0202801451086998,reviewed,
927,30.89753333333333,2318,2,car,0.5839669704437256,718.5961303710938,484.46783447265625,756.094482421875,508.0211181640625,0.3840340375900268,0.4594856202602386,0.0195303913205862,0.0218085963279008,reviewed,
927,30.89753333333333,2322,2,car,0.5436375737190247,1820.72216796875,481.9234313964844,1885.197021484375,520.3224487304688,0.965083122253418,0.4640026986598968,0.0335806533694267,0.0355546474456787,reviewed,
928,30.9309,749,2,car,0.9474493861198424,796.4827270507812,432.1589660644531,1268.333251953125,762.1511840820312,0.5377124547958374,0.5529213547706604,0.2457554787397384,0.3055483400821686,reviewed,
928,30.9309,1292,2,car,0.8646974563598633,1309.1787109375,478.0364685058594,1443.3062744140625,533.3392333984375,0.7167929410934448,0.4682295024394989,0.0698581039905548,0.0512062646448612,reviewed,
928,30.9309,2036,2,car,0.4547005593776703,458.60980224609375,490.66448974609375,538.1204833984375,518.101806640625,0.2595651745796203,0.4670214354991913,0.0414118133485317,0.0254049226641654,reviewed,
928,30.9309,2126,2,car,0.4212281107902527,117.1313705444336,487.9736633300781,178.721435546875,533.6851806640625,0.0770450010895729,0.4729901850223541,0.0320781581103801,0.0423254780471324,reviewed,
928,30.9309,2129,2,car,0.2895937263965606,423.7791442871094,491.9001770019531,458.9632568359375,518.783935546875,0.2298808395862579,0.4679093062877655,0.0183250587433576,0.0248923692852258,reviewed,
928,30.9309,2234,2,car,0.8757930994033813,0.0,503.49127197265625,156.66329956054688,569.7037353515625,0.0407977327704429,0.4968495666980743,0.0815954655408859,0.0613078363239765,reviewed,
928,30.9309,2172,2,car,0.2148821651935577,329.8465270996094,494.7510986328125,384.4191284179688,522.421142578125,0.1860066801309585,0.4709130823612213,0.0284232292324304,0.0256204102188348,reviewed,
928,30.9309,2092,2,car,0.4555775225162506,382.4893798828125,495.0130310058594,445.3956604003906,523.8565673828125,0.2155950516462326,0.47169890999794,0.0327636860311031,0.0267069786787033,reviewed,
928,30.9309,2235,2,car,0.5527094602584839,757.3342895507812,478.9950866699219,829.6295166015625,507.6135864257813,0.4132718443870544,0.4567632675170898,0.0376537628471851,0.0264986101537942,reviewed,
928,30.9309,2279,2,car,0.1939455419778823,305.3586120605469,498.2864074707031,380.3394470214844,530.8899536132812,0.1785672008991241,0.4764705598354339,0.0390525199472904,0.0301884692162275,reviewed,
928,30.9309,2298,2,car,0.4232436120510101,628.1557006835938,488.2568664550781,672.05859375,509.6179809570313,0.3385974764823913,0.4619791209697723,0.0228660907596349,0.0197788104414939,reviewed,
928,30.9309,2318,2,car,0.5950638055801392,717.44921875,485.9032897949219,758.0518798828125,508.14794921875,0.3842450678348541,0.460208922624588,0.0211472194641828,0.020596906542778,reviewed,
928,30.9309,2322,2,car,0.6703200340270996,1810.8741455078125,480.7357482910156,1882.6795654296875,520.1602172851562,0.9618629217147828,0.4633777737617492,0.0373986549675464,0.0365041382610797,reviewed,
929,30.964266666666667,749,2,car,0.9466866850852966,794.1369018554688,433.2361145019531,1265.44482421875,762.4894409179688,0.5363494157791138,0.553576648235321,0.2454728782176971,0.3048641979694366,reviewed,
929,30.964266666666667,1292,2,car,0.8525229692459106,1305.17138671875,478.6465148925781,1440.994140625,532.6641845703125,0.7151472568511963,0.4681993722915649,0.070741020143032,0.0500163622200489,reviewed,
929,30.964266666666667,2036,2,car,0.5462557673454285,455.59320068359375,489.8154602050781,531.1658935546875,518.541259765625,0.2569685280323028,0.4668318033218384,0.0393607765436172,0.0265979617834091,reviewed,
929,30.964266666666667,2126,2,car,0.3418266177177429,110.42130279541016,488.6273193359375,174.1949920654297,534.9754028320312,0.0741188302636146,0.4738901555538177,0.0332154631614685,0.0429148934781551,reviewed,
929,30.964266666666667,2129,2,car,0.2854155302047729,420.2422790527344,491.8824157714844,454.7946166992188,519.0955200195312,0.2278741896152496,0.4680453240871429,0.0179960094392299,0.0251973178237676,reviewed,
929,30.964266666666667,2234,2,car,0.8626711368560791,0.0,504.6002502441406,153.5455322265625,571.4190063476562,0.039985816925764,0.4981570839881897,0.0799716338515281,0.0618692189455032,reviewed,
929,30.964266666666667,2172,2,car,0.1035293117165565,324.755615234375,495.5080871582031,379.4518737792969,520.51025390625,0.1833873689174652,0.4703788459300995,0.0284876339137554,0.0231501553207635,reviewed,
929,30.964266666666667,2092,2,car,0.3147256374359131,377.1452941894531,494.1392211914063,450.1139526367188,524.4234619140625,0.2154321074485778,0.4715568125247955,0.0380045101046562,0.0280409641563892,reviewed,
929,30.964266666666667,2235,2,car,0.5451864004135132,758.6773681640625,478.9155578613281,833.0210571289062,507.71331787109375,0.4145048260688782,0.4567726552486419,0.0387206710875034,0.0266645923256874,reviewed,
929,30.964266666666667,2279,2,car,0.121956743299961,303.189453125,498.6061096191406,370.75390625,530.7362670898438,0.1755060851573944,0.4765474200248718,0.0351898185908794,0.029750145971775,reviewed,
929,30.964266666666667,2298,2,car,0.5340328216552734,621.3084106445312,488.6311950683594,669.650390625,509.902099609375,0.3361871838569641,0.4622839391231537,0.025178113952279,0.0196952819824218,reviewed,
929,30.964266666666667,2318,2,car,0.6457144618034363,714.9691772460938,486.274169921875,758.3342895507812,508.06939697265625,0.3836727738380432,0.4603442549705505,0.0225859954953193,0.0201807655394077,reviewed,
929,30.964266666666667,2322,2,car,0.6725812554359436,1796.9847412109375,480.1256408691406,1878.9959716796875,519.0992431640625,0.9572866559028624,0.4626041054725647,0.0427141822874546,0.0360866673290729,reviewed,
930,30.997633333333333,749,2,car,0.9472180008888244,793.1856079101562,433.0130004882813,1263.3814697265625,762.2845458984375,0.5355643630027771,0.5533785223960876,0.2448936849832534,0.3048810660839081,reviewed,
930,30.997633333333333,1292,2,car,0.8336119055747986,1301.830078125,477.8347778320313,1438.198974609375,532.0773315429688,0.7135492563247681,0.4675519168376922,0.0710254684090614,0.0502245873212814,reviewed,
930,30.997633333333333,2036,2,car,0.4535478055477142,456.5134887695313,490.5182495117188,528.5275268554688,519.0687255859375,0.2565211057662964,0.467401385307312,0.0375073105096817,0.0264356266707181,reviewed,
930,30.997633333333333,2126,2,car,0.2623572647571563,107.15482330322266,489.5073547363281,172.45452880859375,535.7074584960938,0.0728149339556694,0.4746364951133728,0.0340102650225162,0.0427778735756874,reviewed,
930,30.997633333333333,2129,2,car,0.2451760619878769,418.2122497558594,493.0632934570313,454.6355895996094,519.43994140625,0.2273041307926178,0.4687514901161194,0.0189704895019531,0.0244228225201368,reviewed,
930,30.997633333333333,2234,2,car,0.8323357105255127,0.0,505.7931823730469,150.04356384277344,572.0758666992188,0.0390738435089588,0.4990134239196777,0.0781476870179176,0.0613728575408458,reviewed,
930,30.997633333333333,2172,2,car,0.13446806371212,320.8347473144531,495.96771240234375,377.1984252929688,525.375,0.1817794740200042,0.4728438556194305,0.0293560829013586,0.027228970080614,reviewed,
930,30.997633333333333,2092,2,car,0.2803134322166443,375.0927429199219,495.2689208984375,445.8694458007813,524.7626953125,0.2137922346591949,0.4722368717193603,0.0368628650903701,0.0273090507835149,reviewed,
930,30.997633333333333,2235,2,car,0.5008008480072021,761.101806640625,478.4054565429688,836.6853637695312,507.89788818359375,0.4160903990268707,0.456621915102005,0.0393664352595806,0.0273078065365552,reviewed,
930,30.997633333333333,2279,2,car,0.1713388562202453,301.2176513671875,497.3770446777344,375.2882080078125,531.2290649414062,0.1761734038591385,0.476206511259079,0.038578413426876,0.0313444621860981,reviewed,
930,30.997633333333333,2298,2,car,0.4964697957038879,617.7362060546875,488.96685791015625,667.5768432617188,509.5303955078125,0.3347169160842895,0.4622672498226166,0.02595866471529,0.0190403126180171,reviewed,
930,30.997633333333333,2318,2,car,0.6430010199546814,713.081298828125,485.9392700195313,760.1832275390625,508.015625,0.3836626410484314,0.4601643085479736,0.0245322547852993,0.0204410701990127,reviewed,
930,30.997633333333333,2322,2,car,0.6162775158882141,1784.5821533203125,478.1886596679688,1876.624267578125,518.295166015625,0.9534391760826112,0.4613350927829742,0.0479386001825332,0.0371356531977653,reviewed,
931,31.031,749,2,car,0.9473640322685242,793.2069702148438,433.966796875,1262.9158935546875,761.2399291992188,0.5354486703872681,0.553336501121521,0.2446400672197342,0.3030306696891784,reviewed,
931,31.031,1292,2,car,0.805418074131012,1297.5411376953125,477.2015075683594,1437.6317138671875,531.7820434570312,0.7122846245765686,0.4671219885349273,0.0729638412594795,0.050537534058094,reviewed,
931,31.031,2036,2,car,0.5080182552337646,456.9635925292969,491.1619873046875,526.5557250976562,519.3876953125,0.2561248242855072,0.46784707903862,0.0362459011375904,0.0261349156498909,reviewed,
931,31.031,2126,2,car,0.2512741386890411,106.13723754882812,489.8777770996094,172.53477478027344,537.0485229492188,0.0725708305835723,0.475428819656372,0.0345820523798465,0.0436766147613525,reviewed,
931,31.031,2129,2,car,0.2097298204898834,416.9396362304688,493.7351379394531,458.096435546875,520.7321166992188,0.2278739809989929,0.4696607887744903,0.0214358326047658,0.0249972026795148,reviewed,
931,31.031,2234,2,car,0.8527079820632935,0.0,506.0183715820313,148.46156311035156,572.54736328125,0.0386618636548519,0.4993359744548797,0.0773237273097038,0.0616009198129177,reviewed,
931,31.031,2172,2,car,0.1224706247448921,328.1151123046875,496.4231262207031,377.3883361816406,525.8623046875,0.1837248504161834,0.4732802808284759,0.025663137435913,0.0272584985941648,reviewed,
931,31.031,2092,2,car,0.3326890766620636,375.0587158203125,496.99163818359375,437.1887512207031,524.9805297851562,0.2115227729082107,0.4731352627277374,0.0323593951761722,0.0259156394749879,reviewed,
931,31.031,2235,2,car,0.5004427433013916,764.0684204101562,478.4573669433594,836.255615234375,507.9969177246094,0.4167510271072387,0.4566918015480041,0.0375974960625171,0.0273514352738857,reviewed,
931,31.031,2279,2,car,0.2372982800006866,300.4487609863281,497.6009521484375,371.9454956054688,531.7640380859375,0.1751026809215545,0.4765578806400299,0.0372378826141357,0.0316324867308139,reviewed,
931,31.031,2298,2,car,0.3776867985725403,616.9502563476562,489.1489562988281,666.5486450195312,509.439453125,0.3342445194721222,0.4623094201087951,0.0258324947208166,0.0187874976545572,reviewed,
931,31.031,2318,2,car,0.6405339241027832,712.838623046875,486.0802917480469,762.234619140625,507.69049072265625,0.3841336667537689,0.4600790441036224,0.0257270820438861,0.0200094431638717,reviewed,
931,31.031,2322,2,car,0.5580729842185974,1777.18896484375,476.71630859375,1875.6865234375,517.4669799804688,0.9512696862220764,0.4602700471878052,0.0513008125126361,0.0377321019768714,reviewed,
932,31.06436666666667,749,2,car,0.9475162029266356,792.9507446289062,433.01953125,1262.2750244140625,761.6759643554688,0.5352150797843933,0.5530998110771179,0.2444397360086441,0.3043115139007568,reviewed,
932,31.06436666666667,1292,2,car,0.8091238737106323,1297.6571044921875,477.2153625488281,1438.053466796875,530.4431762695312,0.7124245762825012,0.4665085971355438,0.0731231048703193,0.0492850132286548,reviewed,
932,31.06436666666667,2036,2,car,0.5176683068275452,456.0291748046875,491.6686096191406,525.3394165039062,519.5501708984375,0.2555647492408752,0.4681568145751953,0.0360990837216377,0.0258162599056959,reviewed,
932,31.06436666666667,2126,2,car,0.3031615614891052,105.6021499633789,489.9486999511719,172.41140747070312,537.5939331054688,0.0723993629217147,0.4757141768932342,0.0347964875400066,0.0441159568727016,reviewed,
932,31.06436666666667,2129,2,car,0.224849984049797,416.2203674316406,493.73248291015625,458.8441467285156,521.0927124023438,0.2278813868761062,0.4698264896869659,0.0221998859196901,0.0253335461020469,reviewed,
932,31.06436666666667,2234,2,car,0.8580776453018188,0.0,505.9707946777344,147.3069305419922,573.0989379882812,0.0383611805737018,0.499569296836853,0.0767223611474037,0.0621556900441646,reviewed,
932,31.06436666666667,2172,2,car,0.1195214986801147,330.29058837890625,496.7721862792969,376.8527526855469,525.8616943359375,0.1841519027948379,0.4734416306018829,0.024251127615571,0.0269347298890352,reviewed,
932,31.06436666666667,2092,2,car,0.374127447605133,374.7056274414063,498.2392578125,430.7838745117188,524.9871826171875,0.2097628861665725,0.4737159311771393,0.029207419604063,0.0247665978968143,reviewed,
932,31.06436666666667,2235,2,car,0.5440525412559509,766.4700317382812,477.8161315917969,843.1428833007812,507.9764099121094,0.4191700220108032,0.4563854336738586,0.0399337783455848,0.0279261842370033,reviewed,
932,31.06436666666667,2279,2,car,0.2117321193218231,299.54449462890625,497.9148254394531,370.5877075195313,532.11474609375,0.1745135933160781,0.4768655300140381,0.0370016731321811,0.0316665917634964,reviewed,
932,31.06436666666667,2298,2,car,0.3634699285030365,616.2069702148438,489.15924072265625,666.0569458007812,509.4331970214844,0.3339228928089142,0.4623112976551056,0.0259635280817747,0.0187721811234951,reviewed,
932,31.06436666666667,2318,2,car,0.6483896374702454,712.8715209960938,486.0256958007813,762.0806884765625,507.5582885742188,0.3841021358966827,0.4599925875663757,0.0256297755986452,0.0199375860393047,reviewed,
932,31.06436666666667,2322,2,car,0.4736111462116241,1774.5303955078125,473.8991088867188,1876.1619873046875,516.7028198242188,0.950701117515564,0.4586119949817657,0.0529331192374229,0.0396330654621124,reviewed,
933,31.09773333333333,749,2,car,0.94637793302536,792.47607421875,431.9734497070313,1261.5238037109375,761.9082641601562,0.5348958373069763,0.5527229905128479,0.2442956864833831,0.3054952025413513,reviewed,
933,31.09773333333333,1292,2,car,0.8047678470611572,1300.017578125,477.6985473632813,1437.8114013671875,529.5657348632812,0.712976336479187,0.4663260579109192,0.0717676132917404,0.0480251722037792,reviewed,
933,31.09773333333333,2036,2,car,0.5164139866828918,455.1452941894531,491.9973754882813,524.3458251953125,519.8251342773438,0.2550758123397827,0.4684363603591919,0.0360419414937496,0.0257664434611797,reviewed,
933,31.09773333333333,2126,2,car,0.2957615852355957,104.48101806640624,489.805908203125,171.4033660888672,538.2265625,0.0718448981642723,0.4759409725666046,0.0348553881049156,0.0448339395225048,reviewed,
933,31.09773333333333,2129,2,car,0.2729213833808899,415.8031921386719,493.79302978515625,458.5290832519531,521.2583618164062,0.2276906967163086,0.4699311852455139,0.0222530681639909,0.0254308637231588,reviewed,
933,31.09773333333333,2234,2,car,0.8449008464813232,0.0,506.15826416015625,145.5970458984375,573.2822265625,0.0379158966243267,0.4997409284114837,0.0758317932486534,0.0621518157422542,reviewed,
933,31.09773333333333,2172,2,car,0.1186536103487014,327.59796142578125,496.7007446289063,375.4942321777344,527.49560546875,0.1830969154834747,0.4741649627685547,0.0249459743499755,0.0285137593746185,reviewed,
933,31.09773333333333,2092,2,car,0.4454831480979919,373.6604919433594,499.5968017578125,424.6753845214844,525.3926391601562,0.2078999727964401,0.4745321869850158,0.0265702567994594,0.0238850340247154,reviewed,
933,31.09773333333333,2235,2,car,0.3647010922431946,768.1691284179688,478.0746765136719,841.8658447265625,507.96527099609375,0.419279932975769,0.4564999639987945,0.0383837074041366,0.0276764761656522,reviewed,
933,31.09773333333333,2279,2,car,0.253097653388977,298.31939697265625,498.52978515625,369.1658630371094,532.420166015625,0.173824280500412,0.4772916436195373,0.0368992015719413,0.0313799828290939,reviewed,
933,31.09773333333333,2298,2,car,0.4296228587627411,615.926025390625,489.2340087890625,665.2520751953125,509.2634582519531,0.3336401283740997,0.4622673392295837,0.0256906505674123,0.0185457859188318,reviewed,
933,31.09773333333333,2318,2,car,0.6482058167457581,712.361083984375,485.8587341308594,761.07421875,507.4953002929688,0.3837071061134338,0.4598861038684845,0.0253714248538017,0.0200338568538427,reviewed,
933,31.09773333333333,2322,2,car,0.3710311353206634,1773.169189453125,472.5993041992188,1875.5675048828125,516.0828857421875,0.950191855430603,0.4577232301235199,0.0533324554562568,0.0402625761926174,reviewed,
933,31.09773333333333,2329,2,car,0.4116281569004059,1377.30322265625,473.088134765625,1476.3387451171875,515.5471801757812,0.7431359887123108,0.4577015340328216,0.0515810027718544,0.039313931018114,reviewed,
934,31.1311,749,2,car,0.9448898434638976,791.5592041015625,432.1564636230469,1260.5924072265625,761.1372680664062,0.5344144701957703,0.5524507761001587,0.2442881315946579,0.30461186170578,reviewed,
934,31.1311,1292,2,car,0.7832039594650269,1300.6702880859375,477.43017578125,1436.6229248046875,529.0797119140625,0.7128368020057678,0.4659768044948578,0.0708086639642715,0.0478236451745033,reviewed,
934,31.1311,2036,2,car,0.5342855453491211,455.0625305175781,492.3257751464844,522.556396484375,519.9962768554688,0.25458824634552,0.468667596578598,0.0351530537009239,0.0256208349019289,reviewed,
934,31.1311,2126,2,car,0.3361865282058716,101.31982421875,489.8848571777344,170.39906311035156,538.1917114257812,0.0707601234316825,0.4759613573551178,0.0359787717461586,0.0447285696864128,reviewed,
934,31.1311,2129,2,car,0.2273657917976379,416.17822265625,494.1419372558594,452.8121032714844,521.46337890625,0.2262995690107345,0.4701876640319824,0.0190801452845335,0.0252976305782794,reviewed,
934,31.1311,2234,2,car,0.8520873188972473,0.0,506.08489990234375,143.4534454345703,573.8623657226562,0.0373576693236827,0.4999755918979645,0.0747153386473655,0.0627569109201431,reviewed,
934,31.1311,2172,2,car,0.1096412390470504,326.2720642089844,496.58636474609375,375.2998352050781,528.5458984375,0.1827010214328766,0.4745982885360718,0.0255352966487407,0.0295921601355075,reviewed,
934,31.1311,2092,2,car,0.447736382484436,372.3587341308594,500.0242614746094,426.9276123046875,526.1038818359375,0.2081474959850311,0.4750593304634094,0.0284212902188301,0.0241477973759174,reviewed,
934,31.1311,2235,2,car,0.3902062177658081,770.2974853515625,478.2895202636719,840.683837890625,507.6040649414063,0.4195263981819153,0.4564321935176849,0.0366595573723316,0.027143096551299,reviewed,
934,31.1311,2279,2,car,0.1714138984680175,298.0795593261719,497.68658447265625,372.4252014160156,531.9461669921875,0.1746106147766113,0.4766818583011627,0.0387216880917549,0.0317218340933322,reviewed,
934,31.1311,2298,2,car,0.4466516673564911,615.309814453125,489.2362976074219,664.5177001953125,509.5057678222656,0.3332884013652801,0.462380588054657,0.0256291069090366,0.0187680274248123,reviewed,
934,31.1311,2318,2,car,0.6038594841957092,710.9194946289062,485.7781677246094,762.7843627929688,507.8147888183594,0.3837770521640777,0.4599967300891876,0.0270129516720771,0.0204042792320251,reviewed,
934,31.1311,2322,2,car,0.3074609637260437,1771.169677734375,472.1881408691406,1871.8359375,514.1305541992188,0.9486993551254272,0.4566290378570556,0.0524303428828716,0.0388355664908885,reviewed,
934,31.1311,2329,2,car,0.4494964480400085,1393.724365234375,476.7902526855469,1482.763427734375,515.2172241210938,0.7490853667259216,0.4592626988887787,0.0463745109736919,0.0355805307626724,reviewed,
934,31.1311,2330,2,car,0.382270485162735,235.5660400390625,497.4259948730469,365.6690368652344,533.3305053710938,0.1565716415643692,0.4772020578384399,0.067761979997158,0.0332449153065681,reviewed,
935,31.164466666666662,749,2,car,0.9439308643341064,790.4940185546875,430.9172058105469,1260.10888671875,761.3463134765625,0.53401118516922,0.5519738793373108,0.2445910722017288,0.3059528768062591,reviewed,
935,31.164466666666662,1292,2,car,0.7925765514373779,1300.507080078125,476.8930969238281,1435.8258056640625,529.154052734375,0.7125867009162903,0.4657625555992126,0.07047850638628,0.0483897738158702,reviewed,
935,31.164466666666662,2036,2,car,0.5768981575965881,453.9042663574219,492.3437805175781,522.0187377929688,519.8890991210938,0.2541466057300567,0.4686263501644134,0.0354762859642505,0.0255049243569374,reviewed,
935,31.164466666666662,2126,2,car,0.4387988150119781,100.96263885498048,489.9892578125,169.599853515625,537.7932739257812,0.0704589858651161,0.4758252203464508,0.0357485488057136,0.0442629791796207,reviewed,
935,31.164466666666662,2129,2,car,0.3102841973304748,416.3034362792969,494.3384094238281,450.6580810546875,521.17822265625,0.2257712334394455,0.4701465666294098,0.0178930442780256,0.0248516798019409,reviewed,
935,31.164466666666662,2234,2,car,0.8660117387771606,0.0,505.8094482421875,142.0215301513672,573.9747924804688,0.0369847752153873,0.499900072813034,0.0739695504307746,0.0631160587072372,reviewed,
935,31.164466666666662,2172,2,car,0.1353164166212082,328.7287902832031,496.1307067871094,374.6330871582031,523.489013671875,0.1831671595573425,0.4720461666584015,0.0239084884524345,0.0253317654132843,reviewed,
935,31.164466666666662,2092,2,car,0.5043185949325562,371.6974182128906,499.8756408691406,428.1409606933594,525.9884033203125,0.2082912474870681,0.4749370515346527,0.029397677630186,0.024178484454751,reviewed,
935,31.164466666666662,2235,2,car,0.3287692964076996,774.3765869140625,478.8677673339844,842.4093627929688,507.3640747070313,0.4210380017757416,0.4565888047218323,0.0354337356984615,0.0263854693621397,reviewed,
935,31.164466666666662,2279,2,car,0.1083486154675483,298.3125,497.38580322265625,374.50732421875,531.424072265625,0.1752135008573532,0.476300835609436,0.0396848060190677,0.0315169170498847,reviewed,
935,31.164466666666662,2298,2,car,0.4241697192192077,615.8919677734375,489.0418701171875,664.3130493164062,509.3515625,0.3333867490291595,0.4622191786766052,0.0252193138003349,0.0188052710145711,reviewed,
935,31.164466666666662,2318,2,car,0.5430320501327515,710.75146484375,485.8383483886719,761.251220703125,507.8301086425781,0.3833340406417846,0.4600316882133484,0.0263019558042287,0.0203627403825521,reviewed,
935,31.164466666666662,2322,2,car,0.1632780879735946,1771.76416015625,472.0377807617188,1870.6295166015625,512.7277221679688,0.948539972305298,0.4559099674224853,0.0514923743903636,0.0376758724451065,reviewed,
935,31.164466666666662,2329,2,car,0.6166389584541321,1395.3341064453125,475.3934631347656,1495.354248046875,515.2896118164062,0.752783477306366,0.4586495757102966,0.0520938225090503,0.0369408801198005,reviewed,
935,31.164466666666662,2330,2,car,0.4658404588699341,235.08892822265625,497.5653991699219,364.393310546875,533.46142578125,0.1561151593923568,0.4773272573947906,0.0673460289835929,0.0332370623946189,reviewed,
936,31.19783333333333,749,2,car,0.9431374669075012,790.2009887695312,429.93658447265625,1260.16162109375,761.146484375,0.5339486002922058,0.5514273047447205,0.2447711676359176,0.3066758215427398,reviewed,
936,31.19783333333333,1292,2,car,0.8051266670227051,1301.1455078125,476.575439453125,1435.817626953125,530.0841674804688,0.7127507925033569,0.4660461246967315,0.0701417252421379,0.0495451167225837,reviewed,
936,31.19783333333333,2036,2,car,0.5909417271614075,452.3202819824219,491.8645629882813,521.9979248046875,519.5504760742188,0.2537287175655365,0.4682477116584778,0.0362904407083988,0.0256351046264171,reviewed,
936,31.19783333333333,2126,2,car,0.5278748273849487,102.76685333251952,489.8657531738281,169.60043334960938,537.5001220703125,0.0709289759397506,0.4756323397159576,0.0348091572523117,0.0441058985888958,reviewed,
936,31.19783333333333,2129,2,car,0.2925009429454803,416.9083557128906,494.1712036132813,449.790771484375,520.7343139648438,0.2257028967142105,0.4698636531829834,0.0171262584626674,0.0245954729616642,reviewed,
936,31.19783333333333,2234,2,car,0.7725197672843933,0.80552077293396,505.43499755859375,141.33920288085938,573.7635498046875,0.0370168574154377,0.4996289312839508,0.0731946229934692,0.0632671788334846,reviewed,
936,31.19783333333333,2172,2,car,0.3441482484340668,335.2236633300781,496.4098510742188,375.9634399414063,524.5072021484375,0.1852049827575683,0.4726467728614807,0.0212186332792043,0.0260160658508539,reviewed,
936,31.19783333333333,2092,2,car,0.507122278213501,371.6393127441406,499.5355529785156,429.1029357910156,525.6198120117188,0.2085266262292862,0.4746089875698089,0.0299289710819721,0.0241520907729864,reviewed,
936,31.19783333333333,2235,2,car,0.3905144333839416,780.8241577148438,478.5803833007813,847.716552734375,507.2194213867188,0.4240991473197937,0.4563888013362884,0.0348397903144359,0.0265176277607679,reviewed,
936,31.19783333333333,2279,2,car,0.1127070635557174,298.8987731933594,497.0571594238281,375.9198913574219,530.7232666015625,0.1757340282201767,0.4758242666721344,0.0401151664555072,0.0311723221093416,reviewed,
936,31.19783333333333,2298,2,car,0.4235595464706421,617.4104614257812,488.9466247558594,664.7588500976562,509.1334838867188,0.3338982462882995,0.4620741009712219,0.0246606189757585,0.018691536039114,reviewed,
936,31.19783333333333,2318,2,car,0.5748563408851624,711.053955078125,485.6865539550781,759.0355224609375,507.8826293945313,0.3828358054161072,0.4599857330322265,0.0249904002994298,0.0205519217997789,reviewed,
936,31.19783333333333,2322,2,car,0.1816517412662506,1739.8477783203125,473.9379577636719,1869.04345703125,517.302978515625,0.9398154020309448,0.4589078426361084,0.0672894194722175,0.040152795612812,reviewed,
936,31.19783333333333,2329,2,car,0.6024819612503052,1400.9783935546875,475.4268493652344,1505.4862060546875,515.2036743164062,0.7568918466567993,0.4586252272129059,0.0544311515986919,0.0368303917348384,reviewed,
936,31.19783333333333,2330,2,car,0.4875547587871551,234.74978637695312,497.6312561035156,364.38671875,533.388916015625,0.1560251265764236,0.4773241281509399,0.0675192326307296,0.0331089459359645,reviewed,
936,31.19783333333333,2334,2,car,0.3918401598930359,1254.2569580078125,478.1515502929688,1342.1654052734375,506.1645202636719,0.6761516332626343,0.4557018578052521,0.0457856506109237,0.0259379353374242,reviewed,
937,31.2312,749,2,car,0.9444482326507568,791.0292358398438,429.41455078125,1261.5096435546875,761.0947875976562,0.5345153212547302,0.5511617064476013,0.2450418770313263,0.3071113228797912,reviewed,
937,31.2312,1292,2,car,0.8203517198562622,1301.984375,476.7446899414063,1437.16455078125,530.1851806640625,0.7133200168609619,0.4661712348461151,0.0704063400626182,0.0494819357991218,reviewed,
937,31.2312,2036,2,car,0.5949440598487854,453.2403869628906,491.5287780761719,522.7332763671875,519.41748046875,0.2541598081588745,0.4680306911468506,0.0361942127346992,0.0258228722959756,reviewed,
937,31.2312,2126,2,car,0.4755040109157562,104.01170349121094,489.6607971191406,170.87779235839844,537.6056518554688,0.0715858042240142,0.475586324930191,0.0348260886967182,0.0443933829665184,reviewed,
937,31.2312,2129,2,car,0.2178552746772766,418.5540161132813,494.1546936035156,450.5933837890625,519.4058227539062,0.2263404726982116,0.4692409932613373,0.0166871715337038,0.0233806744217872,reviewed,
937,31.2312,2234,2,car,0.7600420713424683,3.427063226699829,504.8663635253906,141.7306365966797,573.6812744140625,0.0378014855086803,0.4993276000022888,0.0720331147313118,0.0637175068259239,reviewed,
937,31.2312,2172,2,car,0.3563377261161804,336.796630859375,496.4236450195313,377.2048645019531,524.7601928710938,0.1859378814697265,0.4727703034877777,0.0210459548979997,0.0262375436723232,reviewed,
937,31.2312,2092,2,car,0.4823276698589325,372.5118713378906,499.5803833007813,430.0380554199219,525.3099365234375,0.2089973837137222,0.4744862914085388,0.0299615543335676,0.0238236598670482,reviewed,
937,31.2312,2235,2,car,0.573572039604187,786.7763061523438,478.5828247070313,851.7579956054688,507.2691650390625,0.4267016351222992,0.4564129710197449,0.033844631165266,0.0265614259988069,reviewed,
937,31.2312,2279,2,car,0.2270714044570922,300.0956115722656,496.4193115234375,377.5870971679688,530.3052368164062,0.1764798760414123,0.4753354787826538,0.0403601489961147,0.0313758552074432,reviewed,
937,31.2312,2298,2,car,0.421025663614273,617.2280883789062,488.5493469238281,665.0485229492188,509.0576477050781,0.3339262008666992,0.4618550837039947,0.0249064769595861,0.0189891681075096,reviewed,
937,31.2312,2318,2,car,0.6000144481658936,711.9486694335938,485.6705932617188,759.5736694335938,507.8769226074219,0.3832089304924011,0.4599756896495819,0.0248046871274709,0.0205614157021045,reviewed,
937,31.2312,2329,2,car,0.6313486099243164,1409.4287109375,474.7444763183594,1513.2047119140625,515.1826782226562,0.7611024379730225,0.4582996070384979,0.0540500022470951,0.0374427810311317,reviewed,
937,31.2312,2330,2,car,0.2923612594604492,235.69900512695312,497.0180969238281,365.8615417480469,533.22314453125,0.1566563993692398,0.4769635200500488,0.0677929893136024,0.0335231907665729,reviewed,
937,31.2312,2334,2,car,0.3965099155902862,1251.1435546875,480.0838623046875,1335.994873046875,506.2527465820313,0.6737339496612549,0.4566373229026794,0.0441933944821357,0.0242304485291242,reviewed,
938,31.264566666666667,749,2,car,0.9464619755744934,792.7593994140625,429.7530822753906,1263.3409423828125,761.570068359375,0.5354427695274353,0.5515384674072266,0.2450945526361465,0.3072379529476166,reviewed,
938,31.264566666666667,1292,2,car,0.8509922623634338,1304.4486083984375,476.7131042480469,1439.171875,530.0137939453125,0.7144845128059387,0.4660772681236267,0.0701683685183525,0.0493524894118309,reviewed,
938,31.264566666666667,2036,2,car,0.5069547295570374,455.0639343261719,491.030029296875,526.2154541015625,519.3756103515625,0.2555415034294128,0.4677803814411163,0.0370580814778804,0.0262459088116884,reviewed,
938,31.264566666666667,2126,2,car,0.2819024622440338,106.09003448486328,489.23974609375,171.2029571533203,537.5065307617188,0.0722117200493812,0.4753455221652984,0.0339129790663719,0.0446914657950401,reviewed,
938,31.264566666666667,2129,2,car,0.1963264644145965,418.9234008789063,493.7521362304688,453.7518615722656,519.2454223632812,0.2272591888904571,0.4689803421497345,0.0181398224085569,0.0236048940569162,reviewed,
938,31.264566666666667,2234,2,car,0.7332146167755127,2.2531559467315674,504.4178161621094,141.91259765625,574.1498413085938,0.0375431664288044,0.4993368685245514,0.0727392882108688,0.0645666867494583,reviewed,
938,31.264566666666667,2172,2,car,0.2134479284286499,339.2508850097656,497.5757751464844,378.5646057128906,524.7381591796875,0.1869311183691024,0.4732935130596161,0.0204758960753679,0.0251503549516201,reviewed,
938,31.264566666666667,2092,2,car,0.3633203208446502,375.15374755859375,497.6551818847656,432.5830383300781,524.6593017578125,0.2103481292724609,0.4732937216758728,0.0299110896885395,0.0250038150697946,reviewed,
938,31.264566666666667,2235,2,car,0.500756025314331,792.7531127929688,477.9768676757813,855.8041381835938,507.5418090820313,0.4293117821216583,0.4562586545944214,0.0328390747308731,0.0273749455809593,reviewed,
938,31.264566666666667,2279,2,car,0.2831708192825317,300.9883728027344,497.0939331054688,371.9840698242188,531.3841552734375,0.175253227353096,0.4761472344398498,0.0369769260287284,0.0317502059042453,reviewed,
938,31.264566666666667,2298,2,car,0.3898549973964691,619.7950439453125,488.5516052246094,665.7154541015625,508.9157409667969,0.3347683548927307,0.4617904424667358,0.0239168796688318,0.0188556816428899,reviewed,
938,31.264566666666667,2318,2,car,0.5553523302078247,713.5144653320312,485.6627197265625,761.529052734375,508.0076293945313,0.3841258883476257,0.46003258228302,0.0250075981020927,0.0206897314637899,reviewed,
938,31.264566666666667,2329,2,car,0.7020508646965027,1415.1278076171875,475.9974670410156,1523.7279052734375,515.2940063476562,0.7653270363807678,0.4589312374591827,0.0565625503659248,0.0363856852054595,reviewed,
938,31.264566666666667,2330,2,car,0.1471487581729889,238.97637939453125,497.04779052734375,365.5994262695313,532.4923706054688,0.1574416160583496,0.4766389727592468,0.0659495070576667,0.0328190550208091,reviewed,
938,31.264566666666667,2334,2,car,0.1356334090232849,1245.3328857421875,481.9915161132813,1331.4580078125,506.17425537109375,0.671039342880249,0.4574841558933258,0.0448568351566791,0.0223914254456758,reviewed,
938,31.264566666666667,2337,7,truck,0.3846123516559601,1713.0858154296875,432.6654968261719,1919.7081298828125,521.0504150390625,0.9460400938987732,0.4415351450443268,0.1076157912611961,0.081837885081768,reviewed,
938,31.264566666666667,2322,2,car,0.2523888349533081,1716.841064453125,473.8666076660156,1872.135498046875,518.7177124023438,0.9346293210983276,0.4595297873020172,0.0808825194835662,0.0415288023650646,reviewed,
939,31.297933333333333,749,2,car,0.9433879256248474,794.3138427734375,430.2633361816406,1264.655517578125,761.878662109375,0.5361899137496948,0.551917552947998,0.2449696213006973,0.3070512413978576,reviewed,
939,31.297933333333333,1292,2,car,0.8077001571655273,1303.783935546875,476.6932067871094,1440.0296630859375,530.5492553710938,0.7145347595214844,0.4663159549236297,0.0709613189101219,0.049866709858179,reviewed,
939,31.297933333333333,2036,2,car,0.4722190201282501,457.0737915039063,490.9266357421875,527.5394897460938,519.3739013671875,0.2564097046852112,0.4677317440509796,0.0367008857429027,0.0263400599360466,reviewed,
939,31.297933333333333,2126,2,car,0.3696045577526092,110.10710906982422,490.15570068359375,173.06130981445312,537.9501953125,0.0737417787313461,0.475974977016449,0.0327886454761028,0.0442541614174842,reviewed,
939,31.297933333333333,2129,2,car,0.205635592341423,420.2433471679688,494.0836486816406,453.92974853515625,519.9461669921875,0.2276492416858673,0.4694582223892212,0.0175450015813112,0.0239467769861221,reviewed,
939,31.297933333333333,2234,2,car,0.7200974822044373,2.6496803760528564,504.2626953125,142.7135009765625,574.7816162109375,0.0378549918532371,0.4995575547218323,0.0729499086737632,0.0652952939271926,reviewed,
939,31.297933333333333,2172,2,car,0.235755056142807,340.29302978515625,497.4411926269531,380.58148193359375,524.6370849609375,0.1877277344465255,0.4731843769550323,0.0209835693240165,0.0251813810318708,reviewed,
939,31.297933333333333,2092,2,car,0.3082543015480041,376.38323974609375,496.57916259765625,443.8659362792969,525.1915893554688,0.2136065512895584,0.4730420112609863,0.035147238522768,0.0264929868280887,reviewed,
939,31.297933333333333,2235,2,car,0.4983100891113281,798.575927734375,477.5074157714844,860.3184204101562,507.6494445800781,0.4320037066936493,0.4560911357402801,0.0321575477719306,0.0279092863202095,reviewed,
939,31.297933333333333,2279,2,car,0.1012833043932914,301.6065673828125,497.1373596191406,377.66845703125,531.068115234375,0.1768945306539535,0.4760210514068603,0.0396155677735805,0.031417366117239,reviewed,
939,31.297933333333333,2298,2,car,0.4107784330844879,620.9378051757812,488.8758850097656,667.2175903320312,509.4285583496094,0.3354571461677551,0.4621779918670654,0.0241040550172328,0.0190302524715662,reviewed,
939,31.297933333333333,2318,2,car,0.5534166693687439,715.10791015625,486.2163696289063,758.7139282226562,508.29632568359375,0.3838077485561371,0.460422545671463,0.0227114669978618,0.0204444043338298,reviewed,
939,31.297933333333333,2329,2,car,0.737663209438324,1419.39306640625,476.9456481933594,1534.6724853515625,516.3550415039062,0.7692878842353821,0.4598614275455475,0.0600413642823696,0.0364901795983314,reviewed,
939,31.297933333333333,2330,2,car,0.41468146443367,241.58663940429688,497.5398254394531,373.321044921875,532.88037109375,0.1601322144269943,0.4770463705062866,0.068611666560173,0.0327227264642715,reviewed,
939,31.297933333333333,2334,2,car,0.2417574673891067,1240.15625,481.1941223144531,1329.610595703125,506.5519714355469,0.6692101359367371,0.457289844751358,0.0465908050537109,0.0234794896095991,reviewed,
939,31.297933333333333,2322,2,car,0.6382250785827637,1708.9158935546875,472.743896484375,1872.9765625,518.038330078125,0.9327844977378844,0.4586954712867737,0.0854482650756836,0.0419392921030521,reviewed,
940,31.3313,749,2,car,0.944963037967682,794.782958984375,431.7429809570313,1265.6611328125,762.3587646484375,0.5365740060806274,0.5528249144554138,0.2452490478754043,0.3061257302761078,reviewed,
940,31.3313,1292,2,car,0.7917577028274536,1303.47216796875,475.8927307128906,1441.150146484375,530.599365234375,0.7147454023361206,0.4659685492515564,0.0717072784900665,0.0506542921066284,reviewed,
940,31.3313,2036,2,car,0.5447528958320618,457.98486328125,491.2017517089844,529.299560546875,519.8840942382812,0.2571053206920624,0.4680952727794647,0.0371430702507495,0.0265577249228954,reviewed,
940,31.3313,2126,2,car,0.2306796908378601,108.09234619140624,490.6217651367188,173.65744018554688,538.7451171875,0.0733723416924476,0.4765587747097015,0.0341484881937503,0.0445586591958999,reviewed,
940,31.3313,2129,2,car,0.3497239947319031,420.2159118652344,494.32171630859375,455.1517333984375,520.6807861328125,0.2279603332281112,0.4699085652828216,0.018195740878582,0.0244065467268228,reviewed,
940,31.3313,2234,2,car,0.8274495005607605,4.071088790893555,504.1812438964844,143.3308868408203,576.0986938476562,0.0383859314024448,0.5001295804977417,0.0725311413407325,0.0665902346372604,reviewed,
940,31.3313,2172,2,car,0.1737439036369323,342.8632202148437,497.4326477050781,381.959228515625,524.33349609375,0.1887558400630951,0.4730398654937744,0.0203625038266181,0.0249081924557685,reviewed,
940,31.3313,2092,2,car,0.3224380612373352,377.18206787109375,497.8809509277344,445.7139587402344,525.777099609375,0.2142958343029022,0.4739157855510711,0.0356936939060688,0.0258297678083181,reviewed,
940,31.3313,2235,2,car,0.450864166021347,803.8445434570312,477.2023315429688,862.6513061523438,507.2724914550781,0.4339832961559295,0.4557754099369049,0.0306285228580236,0.027842741459608,reviewed,
940,31.3313,2279,2,car,0.1566631346940994,301.0718994140625,497.6532287597656,382.1642761230469,532.4818115234375,0.17792609333992,0.4769143462181091,0.0422356128692626,0.0322486869990825,reviewed,
940,31.3313,2298,2,car,0.4817892909049988,620.7456665039062,489.5906372070313,668.67333984375,509.7929992675781,0.3357861936092376,0.4626776278018951,0.0249623302370309,0.0187058914452791,reviewed,
940,31.3313,2318,2,car,0.4783308207988739,715.81591796875,486.2496643066406,769.2513427734375,508.1988830566406,0.3867362737655639,0.4603928327560425,0.0278309509158134,0.0203233510255813,reviewed,
940,31.3313,2329,2,car,0.71657395362854,1422.3514404296875,476.77685546875,1545.6812744140625,516.7604370117188,0.7729251980781555,0.4599709808826446,0.0642342865467071,0.0370218344032764,reviewed,
940,31.3313,2330,2,car,0.3049335479736328,245.0574188232422,496.4343872070313,380.4330139160156,533.0965576171875,0.1628881245851516,0.4766347110271454,0.0705081224441528,0.0339464545249938,reviewed,
940,31.3313,2334,2,car,0.4537059664726257,1236.0111083984375,480.3653564453125,1324.172607421875,506.9978942871094,0.6667144894599915,0.4571126401424408,0.045917447656393,0.0246597565710544,reviewed,
940,31.3313,2322,2,car,0.6655833721160889,1701.55078125,471.7359924316406,1870.201904296875,517.6489868164062,0.93014395236969,0.4580486118793487,0.087839126586914,0.0425120331346988,reviewed,
941,31.36466666666667,749,2,car,0.9469177722930908,794.9022216796875,432.7665710449219,1266.03515625,762.6338500976562,0.5367024540901184,0.5534260869026184,0.2453817427158355,0.3054326772689819,reviewed,
941,31.36466666666667,1292,2,car,0.7743017077445984,1305.0433349609375,475.9776916503906,1441.2679443359375,530.7657470703125,0.7151852250099182,0.4660848975181579,0.0709503144025802,0.0507296808063983,reviewed,
941,31.36466666666667,2036,2,car,0.5484253168106079,457.5505676269531,491.6787109375,529.7796630859375,520.4935913085938,0.2571172416210174,0.4685982763767242,0.0376193188130855,0.0266804452985525,reviewed,
941,31.36466666666667,2126,2,car,0.4125542044639587,107.72290802001952,492.9287414550781,173.88307189941406,539.5496826171875,0.0733348950743675,0.4779992699623108,0.0344584174454212,0.0431675389409065,reviewed,
941,31.36466666666667,2129,2,car,0.3100564777851105,420.485595703125,494.6749877929688,456.4109802246094,521.2095947265625,0.2283584922552108,0.4703169465065002,0.0187111385166645,0.0245690811425447,reviewed,
941,31.36466666666667,2234,2,car,0.843521237373352,5.315727710723877,504.8981628417969,143.395263671875,576.9537963867188,0.0387268215417861,0.5008573532104492,0.0719164237380027,0.0667181760072708,reviewed,
941,31.36466666666667,2172,2,car,0.1917457431554794,344.5793151855469,497.4693908691406,381.9718322753906,524.929931640625,0.1892060339450836,0.4733330011367798,0.019475270062685,0.0254264269024133,reviewed,
941,31.36466666666667,2092,2,car,0.4215339422225952,378.2487182617188,500.0961608886719,444.6754455566406,526.3960571289062,0.2143031805753708,0.4752278625965118,0.0345972552895545,0.024351755157113,reviewed,
941,31.36466666666667,2235,2,car,0.4808112382888794,808.462646484375,477.3064270019531,863.7200317382812,508.373046875,0.4354642331600189,0.4563330709934234,0.0287798885256052,0.0287653896957635,reviewed,
941,31.36466666666667,2279,2,car,0.2338117510080337,303.2132568359375,498.4598388671875,382.3968505859375,533.2071533203125,0.1785442978143692,0.4776236116886139,0.041241455823183,0.0321734398603439,reviewed,
941,31.36466666666667,2298,2,car,0.4450960755348205,622.0497436523438,490.9476623535156,669.2304077148438,510.0198974609375,0.3362708687782287,0.463410884141922,0.0245732627809047,0.0176594760268926,reviewed,
941,31.36466666666667,2318,2,car,0.5233180522918701,716.2406005859375,486.41546630859375,771.07958984375,508.3643493652344,0.3873229622840881,0.4605461955070495,0.0285619739443063,0.0203230399638414,reviewed,
941,31.36466666666667,2329,2,car,0.6763696074485779,1425.78857421875,477.5181884765625,1556.4942626953125,517.0994873046875,0.7766361236572266,0.4604711532592773,0.068075880408287,0.0366493500769138,reviewed,
941,31.36466666666667,2330,2,car,0.2085757553577423,245.68487548828125,496.1581115722656,381.87054443359375,533.2985229492188,0.1634258925914764,0.47660031914711,0.0709300339221954,0.0343892686069011,reviewed,
941,31.36466666666667,2334,2,car,0.4191302955150604,1226.6102294921875,478.0894165039063,1319.233154296875,507.2602233886719,0.6629800200462341,0.4561803638935089,0.0482411049306392,0.0270100068300962,reviewed,
941,31.36466666666667,2322,2,car,0.602696418762207,1695.346435546875,471.7094421386719,1862.3837890625,517.1389770507812,0.9264922738075256,0.4578001797199249,0.0869986191391944,0.0420643836259841,reviewed,
941,31.36466666666667,2342,2,car,0.5186100006103516,748.3250122070312,485.204833984375,785.80029296875,507.1976013183594,0.3995117843151092,0.459445595741272,0.0195183753967285,0.0203636735677719,reviewed,
941,31.36466666666667,2162,2,car,0.4623801112174988,716.1885986328125,486.7210693359375,755.1113891601562,508.3089599609375,0.3831510543823242,0.4606620371341705,0.0202722866088151,0.0199887882918119,reviewed,
941,31.36466666666667,2301,2,car,0.5285484194755554,730.9253540039062,485.5296020507813,784.7987060546875,507.6480407714844,0.3947198092937469,0.4598044455051422,0.0280590374022722,0.0204800367355346,reviewed,
942,31.39803333333333,749,2,car,0.9458561539649964,794.8442993164062,433.17095947265625,1265.8507080078125,762.92138671875,0.5366393327713013,0.5537464022636414,0.2453158348798751,0.3053244650363922,reviewed,
942,31.39803333333333,1292,2,car,0.8019766807556152,1305.69580078125,476.0653381347656,1441.0003662109375,530.9436645507812,0.7152854800224304,0.466207891702652,0.0704711303114891,0.0508132651448249,reviewed,
942,31.39803333333333,2036,2,car,0.5160012245178223,456.80084228515625,493.1544799804688,530.708740234375,520.973388671875,0.257163941860199,0.46950364112854,0.0384936966001987,0.0257582496851682,reviewed,
942,31.39803333333333,2126,2,car,0.456396996974945,108.80593872070312,493.9909362792969,175.18479919433594,539.951171875,0.0739559158682823,0.4786769151687622,0.0345723219215869,0.0425557754933834,reviewed,
942,31.39803333333333,2129,2,car,0.4063978791236877,420.9285583496094,495.863037109375,457.0587768554688,522.7969360351562,0.2286425232887268,0.4716018438339233,0.0188178215175867,0.0249387957155704,reviewed,
942,31.39803333333333,2234,2,car,0.7910287380218506,7.538128852844238,505.7017211914063,143.3417205810547,577.6470336914062,0.0392916277050972,0.5015503764152527,0.0707310363650322,0.0666160285472869,reviewed,
942,31.39803333333333,2172,2,car,0.1966922134160995,340.4171447753906,498.0729370117188,381.8763122558594,525.9720458984375,0.1880972534418106,0.4740948677062988,0.021593315526843,0.0258325077593326,reviewed,
942,31.39803333333333,2092,2,car,0.3901812434196472,378.4472351074219,500.7798767089844,441.3485412597656,526.60400390625,0.2134884893894195,0.4756407141685486,0.0327610969543457,0.023911228403449,reviewed,
942,31.39803333333333,2235,2,car,0.4580191671848297,812.5781860351562,477.4743957519531,864.5310668945312,508.8271179199219,0.4367471933364868,0.4566210806369781,0.0270587913691997,0.0290302988141775,reviewed,
942,31.39803333333333,2279,2,car,0.3351038992404938,305.06005859375,499.1352233886719,382.59173583984375,534.21044921875,0.1790759861469268,0.4784007966518402,0.0403810814023017,0.0324770621955394,reviewed,
942,31.39803333333333,2298,2,car,0.4281729161739349,621.200927734375,492.3697814941406,669.7869873046875,510.5398864746094,0.336194783449173,0.4643100202083587,0.0253052394837141,0.0168241709470748,reviewed,
942,31.39803333333333,2318,2,car,0.5416325926780701,716.3143920898438,487.116455078125,775.6641235351562,508.90570068359375,0.3885360658168793,0.4611213803291321,0.0309113189578056,0.020175227895379,reviewed,
942,31.39803333333333,2329,2,car,0.7759715914726257,1432.686767578125,478.3870849609375,1566.4453125,517.3463745117188,0.7810239791870117,0.4609877169132232,0.0696659088134765,0.0360734164714813,reviewed,
942,31.39803333333333,2330,5,bus,0.1811646521091461,245.1407012939453,480.5177307128906,392.49609375,534.4390869140625,0.1660512387752533,0.4698874056339264,0.0767476037144661,0.049927182495594,reviewed,
942,31.39803333333333,2334,2,car,0.661403477191925,1223.2220458984375,477.39398193359375,1316.6177978515625,508.39056396484375,0.6614166498184204,0.4563817381858825,0.048643622547388,0.0287005398422479,reviewed,
942,31.39803333333333,2322,2,car,0.6229397058486938,1689.9130859375,471.5665893554688,1853.3726806640625,516.2592163085938,0.9227306246757508,0.4573267698287964,0.085135206580162,0.0413820631802082,reviewed,
942,31.39803333333333,2342,2,car,0.6179990768432617,748.02734375,485.8749694824219,782.6408081054688,507.3523559570313,0.3986115157604217,0.4598274528980255,0.0180278457701206,0.0198864694684743,reviewed,
942,31.39803333333333,2162,2,car,0.4900311529636383,716.2135009765625,487.5611877441406,753.4968872070312,508.8720703125,0.3827371001243591,0.4613116681575775,0.019418429583311,0.0197322983294725,reviewed,
942,31.39803333333333,2301,2,car,0.170426145195961,733.2247314453125,485.2780456542969,782.0989379882812,508.1827392578125,0.3946155607700348,0.459935575723648,0.0254553165286779,0.0212080497294664,reviewed,
943,31.4314,749,2,car,0.9470611214637756,794.5822143554688,433.924072265625,1265.1650390625,762.2188720703125,0.5363925099372864,0.5537698864936829,0.2450952231884002,0.3039766550064087,reviewed,
943,31.4314,1292,2,car,0.8186286091804504,1304.7264404296875,476.20703125,1440.580078125,530.5855102539062,0.714923620223999,0.4661076664924621,0.0707571059465408,0.0503504425287246,reviewed,
943,31.4314,2036,2,car,0.540791928768158,456.9554138183594,493.85491943359375,530.1296997070312,521.0652465820312,0.257053405046463,0.4698704481124878,0.0381116084754467,0.0251947473734617,reviewed,
943,31.4314,2126,2,car,0.5378896594047546,107.0840072631836,493.7176513671875,175.5161895751953,539.4898071289062,0.0735938027501106,0.4783368110656738,0.0356417633593082,0.0423816256225109,reviewed,
943,31.4314,2129,2,car,0.4144310355186462,420.68560791015625,496.5334777832031,456.4755554199219,523.3748168945312,0.22842738032341,0.4721797704696655,0.0186405982822179,0.024853091686964,reviewed,
943,31.4314,2234,2,car,0.8512586951255798,9.16600227355957,506.7695617675781,141.55751037597656,579.34716796875,0.0392509140074253,0.5028318166732788,0.0689539089798927,0.0672014877200126,reviewed,
943,31.4314,2172,2,car,0.2188429683446884,342.3448791503906,498.3199768066406,381.4437255859375,526.49365234375,0.1884866058826446,0.4744507372379303,0.0203639827668666,0.0260867364704608,reviewed,
943,31.4314,2092,2,car,0.4136069118976593,377.6313171386719,500.8639221191406,437.6393737792969,526.71875,0.2123100757598877,0.4757327139377594,0.031254194676876,0.0239396560937166,reviewed,
943,31.4314,2235,2,car,0.4611663222312927,816.8117065429688,477.5480346679688,864.6013793945312,508.6197814941406,0.4378679990768432,0.4565591812133789,0.0248904544860124,0.0287701357156038,reviewed,
943,31.4314,2279,2,car,0.1655234843492508,297.0968017578125,497.6416931152344,383.1095886230469,533.971435546875,0.177137091755867,0.4775986969470978,0.0447983257472515,0.0336386486887931,reviewed,
943,31.4314,2298,2,car,0.4523183405399322,620.3426513671875,492.6289978027344,669.0093383789062,510.9768371582031,0.3357687592506408,0.4646323323249817,0.0253472328186035,0.0169887393712997,reviewed,
943,31.4314,2318,2,car,0.3303194940090179,716.2661743164062,487.3858337402344,777.7106323242188,507.9392700195313,0.3890564739704132,0.4607986509799957,0.0320023223757743,0.0190309602767229,reviewed,
943,31.4314,2329,2,car,0.796872615814209,1437.943115234375,478.1233520507813,1576.0216064453125,517.1051635742188,0.7848866581916809,0.4607539474964142,0.0719158798456192,0.0360942706465721,reviewed,
943,31.4314,2330,5,bus,0.1585438549518585,244.5076141357422,476.3094177246094,394.2546691894531,534.9130249023438,0.1663443446159362,0.4681585133075714,0.0779932588338851,0.054262600839138,reviewed,
943,31.4314,2334,2,car,0.7848337292671204,1213.3756103515625,476.1238098144531,1310.81787109375,507.5288696289063,0.6573420166969299,0.4553947746753692,0.0507511757314205,0.029078759253025,reviewed,
943,31.4314,2322,2,car,0.7012787461280823,1683.45458984375,470.7972106933594,1841.9876708984373,515.86669921875,0.9180839657783508,0.4567888677120209,0.0825693160295486,0.0417310073971748,reviewed,
943,31.4314,2342,2,car,0.60945063829422,747.8018798828125,486.6054382324219,779.189208984375,508.0910034179688,0.3976539373397827,0.4605076014995575,0.0163475666195154,0.019894041121006,reviewed,
943,31.4314,2162,2,car,0.5199416875839233,715.7723999023438,487.907958984375,759.2767944335938,509.0218505859375,0.3841274082660675,0.4615415930747986,0.0226585380733013,0.0195498988032341,reviewed,
944,31.464766666666662,749,2,car,0.9458729028701782,792.7823486328125,434.0544128417969,1263.2191162109375,761.628662109375,0.5354170203208923,0.5535569787025452,0.2450191527605056,0.3033095002174377,reviewed,
944,31.464766666666662,1292,2,car,0.8343235850334167,1303.6837158203125,476.1947326660156,1437.9044189453125,529.7071533203125,0.7139552235603333,0.4656952917575836,0.0699066147208213,0.0495485365390777,reviewed,
944,31.464766666666662,2036,2,car,0.4848595857620239,454.6507263183594,493.836181640625,530.7980346679688,520.8543701171875,0.2566272616386413,0.4697641432285309,0.0396600551903247,0.0250168405473232,reviewed,
944,31.464766666666662,2126,2,car,0.5488985776901245,105.01634216308594,494.0133666992188,173.08468627929688,539.7615966796875,0.0724221393465995,0.478599488735199,0.0354522615671157,0.0423594713211059,reviewed,
944,31.464766666666662,2129,2,car,0.2604484260082245,418.8236083984375,496.198486328125,454.4640502929688,522.658203125,0.2274186611175537,0.4716929197311401,0.0185627304017543,0.0244997385889291,reviewed,
944,31.464766666666662,2234,2,car,0.8794366121292114,8.02038860321045,507.9283142089844,137.22508239746094,580.8701171875,0.0378243401646614,0.5040733814239502,0.0672941133379936,0.06753870844841,reviewed,
944,31.464766666666662,2172,2,car,0.1607800722122192,327.29058837890625,498.5505981445313,379.2469482421875,528.0042724609375,0.1839941442012787,0.4752569198608398,0.0270606037229299,0.0272719208151102,reviewed,
944,31.464766666666662,2092,2,car,0.180170327425003,375.749755859375,500.467041015625,439.1274108886719,525.9335327148438,0.2122076004743576,0.4751854836940765,0.0330091938376426,0.0235800854861736,reviewed,
944,31.464766666666662,2235,2,car,0.5418113470077515,818.9541625976562,477.7374267578125,862.800048828125,507.9974060058594,0.4379568099975586,0.4563587307929992,0.022836398333311,0.0280184987932443,reviewed,
944,31.464766666666662,2279,2,car,0.2077755331993103,298.908203125,498.4672546386719,380.1287841796875,534.2362670898438,0.1768325418233871,0.4781034588813782,0.0423023849725723,0.0331194549798965,reviewed,
944,31.464766666666662,2298,2,car,0.3285681307315826,618.1051635742188,492.8364562988281,667.5367431640625,511.2027282714844,0.3348025679588318,0.4648329615592956,0.0257456135004758,0.0170058067888021,reviewed,
944,31.464766666666662,2318,2,car,0.4024648070335388,714.1655883789062,487.31939697265625,775.5523681640625,508.5378112792969,0.3879474103450775,0.4610449969768524,0.0319722816348075,0.0196466799825429,reviewed,
944,31.464766666666662,2329,2,car,0.7076483964920044,1443.2412109375,476.50384521484375,1583.67041015625,516.2239990234375,0.7882582545280457,0.4595962166786194,0.0731402114033699,0.0367779210209846,reviewed,
944,31.464766666666662,2330,5,bus,0.1670584976673126,242.74693298339844,471.1871643066406,410.3188171386719,534.9066772460938,0.1700692027807235,0.4657841920852661,0.0872770249843597,0.0589995495975017,reviewed,
944,31.464766666666662,2334,2,car,0.6164588332176208,1205.1854248046875,475.1895446777344,1304.2247314453125,506.6495056152344,0.6534922122955322,0.4545551240444183,0.0515829734504222,0.0291295927017927,reviewed,
944,31.464766666666662,2322,2,car,0.6368585824966431,1666.696044921875,470.1133728027344,1830.4560546875,514.6624145507812,0.910716712474823,0.455914705991745,0.0852916687726974,0.0412491112947464,reviewed,
944,31.464766666666662,2342,2,car,0.5185887813568115,750.9304809570312,487.5618286132813,775.7542114257812,507.7406311035156,0.3975741267204284,0.4607881903648376,0.0129290260374546,0.0186840761452913,reviewed,
944,31.464766666666662,2162,2,car,0.5029560923576355,714.14794921875,487.9741821289063,756.2457885742188,509.0491638183594,0.382915049791336,0.4615848660469055,0.0219259578734636,0.0195138715207576,reviewed,
945,31.49813333333333,749,2,car,0.9446814656257628,790.0270385742188,433.193359375,1260.0384521484375,761.8865356445312,0.5338712334632874,0.5532776713371277,0.2447976171970367,0.3043455481529236,reviewed,
945,31.49813333333333,1292,2,car,0.8008841276168823,1301.9210205078125,475.76275634765625,1434.77294921875,529.3320922851562,0.7126806974411011,0.4653216898441314,0.0691937133669853,0.0496012382209301,reviewed,
945,31.49813333333333,2036,2,car,0.5462212562561035,453.1427001953125,495.2185974121094,524.6002807617188,521.9554443359375,0.2546205818653106,0.4709139168262481,0.0372174903750419,0.0247563403099775,reviewed,
945,31.49813333333333,2126,2,car,0.4028143882751465,103.16427612304688,495.42376708984375,169.34365844726562,542.051513671875,0.0709656104445457,0.4803126454353332,0.0344684273004531,0.0431738384068012,reviewed,
945,31.49813333333333,2129,2,car,0.3624789416790008,416.193115234375,496.4273986816406,451.5836486816406,523.6171264648438,0.2259835302829742,0.4722428619861603,0.0184325687587261,0.0251756738871336,reviewed,
945,31.49813333333333,2234,2,car,0.8425227999687195,3.5370447635650635,509.0070495605469,132.41510009765625,581.9699096679688,0.0354042053222656,0.5050818920135498,0.0671239867806434,0.0675582066178321,reviewed,
945,31.49813333333333,2092,2,car,0.3931299149990082,372.804931640625,499.92327880859375,434.2129821777344,527.8466186523438,0.2101609259843826,0.4758194088935852,0.0319833606481552,0.0258549451828002,reviewed,
945,31.49813333333333,2235,2,car,0.2356203645467758,820.3358764648438,477.806396484375,860.9531860351562,508.0417785644531,0.437835693359375,0.4564111828804016,0.0211548488587141,0.0279957242310047,reviewed,
945,31.49813333333333,2279,2,car,0.3500155210494995,297.6024169921875,501.6333923339844,374.3375854492188,535.8198852539062,0.1749843806028366,0.4803024232387543,0.039966233074665,0.0316541604697704,reviewed,
945,31.49813333333333,2298,2,car,0.4697345495223999,614.056396484375,492.5718994140625,665.4351196289062,512.3814086914062,0.3332009017467499,0.4652561545372009,0.0267597511410713,0.0183421373367309,reviewed,
945,31.49813333333333,2318,2,car,0.5255048274993896,711.6176147460938,488.3746337890625,770.797607421875,509.13031005859375,0.3860456347465515,0.4618078470230102,0.0308229122310876,0.0192182194441556,reviewed,
945,31.49813333333333,2329,2,car,0.7498776316642761,1448.59521484375,475.5195617675781,1589.7935791015625,515.1719360351562,0.7912470698356628,0.4586534798145294,0.0735408142209053,0.0367151610553264,reviewed,
945,31.49813333333333,2334,2,car,0.7025822401046753,1195.598388671875,474.9230041503906,1293.82275390625,505.80712890625,0.648286759853363,0.4540417194366455,0.0511585250496864,0.0285964123904705,reviewed,
945,31.49813333333333,2322,2,car,0.4065140783786773,1652.088623046875,468.9432373046875,1816.7537841796875,517.058349609375,0.9033443331718444,0.4564822018146515,0.0857631042599678,0.0445510298013687,reviewed,
945,31.49813333333333,2342,2,car,0.3699008226394653,742.4921875,488.4420776367188,770.2637329101562,507.8603515625,0.3939468264579773,0.4612511098384857,0.014464346691966,0.0179798826575279,reviewed,
946,31.5315,749,2,car,0.9437339901924132,786.144287109375,430.7679443359375,1256.48681640625,761.5493774414062,0.5319351553916931,0.5519987940788269,0.2449700683355331,0.3062790930271148,reviewed,
946,31.5315,1292,2,car,0.8387755155563354,1299.8714599609375,474.0562133789063,1432.166259765625,528.7969360351562,0.7114681005477905,0.4642838537693023,0.0689035430550575,0.0506858527660369,reviewed,
946,31.5315,2036,2,car,0.4054089784622192,447.2373962402344,495.16259765625,521.1625366210938,521.2703247070312,0.2521874606609344,0.4705708026885986,0.0385026782751083,0.0241738222539424,reviewed,
946,31.5315,2126,2,car,0.4023898243904114,98.02879333496094,494.4670715332031,164.8006591796875,541.0599365234375,0.0684451758861541,0.4794106483459472,0.0347770117223262,0.0431415401399135,reviewed,
946,31.5315,2129,2,car,0.1712171733379364,412.84478759765625,496.7133483886719,447.7732238769531,522.0682983398438,0.2241192758083343,0.4716581702232361,0.0181918945163488,0.023476805537939,reviewed,
946,31.5315,2234,2,car,0.8738730549812317,0.478271335363388,507.5547790527344,126.56494140625,581.220458984375,0.0330841690301895,0.5040626525878906,0.0656701400876045,0.0682089626789093,reviewed,
946,31.5315,2092,2,car,0.1722936630249023,368.9537048339844,498.9889221191406,429.3524169921875,527.25439453125,0.2078922241926193,0.475112646818161,0.0314576625823974,0.0261717345565557,reviewed,
946,31.5315,2235,2,car,0.2871366739273071,822.385986328125,477.1243591308594,857.9005126953125,507.42327880859375,0.4375745952129364,0.455809086561203,0.0184971485286951,0.0280545558780431,reviewed,
946,31.5315,2279,2,car,0.3544027507305145,294.9123840332031,500.8891296386719,368.7432861328125,535.7262573242188,0.1728269904851913,0.479914516210556,0.0384535938501358,0.0322565995156765,reviewed,
946,31.5315,2298,2,car,0.372913658618927,613.1295776367188,491.3952026367188,663.2352294921875,511.85931396484375,0.3323866426944732,0.4644696712493896,0.0260966941714286,0.0189482513815164,reviewed,
946,31.5315,2318,2,car,0.4752333462238312,709.0593872070312,486.9119567871094,766.8317260742188,508.7353210449219,0.3843466341495514,0.4609478116035461,0.0300897601991891,0.02020681835711,reviewed,
946,31.5315,2329,2,car,0.7059849500656128,1454.3353271484375,475.0675048828125,1595.345703125,513.9740600585938,0.7941877841949463,0.4578896164894104,0.0734429061412811,0.0360245890915393,reviewed,
946,31.5315,2334,2,car,0.655619204044342,1188.905517578125,474.0051879882813,1283.1419677734375,504.2626953125,0.6437623500823975,0.4529018104076385,0.0490814857184886,0.0280162096023559,reviewed,
946,31.5315,2322,2,car,0.438669204711914,1638.38427734375,467.3850402832031,1802.688720703125,514.9879150390625,0.8961127400398254,0.4548022747039795,0.0855752304196357,0.0440767370164394,reviewed,
946,31.5315,2342,2,car,0.2322669476270675,744.0868530273438,486.6653442382813,766.8021850585938,506.8117370605469,0.3934606909751892,0.4599430859088897,0.0118309017270803,0.018654067069292,reviewed,
947,31.564866666666667,749,2,car,0.9449341893196106,783.500732421875,431.0026245117188,1255.451416015625,761.5225830078125,0.5309771299362183,0.5520949959754944,0.2458076477050781,0.3060370087623596,reviewed,
947,31.564866666666667,1292,2,car,0.8247919678688049,1296.9503173828125,473.0340270996094,1429.864990234375,528.0025024414062,0.7101081609725952,0.4634428322315216,0.0692263916134834,0.0508967377245426,reviewed,
947,31.564866666666667,2036,2,car,0.4915984272956848,445.3153381347656,495.7659912109375,519.8707885742188,522.3869018554688,0.2513505518436432,0.4713670909404754,0.0388309620320797,0.0246489904820919,reviewed,
947,31.564866666666667,2126,2,car,0.5170548558235168,91.6372528076172,498.0478210449219,161.18310546875,544.0581665039062,0.0658386349678039,0.4824564754962921,0.0362217985093593,0.0426021702587604,reviewed,
947,31.564866666666667,2129,2,car,0.4479179978370666,409.1632995605469,499.2238464355469,445.0795593261719,523.7930297851562,0.222459077835083,0.4736189246177673,0.0187063850462436,0.0227492433041334,reviewed,
947,31.564866666666667,2234,2,car,0.8482888340950012,0.0,510.1175231933594,122.05215454101562,582.8690185546875,0.0317844152450561,0.5060123205184937,0.0635688304901123,0.0673624947667121,reviewed,
947,31.564866666666667,2092,2,car,0.2980200946331024,366.1293029785156,498.6890869140625,437.4797973632813,528.415771484375,0.2092732042074203,0.4755115211009979,0.0371617153286933,0.0275247078388929,reviewed,
947,31.564866666666667,2235,2,car,0.182349294424057,823.84033203125,477.34222412109375,855.9293212890625,507.479248046875,0.4374400079250335,0.4559358656406402,0.0167130157351493,0.0279046520590782,reviewed,
947,31.564866666666667,2279,2,car,0.3399713933467865,292.1070556640625,502.5218505859375,367.4884033203125,536.4641723632812,0.1717696487903595,0.4810120761394501,0.0392611175775527,0.031428076326847,reviewed,
947,31.564866666666667,2298,2,car,0.4509028792381286,609.7149047851562,492.71868896484375,661.6278686523438,513.4432983398438,0.3310788571834564,0.4658157229423523,0.0270380023866891,0.0191894527524709,reviewed,
947,31.564866666666667,2318,2,car,0.5333561301231384,706.5371704101562,487.5307312011719,764.6453247070312,509.3816528320313,0.383120447397232,0.4615334868431091,0.0302646644413471,0.0202323347330093,reviewed,
947,31.564866666666667,2329,2,car,0.7619757056236267,1461.945556640625,473.1315612792969,1603.1031494140625,513.2587280273438,0.7981898188591003,0.4566621482372284,0.073519580066204,0.0371547825634479,reviewed,
947,31.564866666666667,2334,2,car,0.744559645652771,1179.9075927734375,473.5206298828125,1275.225341796875,503.41217041015625,0.6393575072288513,0.4522837102413177,0.0496446602046489,0.0276773516088724,reviewed,
947,31.564866666666667,2322,2,car,0.6239858865737915,1628.6246337890625,465.4015808105469,1789.5123291015625,516.4046630859375,0.8901398181915283,0.454539954662323,0.0837956741452217,0.0472250767052173,reviewed,
947,31.564866666666667,2342,2,car,0.1561885923147201,746.1765747070312,486.4171447753906,764.3963623046875,506.80224609375,0.3933783769607544,0.4598237872123718,0.0094894729554653,0.0188750941306352,reviewed,
948,31.598233333333333,749,2,car,0.9455474615097046,783.9269409179688,431.6197204589844,1256.514892578125,761.9397583007812,0.5313650965690613,0.5525738000869751,0.2461395561695099,0.3058518767356872,reviewed,
948,31.598233333333333,1292,2,car,0.8484143614768982,1298.3389892578125,473.1998596191406,1430.6898193359375,528.795654296875,0.710684597492218,0.4638867974281311,0.0689327269792556,0.0514775887131691,reviewed,
948,31.598233333333333,2036,2,car,0.4372606575489044,445.6052551269531,495.5676574707031,520.418212890625,522.5457763671875,0.2515686154365539,0.4713487923145294,0.0389650836586952,0.0249797403812408,reviewed,
948,31.598233333333333,2126,2,car,0.5328844785690308,90.8331527709961,498.5441284179688,161.53057861328125,544.4214477539062,0.065719723701477,0.482854425907135,0.0368215776979923,0.0424790009856224,reviewed,
948,31.598233333333333,2129,2,car,0.2533930838108063,410.08447265625,499.3839111328125,446.04339599609375,523.9172973632812,0.2229499667882919,0.4737505614757538,0.0187286064028739,0.0227160975337028,reviewed,
948,31.598233333333333,2234,2,car,0.8675463199615479,0.1154856607317924,510.260009765625,120.8996124267578,583.2288208007812,0.0315143503248691,0.5062447786331177,0.0629083961248397,0.0675637125968933,reviewed,
948,31.598233333333333,2092,2,car,0.275026261806488,367.1986999511719,498.86328125,438.5169372558594,528.4566040039062,0.2098217755556106,0.4756110310554504,0.0371449142694473,0.0274012256413698,reviewed,
948,31.598233333333333,2235,2,car,0.3452367484569549,828.5297241210938,477.7378540039063,856.2259521484375,507.2794494628906,0.4387384355068207,0.456026554107666,0.0144251184538006,0.0273533295840024,reviewed,
948,31.598233333333333,2279,2,car,0.3135484457015991,290.4433288574219,502.4551696777344,369.6263732910156,536.3834228515625,0.1718931496143341,0.4809437990188598,0.04124116897583,0.0314150489866733,reviewed,
948,31.598233333333333,2298,2,car,0.3810391724109649,609.91943359375,493.0535583496094,663.0140380859375,513.7977905273438,0.331493079662323,0.4661348760128021,0.0276534389704465,0.0192076228559017,reviewed,
948,31.598233333333333,2318,2,car,0.5131217241287231,707.344970703125,487.9544982910156,764.0916137695312,509.555419921875,0.3831866085529327,0.4618101418018341,0.0295555423945188,0.0200008526444435,reviewed,
948,31.598233333333333,2329,2,car,0.7555530071258545,1472.28466796875,474.32073974609375,1614.28759765625,513.853515625,0.8037948608398438,0.457488089799881,0.073959857225418,0.0366044230759143,reviewed,
948,31.598233333333333,2334,2,car,0.7198489308357239,1178.991943359375,473.833740234375,1269.720703125,503.7714538574219,0.6376855969429016,0.4525950253009796,0.0472545623779296,0.0277201049029827,reviewed,
948,31.598233333333333,2322,7,truck,0.3648100197315216,1618.0286865234375,463.20892333984375,1780.4532470703125,516.2930297851562,0.8850213289260864,0.4534731209278106,0.0845961272716522,0.0491519495844841,reviewed,
948,31.598233333333333,2342,2,car,0.1422480642795562,748.4275512695312,486.5692138671875,764.7780151367188,507.0936279296875,0.3940639495849609,0.4600290954113006,0.0085158664733171,0.0190040878951549,reviewed,
949,31.6316,749,2,car,0.944316267967224,787.172119140625,431.7015686035156,1257.548095703125,761.1983642578125,0.5324792265892029,0.5522684454917908,0.2449874877929687,0.3050896227359772,reviewed,
949,31.6316,1292,2,car,0.8316784501075745,1300.9071044921875,472.9012756347656,1432.909912109375,528.5021362304688,0.7119314670562744,0.4636127054691314,0.0687514618039131,0.0514822788536548,reviewed,
949,31.6316,2036,2,car,0.4319789111614227,451.2998046875,495.0489196777344,522.1997680664062,522.3651123046875,0.2535155117511749,0.4710250198841095,0.0369270630180835,0.0252927709370851,reviewed,
949,31.6316,2126,2,car,0.4587320387363434,87.93917846679688,496.7332458496094,165.0479278564453,545.2622680664062,0.0658820569515228,0.4824053049087524,0.040160808712244,0.0449342802166938,reviewed,
949,31.6316,2129,2,car,0.1840901672840118,413.6239318847656,499.605712890625,449.3747253417969,523.2643432617188,0.2247392386198043,0.473550945520401,0.018620204180479,0.0219061393290758,reviewed,
949,31.6316,2234,2,car,0.8545205593109131,0.7979958653450012,509.6719665527344,122.58230590820312,583.09423828125,0.0321302860975265,0.5059102773666382,0.0634293258190155,0.0679835826158523,reviewed,
949,31.6316,2092,2,car,0.1171378791332244,369.6925964355469,494.3113403320313,439.3064270019531,528.1107177734375,0.210676833987236,0.473343551158905,0.0362572036683559,0.031295720487833,reviewed,
949,31.6316,2235,2,car,0.1073118895292282,835.3823852539062,477.1822204589844,858.024169921875,507.87542724609375,0.4409912824630737,0.4560451805591583,0.0117925964295864,0.0284196361899375,reviewed,
949,31.6316,2279,2,car,0.3813379108905792,294.29443359375,502.7495727539063,370.7444458007813,536.3182373046875,0.1731872111558914,0.4810499548912048,0.0398177132010459,0.031082097440958,reviewed,
949,31.6316,2298,2,car,0.290700763463974,611.8965454101562,492.29693603515625,664.3516235351562,513.9598388671875,0.3323563039302826,0.4658596217632293,0.0273203533142805,0.0200582426041364,reviewed,
949,31.6316,2318,2,car,0.4324509799480438,708.1199340820312,486.7659606933594,764.2055053710938,509.6144409179688,0.3834180831909179,0.4612872004508972,0.0292112343013286,0.0211559999734163,reviewed,
949,31.6316,2329,2,car,0.7167972326278687,1484.8421630859375,474.1257629394531,1628.2962646484375,513.6475830078125,0.8107131123542786,0.457302451133728,0.074715681374073,0.0365942791104316,reviewed,
949,31.6316,2334,2,car,0.6222262382507324,1176.3841552734375,473.68743896484375,1266.2315673828125,503.6124877929688,0.6360978484153748,0.4524536728858948,0.0467955283820629,0.0277083776891231,reviewed,
949,31.6316,2322,2,car,0.3180946707725525,1614.52587890625,464.0611877441406,1765.3330078125,514.730224609375,0.8801715970039368,0.4531441628932953,0.0785453766584396,0.0469157733023166,reviewed,
949,31.6316,2342,2,car,0.1660953760147094,750.4863891601562,486.4953918457031,767.4324951171875,507.05120849609375,0.3952913880348205,0.4599753022193908,0.0088260965421795,0.0190331637859344,reviewed,
950,31.66496666666667,749,2,car,0.9433314800262452,789.5402221679688,430.8165893554688,1260.2640380859375,762.2176513671875,0.5338031649589539,0.5523306131362915,0.2451686561107635,0.3068528473377228,reviewed,
950,31.66496666666667,1292,2,car,0.8356162905693054,1302.8133544921875,473.3446350097656,1435.3714599609375,528.567626953125,0.713068962097168,0.4638482630252838,0.0690406784415245,0.0511323995888233,reviewed,
950,31.66496666666667,2036,2,car,0.5794034004211426,452.31396484375,495.4525451660156,524.0020141601562,522.9232177734375,0.2542489469051361,0.4714702367782593,0.037337526679039,0.0254358071833848,reviewed,
950,31.66496666666667,2126,2,car,0.5413498878479004,93.0596694946289,496.0046997070313,169.0516357421875,544.890869140625,0.0682581514120101,0.4818960726261139,0.0395791493356227,0.045264970511198,reviewed,
950,31.66496666666667,2129,2,car,0.3560820519924164,415.5578918457031,499.1689758300781,450.9313049316406,523.337158203125,0.2256482243537902,0.4733824431896209,0.0184236522763967,0.022377947345376,reviewed,
950,31.66496666666667,2234,2,car,0.8782147169113159,1.0991846323013306,509.3807373046875,123.61766815185548,583.3798828125,0.0324783474206924,0.5059077143669128,0.0638117119669914,0.068517729640007,reviewed,
950,31.66496666666667,2092,2,car,0.2886932492256164,372.020263671875,494.53228759765625,435.7266540527344,528.4494018554688,0.2103507667779922,0.4736026227474212,0.0331804119050502,0.0314047336578369,reviewed,
950,31.66496666666667,2279,2,car,0.3525650203227997,296.4555358886719,502.88623046875,371.8268737792969,537.2664794921875,0.1740318834781646,0.4815521836280823,0.0392559058964252,0.0318335629999637,reviewed,
950,31.66496666666667,2298,2,car,0.348742812871933,613.3719482421875,491.7638549804688,666.35546875,513.7645874023438,0.3332623541355133,0.465522438287735,0.0275955833494663,0.0203710477799177,reviewed,
950,31.66496666666667,2318,2,car,0.6046422123908997,709.132080078125,488.2933349609375,765.2857055664062,509.7320861816406,0.3839629590511322,0.4620487987995147,0.0292466804385185,0.0198506955057382,reviewed,
950,31.66496666666667,2329,2,car,0.7478918433189392,1497.36865234375,475.1443786621094,1645.4815673828125,514.0445556640625,0.8184505701065063,0.4579578638076782,0.0771421417593956,0.036018680781126,reviewed,
950,31.66496666666667,2334,2,car,0.666253387928009,1177.7230224609375,473.37445068359375,1261.46240234375,503.7283020019531,0.635204553604126,0.4523623883724212,0.0436142608523368,0.028105417266488,reviewed,
950,31.66496666666667,2322,2,car,0.3497239947319031,1613.8709716796875,466.8597106933594,1760.8447265625,512.1764526367188,0.878832221031189,0.4532574713230133,0.0765488296747207,0.0419599451124668,reviewed,
950,31.66496666666667,2342,2,car,0.1469043046236038,754.0050048828125,487.1897277832031,769.3919677734375,506.5485229492188,0.3967179656028747,0.460064023733139,0.0080140428617596,0.0179248098284006,reviewed,
951,31.69833333333333,749,2,car,0.9490188360214232,791.5906372070312,430.9184875488281,1262.5860595703125,762.23828125,0.5349418520927429,0.5523873567581177,0.2453101128339767,0.3067775964736938,reviewed,
951,31.69833333333333,1292,2,car,0.8613213300704956,1304.3134765625,473.3997192382813,1437.3138427734375,528.7886962890625,0.7139654755592346,0.463976114988327,0.069271020591259,0.0512860901653766,reviewed,
951,31.69833333333333,2036,2,car,0.3814344108104706,455.08599853515625,495.3630676269531,527.3496704101562,522.3408813476562,0.2558426260948181,0.4711592495441437,0.0376373305916786,0.0249794572591781,reviewed,
951,31.69833333333333,2126,2,car,0.3993776142597198,96.11287689208984,495.7828063964844,171.4652099609375,544.6023559570312,0.0696817934513092,0.4816597700119018,0.0392460078001022,0.0452032871544361,reviewed,
951,31.69833333333333,2129,2,car,0.2412222176790237,417.1589050292969,498.2623291015625,453.4146728515625,523.4010620117188,0.2267118841409683,0.4729923009872436,0.0188832115381956,0.0232766047120094,reviewed,
951,31.69833333333333,2234,2,car,0.8712435960769653,1.0036886930465698,509.0845031738281,124.18490600585938,583.4371948242188,0.0326011963188648,0.5057970881462097,0.0641568824648857,0.068845085799694,reviewed,
951,31.69833333333333,2092,2,car,0.1733046025037765,375.1102294921875,496.7166748046875,434.3656311035156,527.5005493164062,0.2108009904623031,0.4741746783256531,0.0308621879667043,0.0285035874694585,reviewed,
951,31.69833333333333,2279,2,car,0.2094835788011551,300.6705017089844,502.6209716796875,375.06048583984375,534.924072265625,0.1759715974330902,0.4803449213504791,0.0387447848916053,0.0299102775752544,reviewed,
951,31.69833333333333,2298,2,car,0.23586967587471,614.7252807617188,492.8324890136719,668.2000732421875,512.7893676757812,0.3340951204299927,0.4655656516551971,0.0278514549136161,0.0184785909950733,reviewed,
951,31.69833333333333,2318,2,car,0.586396336555481,709.9712524414062,488.7731323242188,762.0361938476562,509.4629821777344,0.3833352625370025,0.4621463418006897,0.0271171573549509,0.0191572681069374,reviewed,
951,31.69833333333333,2329,2,car,0.6794974207878113,1508.777099609375,475.7259521484375,1655.5147705078125,514.5831298828125,0.8240343928337097,0.4584764242172241,0.0764258727431297,0.0359788686037063,reviewed,
951,31.69833333333333,2334,2,car,0.535134494304657,1177.141845703125,474.1079406738281,1257.71630859375,503.97802734375,0.6340776681900024,0.4528175592422485,0.041965864598751,0.027657488361001,reviewed,
951,31.69833333333333,2322,2,car,0.223778948187828,1623.912841796875,467.1379089355469,1760.215087890625,511.06097412109375,0.8812833428382874,0.4528698325157165,0.0709907561540603,0.0406695045530796,reviewed,
951,31.69833333333333,2342,2,car,0.1281467378139495,755.9633178710938,488.7292175292969,771.1748046875,506.6764831542969,0.3976922333240509,0.4608359634876251,0.0079226493835449,0.0166178382933139,reviewed,
952,31.7317,749,2,car,0.948927879333496,793.4483642578125,431.12786865234375,1264.1544189453125,762.208740234375,0.5358340740203857,0.5524706840515137,0.2451594024896621,0.30655637383461,reviewed,
952,31.7317,1292,2,car,0.8032530546188354,1305.6124267578125,473.2038269042969,1438.32080078125,528.7488403320312,0.7145659327507019,0.4638669490814209,0.0691189467906951,0.0514305680990219,reviewed,
952,31.7317,2036,2,car,0.3943875133991241,455.4986572265625,495.2779541015625,531.09326171875,522.0050659179688,0.2569249868392944,0.4709643721580505,0.0393721908330917,0.0247473251074552,reviewed,
952,31.7317,2126,2,car,0.3143820166587829,100.07097625732422,496.096435546875,174.27627563476562,544.8742065429688,0.0714446008205413,0.4819308817386627,0.0386485941708087,0.0451646037399768,reviewed,
952,31.7317,2129,2,car,0.216464564204216,418.2248229980469,497.4620666503906,455.2293395996094,523.8151245117188,0.2274620234966278,0.4728135168552398,0.0192731861025095,0.0244009792804718,reviewed,
952,31.7317,2234,2,car,0.8665721416473389,0.7511001229286194,509.2434997558594,125.02169799804688,584.1021728515625,0.0327533334493637,0.5061785578727722,0.0647242739796638,0.0693135857582092,reviewed,
952,31.7317,2092,2,car,0.1381981819868087,376.1541748046875,500.4482421875,436.4761047363281,527.7691650390625,0.2116224616765976,0.4760265648365021,0.0314176715910434,0.0252971500158309,reviewed,
952,31.7317,2279,2,car,0.3088221251964569,302.6155090332031,502.5161743164063,378.1784362792969,535.5444946289062,0.1772900968790054,0.4805836379528045,0.0393556915223598,0.0305817779153585,reviewed,
952,31.7317,2298,2,car,0.1664170026779174,616.0978393554688,491.0428466796875,669.9882202148438,512.55712890625,0.3349182307720184,0.4646296203136444,0.0280679073184728,0.0199206322431564,reviewed,
952,31.7317,2318,2,car,0.5488012433052063,709.5701904296875,489.273193359375,762.2801513671875,509.5648498535156,0.3832943737506866,0.4624249935150146,0.0274531040340662,0.0187885705381631,reviewed,
952,31.7317,2329,2,car,0.7360798120498657,1520.8729248046875,475.2297668457031,1666.4764404296875,514.4683227539062,0.8300389051437378,0.4581935703754425,0.0758351609110832,0.0363319963216781,reviewed,
952,31.7317,2334,2,car,0.3147661387920379,1176.7720947265625,471.8457946777344,1254.589111328125,503.5391845703125,0.633167028427124,0.451567143201828,0.0405296944081783,0.0293457321822643,reviewed,
952,31.7317,2322,2,car,0.4849543869495392,1625.5189208984375,467.7648010253906,1756.119140625,510.939697265625,0.8806349635124207,0.4531039297580719,0.0680209472775459,0.0399767570197582,reviewed,
952,31.7317,2342,2,car,0.1686621755361557,758.1133422851562,487.6895751953125,773.9547119140625,506.6082153320313,0.398976057767868,0.4603230655193329,0.0082507133483886,0.0175172593444585,reviewed,
953,31.765066666666662,749,2,car,0.9461297988891602,795.7192993164062,431.67877197265625,1266.94677734375,762.035400390625,0.5371525883674622,0.5526454448699951,0.24543097615242,0.305885761976242,reviewed,
953,31.765066666666662,1292,2,car,0.8148449063301086,1308.6680908203125,473.5505981445313,1442.5162353515625,528.9115600585938,0.716454267501831,0.4641028642654419,0.0697125717997551,0.0512601509690284,reviewed,
953,31.765066666666662,2036,2,car,0.467752456665039,457.49658203125,495.3412170410156,533.74169921875,522.4749755859375,0.2581349611282348,0.4712111949920654,0.0397109985351562,0.0251238513737916,reviewed,
953,31.765066666666662,2126,2,car,0.6144285798072815,103.13229370117188,496.007080078125,178.09429931640625,543.0050659179688,0.0732360929250717,0.4810241758823395,0.0390427112579345,0.0435166545212268,reviewed,
953,31.765066666666662,2129,2,car,0.3135778307914734,422.30908203125,497.8277893066406,458.2082214355469,523.824462890625,0.2293013930320739,0.4729871451854706,0.0186974685639143,0.0240709949284791,reviewed,
953,31.765066666666662,2234,2,car,0.862213671207428,1.0096051692962646,508.9001159667969,126.67666625976562,583.6910400390625,0.0332516320049762,0.5058292746543884,0.0654515922069549,0.0692508593201637,reviewed,
953,31.765066666666662,2092,2,car,0.1145089492201805,379.9637145996094,502.2400817871094,446.9471435546875,528.0072021484375,0.2153413742780685,0.4769663512706756,0.0348872020840644,0.0238584447652101,reviewed,
953,31.765066666666662,2279,2,car,0.3104228079319,303.3097839355469,502.4130554199219,382.0045471191406,536.2238159179688,0.1784672737121582,0.4808503985404968,0.0409868545830249,0.0313062593340873,reviewed,
953,31.765066666666662,2298,2,car,0.4265508949756622,619.8336181640625,492.3874206542969,673.0177001953125,512.8693237304688,0.3366800248622894,0.4653966128826141,0.0277000423520803,0.0189647246152162,reviewed,
953,31.765066666666662,2318,2,car,0.5697149634361267,710.3916015625,489.7671203613281,764.2138061523438,509.7234497070313,0.384011834859848,0.4627271294593811,0.0280323978513479,0.0184780824929475,reviewed,
953,31.765066666666662,2329,2,car,0.6687788367271423,1533.2691650390625,475.5136413574219,1678.0732421875,514.9246215820312,0.8362870812416077,0.4585362076759338,0.0754187926650047,0.036491647362709,reviewed,
953,31.765066666666662,2334,2,car,0.4364857375621795,1178.435302734375,472.9824523925781,1249.2669677734375,503.5541687011719,0.6322141289710999,0.4521002769470215,0.0368914939463138,0.02830714546144,reviewed,
953,31.765066666666662,2322,2,car,0.4181331694126129,1626.965576171875,468.01763916015625,1752.5579833984375,512.0949096679688,0.880084216594696,0.4537557959556579,0.0654127150774002,0.040812287479639,reviewed,
954,31.79843333333333,749,2,car,0.9472748041152954,797.7979736328125,431.2563781738281,1269.4288330078125,761.624755859375,0.5383403301239014,0.5522597432136536,0.2456410676240921,0.3058966398239136,reviewed,
954,31.79843333333333,1292,2,car,0.7618507742881775,1312.142822265625,474.2090148925781,1446.506103515625,529.6823120117188,0.7183981537818909,0.4647645056247711,0.0699808746576309,0.0513641647994518,reviewed,
954,31.79843333333333,2036,2,car,0.5468567609786987,462.2001037597656,495.7359924316406,535.1658935546875,522.3817749023438,0.259730726480484,0.4713508188724518,0.0380030162632465,0.0246720202267169,reviewed,
954,31.79843333333333,2126,2,car,0.6253634691238403,106.8132553100586,496.2798461914063,183.02398681640625,542.9796142578125,0.0754784494638443,0.481138676404953,0.0396930910646915,0.0432405248284339,reviewed,
954,31.79843333333333,2129,2,car,0.384066492319107,425.1768798828125,497.94049072265625,461.654296875,524.0177001953125,0.2309456169605255,0.4731287956237793,0.0189986545592546,0.0241455640643835,reviewed,
954,31.79843333333333,2234,2,car,0.8540120720863342,1.1443428993225098,508.9117736816406,129.1627960205078,583.578369140625,0.0339341536164283,0.5057824850082397,0.0666762739419937,0.06913573294878,reviewed,
954,31.79843333333333,2092,2,car,0.303254634141922,384.5065002441406,499.783935546875,456.4073181152344,526.87548828125,0.2189879715442657,0.4753052890300751,0.0374483428895473,0.0250847712159156,reviewed,
954,31.79843333333333,2279,2,car,0.276303231716156,304.2002868652344,502.5932922363281,385.884765625,536.493408203125,0.1797096580266952,0.481058657169342,0.0425439998507499,0.0313889980316162,reviewed,
954,31.79843333333333,2298,2,car,0.3165908455848694,623.287841796875,492.3606262207031,675.4786987304688,513.5306396484375,0.338220477104187,0.4656903743743896,0.027182737365365,0.0196018647402524,reviewed,
954,31.79843333333333,2318,2,car,0.5420681834220886,712.0692749023438,489.9266052246094,766.29345703125,510.0327758789063,0.3849903047084808,0.4629441499710083,0.0282417610287666,0.0186168253421783,reviewed,
954,31.79843333333333,2329,2,car,0.4192018508911133,1547.626953125,475.5531921386719,1687.3541259765625,515.1390380859375,0.8424429297447205,0.458653837442398,0.0727745667099952,0.036653559654951,reviewed,
954,31.79843333333333,2334,2,car,0.358797013759613,1180.0172119140625,474.0146789550781,1246.560791015625,503.5394287109375,0.6319214105606079,0.4525713324546814,0.0346581153571605,0.0273377317935228,reviewed,
954,31.79843333333333,2322,2,car,0.2891797423362732,1629.5140380859375,468.2066650390625,1748.6739501953125,511.9172668457031,0.8797364830970764,0.4537610709667206,0.0620624534785747,0.0404727794229984,reviewed,
955,31.8318,749,2,car,0.948500633239746,799.3671264648438,432.0359497070313,1271.5079345703125,761.3992309570312,0.5392903685569763,0.5525162816047668,0.2459066659212112,0.304966002702713,reviewed,
955,31.8318,1292,2,car,0.8222967982292175,1314.9056396484375,474.9355163574219,1449.7220458984375,530.451904296875,0.7199551463127136,0.4654571413993835,0.070216879248619,0.0514040626585483,reviewed,
955,31.8318,2036,2,car,0.4893664419651031,464.249755859375,495.5951843261719,537.0361328125,523.3090209960938,0.2607515454292297,0.4717148840427398,0.0379095710813999,0.0256609600037336,reviewed,
955,31.8318,2126,2,car,0.5748929381370544,108.39916229248048,496.2596740722656,186.6263427734375,544.115234375,0.0768295601010322,0.4816550314426422,0.0407433249056339,0.0443107038736343,reviewed,
955,31.8318,2129,2,car,0.3413759768009186,429.4785461425781,498.4419250488281,464.4811706542969,523.8589477539062,0.232802003622055,0.4732874631881714,0.0182305332273244,0.0235342811793088,reviewed,
955,31.8318,2234,2,car,0.8688033223152161,0.8495079874992371,509.0877075195313,131.77093505859375,585.521240234375,0.0345365740358829,0.5067633986473083,0.0681882426142692,0.0707717910408973,reviewed,
955,31.8318,2092,2,car,0.2121429145336151,388.2854309082031,499.5316467285156,463.2364807128906,526.9281005859375,0.2217504978179931,0.4752128422260284,0.0390370041131973,0.0253670867532491,reviewed,
955,31.8318,2279,2,car,0.1924987286329269,301.56744384765625,502.9960021972656,388.6278381347656,536.6741943359375,0.1797383576631546,0.4813287854194641,0.045343954116106,0.031183511018753,reviewed,
955,31.8318,2298,2,car,0.4261119067668915,625.7935180664062,492.91741943359375,678.1785278320312,514.323486328125,0.3395760655403137,0.4663152396678924,0.0272838585078716,0.0198204331099987,reviewed,
955,31.8318,2318,2,car,0.6063703298568726,709.9171752929688,490.1904296875,770.9839477539062,510.514892578125,0.3856513202190399,0.4632894992828369,0.0318056121468544,0.0188189465552568,reviewed,
955,31.8318,2329,2,car,0.580544114112854,1560.478515625,473.78314208984375,1718.05517578125,515.4669189453125,0.8537847995758057,0.4579861462116241,0.0820711776614189,0.0385960899293422,reviewed,
955,31.8318,2334,2,car,0.398434579372406,1181.15478515625,474.3384399414063,1243.238525390625,503.8804016113281,0.631352424621582,0.4528791010379791,0.0323352813720703,0.0273536685854196,reviewed,
955,31.8318,2322,2,car,0.1241571009159088,1635.495849609375,469.40374755859375,1743.3314208984375,511.7267761230469,0.8799028992652893,0.454227089881897,0.0561643615365028,0.0391879901289939,reviewed,
956,31.865166666666667,749,2,car,0.9502788186073304,799.0305786132812,431.113037109375,1271.64599609375,761.5372314453125,0.539238691329956,0.5521529316902161,0.2461538612842559,0.3059483170509338,reviewed,
956,31.865166666666667,1292,2,car,0.8323890566825867,1315.5467529296875,473.85400390625,1449.728759765625,529.8320922851562,0.720123827457428,0.4646694958209991,0.0698864609003067,0.0518315620720386,reviewed,
956,31.865166666666667,2036,2,car,0.391359806060791,465.0838623046875,495.8492736816406,535.8206176757812,523.8353271484375,0.2606522142887115,0.4720761775970459,0.0368420593440532,0.0259130131453275,reviewed,
956,31.865166666666667,2126,2,car,0.4994857311248779,109.3015594482422,496.9914245605469,186.463607788086,545.8263549804688,0.0770221799612045,0.4827859997749328,0.0401885658502578,0.0452175289392471,reviewed,
956,31.865166666666667,2129,2,car,0.3501951992511749,431.7509460449219,500.38177490234375,464.6119689941406,524.0061645507812,0.2334278374910354,0.4742536842823028,0.0171151161193847,0.0218744352459907,reviewed,
956,31.865166666666667,2234,2,car,0.8657272458076477,0.0,509.6662292480469,131.7617950439453,587.7483520507812,0.034312967211008,0.5080623030662537,0.0686259344220161,0.0722982585430145,reviewed,
956,31.865166666666667,2092,2,car,0.1363563984632492,386.53265380859375,501.2403259277344,452.53619384765625,527.84765625,0.2185075134038925,0.4764296412467956,0.0343768447637558,0.0246364176273345,reviewed,
956,31.865166666666667,2279,2,car,0.2397814393043518,307.13739013671875,503.0121765136719,389.5628051757813,536.3089599609375,0.1814323365688324,0.481167197227478,0.0429299026727676,0.030830355361104,reviewed,
956,31.865166666666667,2298,2,car,0.4471655786037445,625.890869140625,493.5939331054688,677.9979248046875,513.7601928710938,0.3395543694496155,0.4663676619529724,0.0271390918642282,0.0186724625527858,reviewed,
956,31.865166666666667,2318,2,car,0.6327807307243347,706.345703125,490.3770446777344,770.372314453125,510.6306762695313,0.3845619857311249,0.4634294807910919,0.0333471931517124,0.0187533628195524,reviewed,
956,31.865166666666667,2329,2,car,0.7624405026435852,1570.770751953125,470.9418640136719,1730.1759033203125,515.2816772460938,0.8596215844154358,0.4565849602222442,0.0830235183238983,0.0410553812980651,reviewed,
956,31.865166666666667,2334,2,car,0.329146146774292,1180.07666015625,474.1604614257813,1236.3819580078125,503.6461486816406,0.6292860507965088,0.4526882469654083,0.0293256752192974,0.027301562950015,reviewed,
957,31.898533333333333,749,2,car,0.9509623050689696,796.2472534179688,431.46038818359375,1268.5638427734375,761.7650146484375,0.5377112030982971,0.552419126033783,0.2459982186555862,0.3058376312255859,reviewed,
957,31.898533333333333,1292,2,car,0.8335745334625244,1312.1190185546875,472.4163208007813,1446.930419921875,528.8402099609375,0.718502402305603,0.4635446965694427,0.0702142715454101,0.0522443428635597,reviewed,
957,31.898533333333333,2036,2,car,0.4820131659507751,462.51507568359375,495.2645263671875,533.7474365234375,524.1106567382812,0.2594433724880218,0.4719329476356506,0.0371001884341239,0.0267093796283006,reviewed,
957,31.898533333333333,2126,2,car,0.5712932348251343,105.54135131835938,498.5318603515625,184.18003845214844,546.6841430664062,0.0754482746124267,0.4838963150978088,0.040957648307085,0.0445854477584362,reviewed,
957,31.898533333333333,2129,2,car,0.3178001940250397,426.25885009765625,498.4947814941406,462.189453125,524.4806518554688,0.2313667386770248,0.473599761724472,0.0187138561159372,0.0240609906613826,reviewed,
957,31.898533333333333,2234,2,car,0.8755070567131042,0.0,510.9402465820313,128.71395874023438,590.140625,0.033519260585308,0.5097596049308777,0.0670385211706161,0.0733336806297302,reviewed,
957,31.898533333333333,2092,2,car,0.1425662636756897,384.0448303222656,502.26763916015625,448.0246276855469,530.57763671875,0.2166847586631775,0.4781690835952759,0.0333228111267089,0.0262129604816436,reviewed,
957,31.898533333333333,2279,2,car,0.4191491603851318,307.4721984863281,502.9879150390625,386.7366943359375,537.0836791992188,0.1807835549116134,0.4815146028995514,0.0412835925817489,0.0315701514482498,reviewed,
957,31.898533333333333,2298,2,car,0.2907664477825165,624.3920288085938,493.7688903808594,675.298095703125,514.0712890625,0.3384609818458557,0.4665926992893219,0.0265135765075683,0.01879851706326,reviewed,
957,31.898533333333333,2318,2,car,0.5096137523651123,700.6912841796875,491.3253479003906,766.068603515625,510.6756591796875,0.3819687068462372,0.463889330625534,0.0340506881475448,0.0179169550538063,reviewed,
957,31.898533333333333,2329,2,car,0.7574112415313721,1568.6607666015625,469.5879821777344,1733.9586181640625,513.2070922851562,0.8600571155548096,0.454997718334198,0.0860926285386085,0.0403880663216114,reviewed,
957,31.898533333333333,2334,2,car,0.4557839930057525,1176.0142822265625,472.9853820800781,1228.0224609375,503.203125,0.6260511875152588,0.4519391059875488,0.0270875934511423,0.0279793906956911,reviewed,
958,31.9319,749,2,car,0.9473227262496948,794.1861572265625,432.2989501953125,1266.17431640625,761.6337280273438,0.5365521907806396,0.552746593952179,0.245827168226242,0.3049395978450775,reviewed,
958,31.9319,1292,2,car,0.8368206024169922,1309.4156494140625,471.1749572753906,1443.554931640625,527.6742553710938,0.716919481754303,0.4624302089214325,0.0698642060160636,0.0523141659796237,reviewed,
958,31.9319,2036,2,car,0.3648595213890075,463.5854797363281,497.6864318847656,531.66552734375,524.9747924804688,0.259179949760437,0.4734542965888977,0.0354583598673343,0.0252670012414455,reviewed,
958,31.9319,2126,2,car,0.6709591746330261,102.50556182861328,500.1841430664063,180.32147216796875,547.5459594726562,0.073652870953083,0.4850602447986603,0.0405291207134723,0.0438535325229167,reviewed,
958,31.9319,2129,2,car,0.2342124581336975,421.6551208496094,499.3465881347656,462.1664733886719,526.0747680664062,0.2301618754863739,0.4747321307659149,0.0210996624082326,0.0247483141720294,reviewed,
958,31.9319,2234,2,car,0.8580125570297241,0.0,512.4526977539062,124.48577880859376,592.08154296875,0.0324181728065013,0.5113584399223328,0.0648363456130027,0.0737304091453552,reviewed,
958,31.9319,2092,2,car,0.2251840829849243,382.0440979003906,504.5906982421875,452.5283203125,532.0310668945312,0.2173365652561187,0.4799175262451172,0.0367105342447757,0.0254077482968568,reviewed,
958,31.9319,2279,2,car,0.2759696543216705,303.41680908203125,504.2911987304688,383.6948852539063,538.643310546875,0.1789353340864181,0.4828400909900665,0.0418114997446537,0.0318075120449066,reviewed,
958,31.9319,2298,2,car,0.4735129177570343,624.007568359375,494.8515930175781,672.1271362304688,515.09130859375,0.3375350832939148,0.4675661325454712,0.0250622741878032,0.01874047704041,reviewed,
958,31.9319,2318,2,car,0.4495953619480133,695.83349609375,491.5812377929688,763.0849609375,511.0503234863281,0.3799266815185547,0.4641813039779663,0.035026803612709,0.0180269312113523,reviewed,
958,31.9319,2329,2,car,0.7492997050285339,1560.8009033203125,468.0850524902344,1738.56298828125,513.378173828125,0.8592092990875244,0.4543811380863189,0.092584416270256,0.0419380739331245,reviewed,
958,31.9319,2334,2,car,0.3912357985973358,1171.564208984375,472.00091552734375,1219.777587890625,505.1362915039063,0.6227452754974365,0.4523783326148987,0.0251111350953578,0.0306809041649103,reviewed,
959,31.96526666666667,749,2,car,0.9463896751403807,794.830810546875,432.2191467285156,1266.7757568359375,761.8854370117188,0.5368766784667969,0.5528262257575989,0.2458046525716781,0.3052465617656708,reviewed,
959,31.96526666666667,1292,2,car,0.8531230688095093,1310.389404296875,470.54052734375,1443.6119384765625,527.2542724609375,0.7171878814697266,0.461942046880722,0.0693867355585098,0.0525127276778221,reviewed,
959,31.96526666666667,2036,2,car,0.3862286508083343,465.5923156738281,497.61572265625,532.1644287109375,525.0606689453125,0.2598324716091156,0.4734613001346588,0.0346729755401611,0.0254119876772165,reviewed,
959,31.96526666666667,2126,2,car,0.6212272644042969,101.11249542236328,500.1103820800781,180.7510681152344,547.2569580078125,0.073401965200901,0.4848922789096832,0.0414784215390682,0.0436542369425296,reviewed,
959,31.96526666666667,2129,2,car,0.2370167076587677,421.3632507324219,499.0715942382813,461.8404846191406,526.21240234375,0.2300009727478027,0.4746685028076172,0.021081892773509,0.0251303780823946,reviewed,
959,31.96526666666667,2234,2,car,0.8200089335441589,0.0,512.177734375,124.49832153320312,592.1256713867188,0.0324214361608028,0.5112516283988953,0.0648428723216056,0.0740258693695068,reviewed,
959,31.96526666666667,2092,2,car,0.2512908279895782,382.8978271484375,505.2298583984375,452.119873046875,532.4241943359375,0.2174525260925293,0.4803954064846039,0.0360531471669673,0.0251799412071704,reviewed,
959,31.96526666666667,2279,2,car,0.4059364199638366,304.2636108398437,504.027587890625,384.0503540039063,539.2611694335938,0.179248422384262,0.483004093170166,0.0415555946528911,0.0326236858963966,reviewed,
959,31.96526666666667,2298,2,car,0.4793249368667602,624.8155517578125,494.8096008300781,672.35009765625,515.3544921875,0.3378035426139831,0.4676685333251953,0.0247575752437114,0.0190230477601289,reviewed,
959,31.96526666666667,2318,2,car,0.4258897006511688,694.4144897460938,491.3486328125,763.8463134765625,510.6219482421875,0.3797554075717926,0.463875263929367,0.0361624099314212,0.0178456623107194,reviewed,
959,31.96526666666667,2329,2,car,0.6276100277900696,1584.89453125,469.5630187988281,1750.5263671875,513.1096801757812,0.8685991764068604,0.454941064119339,0.0862665846943855,0.0403209812939167,reviewed,
959,31.96526666666667,2334,2,car,0.5007169246673584,1168.390380859375,471.0123901367188,1222.76953125,505.7577209472656,0.6226978898048401,0.452208399772644,0.0283224750310182,0.0321716032922267,reviewed,
960,31.99863333333333,749,2,car,0.9472439885139464,795.1536254882812,433.3880004882813,1266.9658203125,762.8165893554688,0.5370102524757385,0.5537984371185303,0.2457355111837387,0.3050264716148376,reviewed,
960,31.99863333333333,1292,2,car,0.8421328067779541,1310.9478759765625,471.1095886230469,1443.9925537109375,527.8687744140625,0.7174323797225952,0.4624899923801422,0.0692941024899482,0.0525548011064529,reviewed,
960,31.99863333333333,2036,2,car,0.61562579870224,464.7259521484375,496.6824035644531,532.8616333007812,526.5540771484375,0.2597884237766266,0.4737205803394317,0.0354873351752758,0.0276589561253786,reviewed,
960,31.99863333333333,2126,2,car,0.5837994813919067,98.81780242919922,500.3922119140625,180.7467041015625,547.940673828125,0.072803258895874,0.4853393137454986,0.0426713041961193,0.0440263524651527,reviewed,
960,31.99863333333333,2129,2,car,0.1332329511642456,423.189453125,500.6480407714844,461.1634216308594,526.72607421875,0.2303002327680587,0.4756361842155456,0.0197781082242727,0.0241463277488946,reviewed,
960,31.99863333333333,2234,2,car,0.751608669757843,0.0,512.9632568359375,124.28560638427734,593.4847412109375,0.032366044819355,0.512244462966919,0.06473208963871,0.0745569318532943,reviewed,
960,31.99863333333333,2092,2,car,0.2024630606174469,383.1901245117188,505.7531433105469,452.8404235839844,533.1438598632812,0.2177162766456604,0.4809708297252655,0.0362761989235878,0.0253617744892835,reviewed,
960,31.99863333333333,2279,2,car,0.1422953158617019,306.4298400878906,505.7825622558594,382.9104919433594,540.7423706054688,0.1795157045125961,0.4845022559165954,0.0398336723446846,0.0323701910674572,reviewed,
960,31.99863333333333,2298,2,car,0.4885934293270111,627.3641967773438,495.4121398925781,672.5206298828125,515.554443359375,0.3385116457939148,0.4680400788784027,0.0235189758241176,0.0186502803117036,reviewed,
960,31.99863333333333,2318,2,car,0.296448141336441,703.5267944335938,491.4268798828125,764.7322998046875,511.0705261230469,0.382359117269516,0.4641191959381103,0.0318778678774833,0.0181885622441768,reviewed,
960,31.99863333333333,2329,2,car,0.7344120740890503,1603.2542724609375,471.2841796875,1767.419189453125,514.3545532226562,0.8777795433998108,0.4563142359256744,0.0855025574564933,0.0398799739778041,reviewed,
960,31.99863333333333,2334,2,car,0.4261637032032013,1167.270751953125,470.2667846679688,1227.6361083984375,506.9695434570313,0.6236736178398132,0.4524242281913757,0.0314402915537357,0.0339840352535247,reviewed,
960,31.99863333333333,2359,2,car,0.5029873847961426,1540.2852783203125,466.2076110839844,1660.8568115234375,507.9363708496094,0.8336307406425476,0.4509925842285156,0.0627976730465889,0.038637738674879,reviewed,
961,32.032000000000004,749,2,car,0.9483433365821838,793.8486938476562,433.1907958984375,1264.5411376953125,762.9434814453125,0.5360390543937683,0.5537658929824829,0.2451523095369339,0.3053265511989593,reviewed,
961,32.032000000000004,1292,2,car,0.7094612121582031,1308.2041015625,471.7709655761719,1440.9749755859375,527.7305908203125,0.7159320712089539,0.4627322256565094,0.0691514983773231,0.051814466714859,reviewed,
961,32.032000000000004,2036,2,car,0.5978933572769165,459.6305847167969,500.4899597167969,531.221923828125,527.526123046875,0.2580345273017883,0.4759333729743957,0.0372871570289135,0.0250334851443767,reviewed,
961,32.032000000000004,2126,2,car,0.4314019381999969,93.99999237060548,502.09173583984375,178.3342742919922,549.8139038085938,0.0709203779697418,0.4869933426380157,0.0439241044223308,0.0441871918737888,reviewed,
961,32.032000000000004,2129,2,car,0.250544786453247,423.2715148925781,501.2300415039063,458.09857177734375,527.1201782226562,0.2295234650373459,0.4760880768299103,0.0181390922516584,0.0239723492413759,reviewed,
961,32.032000000000004,2234,2,car,0.7427586317062378,0.0,514.2166748046875,121.53024291992188,593.79931640625,0.031648501753807,0.5129703879356384,0.0632970035076141,0.0736876279115676,reviewed,
961,32.032000000000004,2092,2,car,0.2571379244327545,381.505615234375,504.2455749511719,448.8787841796875,533.6810913085938,0.2162459343671798,0.4805215895175934,0.0350901931524276,0.0272551085799932,reviewed,
961,32.032000000000004,2279,2,car,0.1779595464468002,295.4752502441406,505.5472412109375,382.656494140625,540.8327026367188,0.1765968054533004,0.4844351410865783,0.0454068966209888,0.0326717235147953,reviewed,
961,32.032000000000004,2298,2,car,0.4575215280056,625.2892456054688,496.2596740722656,671.5482177734375,515.69189453125,0.3377180695533752,0.4684960842132568,0.0240932144224643,0.0179927963763475,reviewed,
961,32.032000000000004,2318,2,car,0.3268660306930542,715.13232421875,491.97271728515625,763.162353515625,511.66302490234375,0.3849725723266601,0.4646461904048919,0.0250156410038471,0.0182317662984132,reviewed,
961,32.032000000000004,2329,2,car,0.7422265410423279,1613.831787109375,472.6452026367188,1772.5506591796875,514.4993896484375,0.8818703889846802,0.4570113718509674,0.0826660767197609,0.0387538783252239,reviewed,
961,32.032000000000004,2334,2,car,0.5367326736450195,1164.497802734375,470.5201721191406,1231.1910400390625,507.4256286621094,0.6238773465156555,0.4527526795864105,0.0347360596060752,0.0341717191040515,reviewed,
961,32.032000000000004,2359,2,car,0.5713569521903992,1531.6683349609375,466.539794921875,1659.7454833984375,508.1905822753906,0.8310973644256592,0.4512640535831451,0.0667068511247634,0.0385655425488948,reviewed,
961,32.032000000000004,2301,2,car,0.2828018069267273,683.99169921875,494.0911560058594,726.258056640625,512.6624145507812,0.3672525286674499,0.4660896062850952,0.0220137275755405,0.0171956103295087,reviewed,
962,32.06536666666667,749,2,car,0.9488366842269896,791.4100341796875,432.8914794921875,1261.63525390625,762.72705078125,0.5346472263336182,0.5535271167755127,0.2449089735746383,0.3054032921791076,reviewed,
962,32.06536666666667,1292,2,car,0.8421791791915894,1304.466064453125,471.7142028808594,1437.878173828125,526.6419677734375,0.7141521573066711,0.4622019529342651,0.0694854706525802,0.0508590415120124,reviewed,
962,32.06536666666667,2036,2,car,0.5713359713554382,454.2687377929688,501.7207336425781,529.1067504882812,528.3976440429688,0.2560873627662658,0.4769066572189331,0.0389781333506107,0.0247008427977561,reviewed,
962,32.06536666666667,2126,2,car,0.5950921177864075,91.61263275146484,503.4182434082031,174.9247283935547,551.1781005859375,0.0694107711315155,0.4882390201091766,0.043391715735197,0.0442220903933048,reviewed,
962,32.06536666666667,2129,2,car,0.2999998331069946,419.5456848144531,502.1121826171875,454.2516174316406,527.6138305664062,0.2275513857603073,0.4767250418663025,0.0180760063230991,0.0236126370728015,reviewed,
962,32.06536666666667,2234,2,car,0.8064348101615906,0.0,515.8387451171875,118.7871551513672,594.5532836914062,0.0309341549873352,0.5140703916549683,0.0618683099746704,0.0728838294744491,reviewed,
962,32.06536666666667,2092,2,car,0.2460502237081527,377.154052734375,503.2420959472656,436.7300720214844,533.8856811523438,0.2119490057229995,0.4801517724990845,0.031029175966978,0.0283736903220415,reviewed,
962,32.06536666666667,2279,2,car,0.2025870531797409,297.60406494140625,508.9134521484375,376.5723876953125,542.5006713867188,0.1755667775869369,0.4867657721042633,0.0411293357610702,0.0310992766171693,reviewed,
962,32.06536666666667,2298,2,car,0.3341570496559143,623.1539916992188,496.4277648925781,668.3883666992188,516.3335571289062,0.3363391458988189,0.468870997428894,0.0235595703125,0.0184312891215086,reviewed,
962,32.06536666666667,2318,2,car,0.339007169008255,717.0050048828125,492.1412048339844,766.0499877929688,512.0210571289062,0.3862122297286987,0.4648899137973785,0.025544261559844,0.0184072703123092,reviewed,
962,32.06536666666667,2329,2,car,0.7183561325073242,1619.126708984375,471.91015625,1773.0745849609375,514.0424194335938,0.8833857178688049,0.4564595222473144,0.0801811888813972,0.0390113554894924,reviewed,
962,32.06536666666667,2334,2,car,0.5089747905731201,1166.5113525390625,468.6627197265625,1234.27392578125,507.111083984375,0.6252044439315796,0.4517471194267273,0.0352930054068565,0.0356003381311893,reviewed,
962,32.06536666666667,2359,2,car,0.6387758851051331,1520.8988037109375,465.71282958984375,1656.3907470703125,507.2189331054688,0.8274191617965698,0.4504313766956329,0.0705687180161476,0.0384315773844718,reviewed,
962,32.06536666666667,2361,2,car,0.3325123190879822,816.2316284179688,487.7525024414063,854.3648071289062,507.3942565917969,0.4350511431694031,0.4607160687446594,0.0198610313236713,0.0181868094950914,reviewed,
962,32.06536666666667,2301,2,car,0.347700834274292,680.0534057617188,494.5276794433594,723.906005859375,513.1482543945312,0.3656144440174103,0.4665166139602661,0.0228398963809013,0.0172412730753421,reviewed,
963,32.098733333333335,749,2,car,0.9450032711029052,789.7705688476562,432.7442932128906,1260.169921875,762.8212280273438,0.5338386297225952,0.5535025596618652,0.2449996620416641,0.305626779794693,reviewed,
963,32.098733333333335,1292,2,car,0.859343945980072,1303.0452880859375,471.5755615234375,1436.8663330078125,526.358154296875,0.7135186791419983,0.4620063602924347,0.0696984604001045,0.050724621862173,reviewed,
963,32.098733333333335,2036,2,car,0.538987934589386,454.1334838867188,501.71820068359375,530.822265625,528.7676391601562,0.2564989030361175,0.477076768875122,0.0399420745670795,0.0250457767397165,reviewed,
963,32.098733333333335,2126,2,car,0.6368971467018127,91.82317352294922,503.2038879394531,172.73397827148438,551.6444702148438,0.0688950940966606,0.4883557260036468,0.0421410426497459,0.044852390885353,reviewed,
963,32.098733333333335,2129,2,car,0.2834436595439911,418.20404052734375,503.2738037109375,452.6903381347656,529.3350830078125,0.226795420050621,0.4780596792697906,0.0179616138339042,0.0241308137774467,reviewed,
963,32.098733333333335,2234,2,car,0.8233161568641663,0.0,516.8389892578125,113.82167053222656,595.546142578125,0.0296410601586103,0.5149931311607361,0.0592821203172206,0.0728769972920417,reviewed,
963,32.098733333333335,2092,2,car,0.2153154462575912,375.285888671875,505.6428527832031,433.094482421875,534.671875,0.2105157226324081,0.4816271662712097,0.0301086418330669,0.0268787238746881,reviewed,
963,32.098733333333335,2279,2,car,0.2012533843517303,299.8975524902344,509.9024963378906,373.0950012207031,543.3873901367188,0.1752584725618362,0.4876342117786407,0.0381236709654331,0.0310045313090086,reviewed,
963,32.098733333333335,2298,2,car,0.3805903196334839,621.607666015625,497.1872863769531,667.9366455078125,516.8092651367188,0.3358188271522522,0.4694428741931915,0.0241296775639057,0.0181684996932744,reviewed,
963,32.098733333333335,2318,2,car,0.3564068377017975,718.5142211914062,492.3368225097656,763.4180908203125,512.2957763671875,0.3859198987483978,0.4651076793670654,0.0233874320983886,0.0184805132448673,reviewed,
963,32.098733333333335,2329,2,car,0.6311206221580505,1628.603759765625,470.8507385253906,1771.5782470703125,512.8667602539062,0.885464072227478,0.4554247856140136,0.0744658783078193,0.0389037244021892,reviewed,
963,32.098733333333335,2334,2,car,0.5288646817207336,1167.8834228515625,468.51849365234375,1235.4759521484375,507.2828979492188,0.6258748173713684,0.4517599046230316,0.0352044440805912,0.0358929671347141,reviewed,
963,32.098733333333335,2359,2,car,0.7196786999702454,1511.2100830078125,465.7991027832031,1651.4320068359375,507.39208984375,0.8236047029495239,0.4505514502525329,0.0730322524905204,0.0385120250284671,reviewed,
963,32.098733333333335,2361,2,car,0.3929285705089569,812.8837280273438,487.8280029296875,852.944580078125,508.0296325683594,0.4338094592094421,0.4610452055931091,0.0208650268614292,0.0187052134424448,reviewed,
963,32.098733333333335,2301,2,car,0.4346654117107391,676.5783081054688,495.41448974609375,722.127685546875,513.6611938476562,0.3642463684082031,0.4671646654605865,0.0237236339598894,0.0168950967490673,reviewed,
964,32.1321,749,2,car,0.945166289806366,787.2548217773438,432.6994934082031,1257.9578857421875,763.0156860351562,0.5326074361801147,0.553571879863739,0.245157852768898,0.3058483302593231,reviewed,
964,32.1321,1292,2,car,0.8509712219238281,1301.32421875,471.0667724609375,1435.579345703125,526.1087036132812,0.7127352952957153,0.46165531873703,0.0699245482683181,0.0509647503495216,reviewed,
964,32.1321,2036,2,car,0.6687251925468445,450.8833923339844,502.3291320800781,529.2301635742188,529.2102661132812,0.2552379071712494,0.4775645434856415,0.0408056117594242,0.0248899385333061,reviewed,
964,32.1321,2126,2,car,0.6526207327842712,89.68057250976562,503.2173767089844,170.43960571289062,552.5197143554688,0.0677396282553672,0.488767147064209,0.0420619957149028,0.0456503108143806,reviewed,
964,32.1321,2129,2,car,0.3740669190883636,414.32080078125,502.63677978515625,450.8820190429688,530.1739501953125,0.2253132313489914,0.4781531393527984,0.0190423019230365,0.025497380644083,reviewed,
964,32.1321,2234,2,car,0.8378657698631287,0.0,517.6087646484375,108.88473510742188,596.4596557617188,0.028355399146676,0.5157724022865295,0.0567107982933521,0.0730100870132446,reviewed,
964,32.1321,2092,2,car,0.3039425909519195,373.6489562988281,508.0750427246094,431.4739379882813,535.3687744140625,0.2096674293279647,0.4830758571624756,0.0301171783357858,0.0252719745039939,reviewed,
964,32.1321,2279,2,car,0.1711054146289825,297.8505249023437,511.0734252929688,370.8376159667969,544.0418090820312,0.174137532711029,0.4884792864322662,0.0380141101777553,0.0305262804031372,reviewed,
964,32.1321,2298,2,car,0.3414353728294372,616.41259765625,497.2418823242188,664.7083129882812,517.6143798828125,0.3336252272129059,0.4698408544063568,0.0251540187746286,0.0188634227961301,reviewed,
964,32.1321,2318,2,car,0.325628399848938,718.10302734375,492.5220336914063,762.963134765625,512.4207153320312,0.3856943249702453,0.4652512669563293,0.0233646389096975,0.018424704670906,reviewed,
964,32.1321,2329,2,car,0.4942717552185058,1635.4532470703125,469.7424011230469,1790.531982421875,514.0020141601562,0.8921836614608765,0.4554372131824493,0.0807701721787452,0.0409811213612556,reviewed,
964,32.1321,2334,2,car,0.5268486738204956,1167.214111328125,469.5530395507813,1246.8143310546875,507.4629211425781,0.6286532282829285,0.4523222148418426,0.0414584465324878,0.0351017415523529,reviewed,
964,32.1321,2359,2,car,0.7980364561080933,1500.5279541015625,466.208251953125,1644.437744140625,507.2379150390625,0.8190014958381653,0.450669527053833,0.0749530121684074,0.037990428507328,reviewed,
964,32.1321,2361,2,car,0.3299483060836792,807.0404663085938,489.1209411621094,850.8712158203125,508.33599853515625,0.4317478239536285,0.461785614490509,0.0228285156190395,0.0177917201071977,reviewed,
964,32.1321,2301,2,car,0.3983979821205139,672.293701171875,495.67816162109375,721.4683837890625,513.9254150390625,0.3629588782787323,0.467409074306488,0.0256118141114711,0.016895605251193,reviewed,
965,32.16546666666667,749,2,car,0.9462605118751526,785.9083251953125,432.6677856445313,1257.0657958984375,763.2509155273438,0.5320245027542114,0.5536660552024841,0.2453945130109787,0.3060954809188843,reviewed,
965,32.16546666666667,1292,2,car,0.8715564608573914,1300.587890625,470.93310546875,1434.5889892578125,526.2108764648438,0.7122856378555298,0.4616407454013824,0.069792240858078,0.0511831231415271,reviewed,
965,32.16546666666667,2036,2,car,0.6766578555107117,448.8203430175781,502.04986572265625,530.1422729492188,529.3161010742188,0.2549381852149963,0.477484256029129,0.0423551723361015,0.0252465140074491,reviewed,
965,32.16546666666667,2126,2,car,0.6699690222740173,86.27912139892578,503.8014526367188,167.5955810546875,553.6541748046875,0.0661132037639617,0.4895627498626709,0.0423523224890232,0.0461599268019199,reviewed,
965,32.16546666666667,2129,2,car,0.3856346905231476,412.813232421875,502.8288269042969,450.1032104492188,530.480712890625,0.2247178256511688,0.4783840477466583,0.0194218643009662,0.0256035979837179,reviewed,
965,32.16546666666667,2234,2,car,0.8291341662406921,0.0,518.1073608398438,106.0316925048828,596.56103515625,0.0276124197989702,0.5160502195358276,0.0552248395979404,0.0726422891020774,reviewed,
965,32.16546666666667,2092,2,car,0.3745408952236175,372.0482482910156,507.3727111816406,430.8264465332031,535.9237670898438,0.2090819478034973,0.4830076396465301,0.0306136440485715,0.0264361631125211,reviewed,
965,32.16546666666667,2279,2,car,0.1666903793811798,283.7345275878906,511.3663330078125,368.45361328125,544.1807250976562,0.1698406487703323,0.4886792302131653,0.0441245250403881,0.0303836967796087,reviewed,
965,32.16546666666667,2298,2,car,0.4256446361541748,615.426025390625,497.7375793457031,663.8270263671875,517.687255859375,0.3331388235092163,0.4701040685176849,0.025208855047822,0.018471922725439,reviewed,
965,32.16546666666667,2318,2,car,0.3541821837425232,715.9999389648438,492.441162109375,764.9405517578125,512.6157836914062,0.3856615722179413,0.4653041362762451,0.0254899021238088,0.0186802055686712,reviewed,
965,32.16546666666667,2329,2,car,0.6145483255386353,1646.7689208984375,470.1138916015625,1803.6727294921875,514.6474609375,0.8985525369644165,0.4559080302715301,0.081720732152462,0.0412347875535488,reviewed,
965,32.16546666666667,2334,2,car,0.4128512144088745,1167.4429931640625,471.1923828125,1254.9755859375,506.4469604492188,0.63083815574646,0.4526108205318451,0.0455898903310298,0.0326431281864643,reviewed,
965,32.16546666666667,2359,2,car,0.8032013773918152,1490.8775634765625,466.4915466308594,1636.83154296875,507.6145324707031,0.8145075440406799,0.4509750306606293,0.0760177001357078,0.0380768403410911,reviewed,
965,32.16546666666667,2361,2,car,0.4736560583114624,803.1339721679688,489.1889343261719,849.8959350585938,508.6681518554688,0.4304765462875366,0.4619708657264709,0.0243551898747682,0.018036313354969,reviewed,
965,32.16546666666667,2301,2,car,0.399520605802536,669.9620361328125,496.054443359375,721.1262817382812,514.0596923828125,0.3622626066207886,0.4676454365253448,0.0266480445861816,0.0166715271770954,reviewed,
965,32.16546666666667,2365,2,car,0.4262073040008545,236.14796447753903,508.1463317871094,362.6936950683594,544.8434448242188,0.1559483557939529,0.4874952435493469,0.0659092366695404,0.033978808671236,reviewed,
965,32.16546666666667,2366,2,car,0.3499678075313568,337.2821044921875,508.8386840820313,376.9406433105469,536.7745971679688,0.1859955191612243,0.4840802252292633,0.0206554885953664,0.0258665867149829,reviewed,
966,32.19883333333333,749,2,car,0.9464916586875916,786.0922241210938,432.43798828125,1257.4566650390625,763.4044189453125,0.5321741700172424,0.5536307692527771,0.245502308011055,0.3064503967761993,reviewed,
966,32.19883333333333,1292,2,car,0.8569695353507996,1301.1705322265625,470.9987487792969,1435.40087890625,526.4276123046875,0.7126487493515015,0.4617714881896972,0.0699116364121437,0.0513230226933956,reviewed,
966,32.19883333333333,2036,2,car,0.7115949392318726,449.082275390625,501.72943115234375,529.9832763671875,529.2661743164062,0.2549649775028229,0.4773127734661102,0.042135939002037,0.0254969839006662,reviewed,
966,32.19883333333333,2126,2,car,0.5923645496368408,84.19226837158203,503.2979736328125,167.4383544921875,553.379150390625,0.0655288025736808,0.4892023801803589,0.0433573350310325,0.0463714599609375,reviewed,
966,32.19883333333333,2129,2,car,0.4122456610202789,412.168701171875,501.7838134765625,450.398193359375,530.2262573242188,0.2246267944574356,0.4777823984622955,0.0199111942201852,0.026335597038269,reviewed,
966,32.19883333333333,2234,2,car,0.8476135730743408,0.3971584737300873,517.5338134765625,104.46643829345705,596.5872802734375,0.027308227494359,0.5157967805862427,0.0542027503252029,0.0731976553797721,reviewed,
966,32.19883333333333,2092,2,car,0.2982054948806762,372.6230773925781,507.8973388671875,432.0612182617188,535.7466430664062,0.2095532119274139,0.4831685423851013,0.0309573654085397,0.0257863923907279,reviewed,
966,32.19883333333333,2279,2,car,0.1647540032863617,291.24224853515625,511.41748046875,369.3464965820313,544.0355834960938,0.1720283180475235,0.4886357188224792,0.0406792946159839,0.0302019473165273,reviewed,
966,32.19883333333333,2298,2,car,0.3518956899642944,619.601806640625,497.694580078125,663.8783569335938,516.8746337890625,0.3342396318912506,0.4697079658508301,0.0230607036501169,0.0177593082189559,reviewed,
966,32.19883333333333,2318,2,car,0.3647059798240661,715.2484741210938,492.3966064453125,766.5231323242188,512.984375,0.3858780264854431,0.4654541611671448,0.0267055518925189,0.0190627481788396,reviewed,
966,32.19883333333333,2329,2,car,0.5722412467002869,1657.58740234375,470.9756774902344,1817.6695556640625,514.9918212890625,0.9050148129463196,0.4564664363861084,0.0833761245012283,0.0407556891441345,reviewed,
966,32.19883333333333,2334,2,car,0.4666805863380432,1168.0711669921875,471.7049865722656,1259.6495361328125,506.890869140625,0.6322189569473267,0.4530536234378814,0.0476970672607421,0.0325795225799083,reviewed,
966,32.19883333333333,2359,2,car,0.8037946224212646,1483.5765380859375,467.3461608886719,1631.0538330078125,507.8966674804688,0.8111016750335693,0.4515013098716736,0.0768110901117324,0.0375467650592327,reviewed,
966,32.19883333333333,2361,2,car,0.4735899567604065,800.250244140625,489.2708740234375,850.4827270507812,509.0491333007813,0.4298783540725708,0.4621851742267608,0.026162751019001,0.0183132030069828,reviewed,
966,32.19883333333333,2301,2,car,0.3024325370788574,666.9673461914062,495.8345642089844,721.580810546875,513.888671875,0.3616010546684265,0.4674644768238067,0.0284445118159055,0.0167167671024799,reviewed,
966,32.19883333333333,2365,2,car,0.2847152352333069,235.57958984375,507.4979248046875,361.2501525878906,545.364990234375,0.1554244011640548,0.4874365329742431,0.0654534175992012,0.0350620970129966,reviewed,
966,32.19883333333333,2366,2,car,0.3098498582839966,337.6972351074219,508.8134765625,377.2196044921875,536.3838500976562,0.1861762702465057,0.4838876128196716,0.0205845665186643,0.025528123602271,reviewed,
967,32.2322,749,2,car,0.947512984275818,787.7981567382812,433.0471801757813,1258.0467529296875,762.3693237304688,0.5327721238136292,0.5534335374832153,0.2449211478233337,0.3049279153347015,reviewed,
967,32.2322,1292,2,car,0.8270045518875122,1302.015869140625,471.7945251464844,1435.68701171875,527.1004028320312,0.712943434715271,0.4624513387680053,0.0696203857660293,0.0512091442942619,reviewed,
967,32.2322,2036,2,car,0.6934208273887634,450.02783203125,501.3142395019531,528.0758666992188,528.8890991210938,0.2547145187854767,0.4769459962844848,0.0406500175595283,0.0255322773009538,reviewed,
967,32.2322,2126,2,car,0.5977684259414673,80.89512634277344,502.1463317871094,169.48684692382812,552.367919921875,0.0652036368846893,0.4882010519504547,0.0461415201425552,0.0465014688670635,reviewed,
967,32.2322,2129,2,car,0.3744544386863708,413.0023498535156,501.3918762207031,451.0252380371094,529.9658813476562,0.2250071913003921,0.4774804711341858,0.019803587347269,0.0264574121683836,reviewed,
967,32.2322,2234,2,car,0.8603343367576599,0.707577109336853,516.4815063476562,103.35718536376952,596.4007568359375,0.0271001998335123,0.5152233242988586,0.0534633360803127,0.0739993080496788,reviewed,
967,32.2322,2092,2,car,0.3649581372737884,373.8186950683594,507.8988952636719,432.0290832519531,534.9642333984375,0.2098561972379684,0.4828070104122162,0.030317910015583,0.025060499086976,reviewed,
967,32.2322,2279,2,car,0.1613301634788513,296.48406982421875,511.6578369140625,370.1565856933594,543.5263671875,0.1736043244600296,0.4885112047195434,0.0383711010217666,0.0295078977942466,reviewed,
967,32.2322,2298,2,car,0.2678006887435913,620.9070434570312,496.8909912109375,663.7225341796875,516.186279296875,0.3345389664173126,0.4690172672271728,0.0222997348755598,0.0178660079836845,reviewed,
967,32.2322,2318,2,car,0.4084323048591614,717.0504760742188,492.2450866699219,766.7559204101562,512.5233154296875,0.3864079117774963,0.4651705622673034,0.0258882530033588,0.018776137381792,reviewed,
967,32.2322,2329,2,car,0.5016536712646484,1675.8524169921875,472.270263671875,1830.747314453125,514.2759399414062,0.913176953792572,0.4567343592643738,0.0806744247674942,0.0388941429555416,reviewed,
967,32.2322,2334,2,car,0.491966187953949,1170.4034423828125,471.1253662109375,1265.0899658203125,507.40228271484375,0.6342430710792542,0.4530220627784729,0.0493158958852291,0.0335897393524646,reviewed,
967,32.2322,2359,2,car,0.7486571073532104,1476.537353515625,468.0257263183594,1621.89111328125,508.3380432128906,0.8068824410438538,0.4520202577114105,0.0757050812244415,0.0373262204229831,reviewed,
967,32.2322,2361,2,car,0.3029172122478485,797.6331787109375,487.7857055664063,850.3980102539062,508.68170166015625,0.4291748106479645,0.4613274931907654,0.0274816825985908,0.01934814453125,reviewed,
967,32.2322,2301,2,car,0.2635153532028198,667.2660522460938,495.510009765625,721.5867309570312,513.6519165039062,0.3616804182529449,0.467204600572586,0.0282920207828283,0.0167980622500181,reviewed,
967,32.2322,2365,2,car,0.2725608646869659,236.05374145507807,506.4698486328125,361.0630493164063,544.9926147460938,0.1554991751909256,0.4867881536483764,0.0651090145111084,0.0356692261993885,reviewed,
967,32.2322,2366,2,car,0.2209986448287964,337.7000427246094,509.7907409667969,377.5089111328125,535.8951416015625,0.1862523406744003,0.4841138422489166,0.0207337848842144,0.0241707414388656,reviewed,
968,32.265566666666665,749,2,car,0.9472486972808838,788.4398193359375,433.4268493652344,1258.366455078125,761.8140869140625,0.5330224633216858,0.5533522963523865,0.2447534501552581,0.3040622472763061,reviewed,
968,32.265566666666665,1292,2,car,0.8279004693031311,1302.2950439453125,472.2441101074219,1435.3389892578125,527.533447265625,0.7129255533218384,0.4628599882125854,0.0692937225103378,0.0511938296258449,reviewed,
968,32.265566666666665,2036,2,car,0.6717522144317627,449.2855529785156,501.42529296875,527.6241455078125,528.9012451171875,0.2544035613536834,0.4770030379295349,0.0408013500273227,0.0254406966269016,reviewed,
968,32.265566666666665,2126,2,car,0.5909809470176697,80.54129791259766,501.6641540527344,170.2646484375,551.7987670898438,0.0653140470385551,0.4877142906188965,0.046730913221836,0.0464209392666816,reviewed,
968,32.265566666666665,2129,2,car,0.3700604140758514,413.5602722167969,501.0653381347656,451.224365234375,529.4882202148438,0.2252043336629867,0.4771081507205963,0.0196167156100273,0.0263174828141927,reviewed,
968,32.265566666666665,2234,2,car,0.8614381551742554,0.6669338345527649,515.5310668945312,101.38776397705078,596.255126953125,0.0265767443925142,0.5147157907485962,0.0524587668478488,0.0747445002198219,reviewed,
968,32.265566666666665,2092,2,car,0.340090811252594,373.8744201660156,506.8511352539063,433.5855712890625,534.6360473632812,0.2102760374546051,0.4821699857711792,0.0310995578765869,0.0257267709821462,reviewed,
968,32.265566666666665,2279,2,car,0.1356520801782608,299.0511779785156,511.2599182128906,371.5028991699219,543.0663452148438,0.1746234595775604,0.4881140291690826,0.0377352721989154,0.0294503960758447,reviewed,
968,32.265566666666665,2298,2,car,0.2312652915716171,617.2152709960938,496.3451843261719,664.0465087890625,516.602783203125,0.3336619138717651,0.4689573943614959,0.0243912693113088,0.0187570359557867,reviewed,
968,32.265566666666665,2318,2,car,0.4255716502666473,715.5895385742188,492.0468444824219,766.2119750976562,512.3017578125,0.3858858048915863,0.4649762213230133,0.026365851983428,0.0187545493245124,reviewed,
968,32.265566666666665,2329,2,car,0.6858541369438171,1685.85693359375,473.0260620117188,1843.683837890625,513.5882568359375,0.919151246547699,0.4567658901214599,0.0822015106678009,0.0375575870275497,reviewed,
968,32.265566666666665,2334,2,car,0.4351910948753357,1171.4122314453125,470.4935607910156,1274.4228515625,507.6575317382813,0.6369361877441406,0.4528477489948272,0.0536513663828372,0.0344110839068889,reviewed,
968,32.265566666666665,2359,2,car,0.7870222330093384,1470.49072265625,467.9241333007813,1613.44384765625,508.8583679199219,0.8031079769134521,0.4522140920162201,0.0744547545909881,0.0379020683467388,reviewed,
968,32.265566666666665,2361,2,car,0.3915938436985016,794.856689453125,488.3345642089844,847.5737915039062,508.6717529296875,0.4277162551879883,0.4615769982337951,0.0274568237364292,0.0188307296484708,reviewed,
968,32.265566666666665,2301,2,car,0.1937813013792038,665.2447509765625,495.239990234375,717.1770629882812,513.3480224609375,0.3600057065486908,0.4669388830661773,0.0270480792969465,0.0167666971683502,reviewed,
968,32.265566666666665,2365,2,car,0.1178529262542724,236.74710083007807,503.7662048339844,364.20062255859375,543.9878540039062,0.1564968079328537,0.4850713014602661,0.0663820430636406,0.037242267280817,reviewed,
968,32.265566666666665,2366,2,car,0.2004323303699493,336.6289978027344,508.4172668457031,377.1533203125,535.72900390625,0.1858808249235153,0.4834010303020477,0.0211064182221889,0.0252886451780796,reviewed,
969,32.29893333333333,749,2,car,0.9468687772750854,788.2590942382812,433.5868225097656,1258.0352783203125,761.4087524414062,0.532889187335968,0.5532386898994446,0.2446750998497009,0.303538829088211,reviewed,
969,32.29893333333333,1292,2,car,0.8249634504318237,1302.186279296875,472.1477661132813,1434.9083251953125,527.3914794921875,0.7127850651741028,0.4627496600151062,0.0691260620951652,0.0511515848338604,reviewed,
969,32.29893333333333,2036,2,car,0.6658811569213867,448.9005126953125,501.8126220703125,527.5096435546875,528.9519653320312,0.2542734742164612,0.4772058427333832,0.0409422554075717,0.0251290220767259,reviewed,
969,32.29893333333333,2126,2,car,0.5756511688232422,79.71400451660156,501.7297973632813,170.43092346191406,551.7265014648438,0.0651419088244438,0.4877112507820129,0.0472483970224857,0.0462932437658309,reviewed,
969,32.29893333333333,2129,2,car,0.3346374332904815,413.44189453125,500.9927978515625,450.8498840332031,529.39794921875,0.2250759750604629,0.4770327508449554,0.0194833278656005,0.0263010654598474,reviewed,
969,32.29893333333333,2234,2,car,0.8559531569480896,0.3324296474456787,515.3988647460938,98.87853240966795,596.8402709960938,0.0258361883461475,0.5149255394935608,0.0513260960578918,0.075408712029457,reviewed,
969,32.29893333333333,2092,2,car,0.3652649521827698,373.74517822265625,506.63720703125,433.3892211914063,534.5646362304688,0.2101912498474121,0.4820379316806793,0.0310646053403615,0.0258587300777435,reviewed,
969,32.29893333333333,2279,2,car,0.133185938000679,299.2881774902344,511.4494323730469,371.5928039550781,543.0941772460938,0.1747085899114608,0.4882146120071411,0.0376586578786373,0.0293006896972656,reviewed,
969,32.29893333333333,2298,2,car,0.2163982689380645,619.1324462890625,496.5959167480469,664.7357177734375,516.2440795898438,0.3343406617641449,0.4689073860645294,0.0237517040222883,0.0181927438825368,reviewed,
969,32.29893333333333,2318,2,car,0.4596611261367798,714.61083984375,492.01861572265625,765.89697265625,512.3211669921875,0.3855489194393158,0.4649721086025238,0.0267115272581577,0.0187986586242914,reviewed,
969,32.29893333333333,2329,2,car,0.7168630361557007,1694.650146484375,471.5260925292969,1856.57421875,514.3043823242188,0.9247980117797852,0.456402987241745,0.0843354538083076,0.0396095290780067,reviewed,
969,32.29893333333333,2334,2,car,0.5337914824485779,1171.716064453125,470.1177062988281,1283.76708984375,507.59185791015625,0.6394487619400024,0.45264333486557,0.0583599098026752,0.0346982888877391,reviewed,
969,32.29893333333333,2359,2,car,0.8161606788635254,1461.8372802734375,467.3317565917969,1605.6739501953125,508.7229309082031,0.798831045627594,0.4518771767616272,0.0749149322509765,0.038325160741806,reviewed,
969,32.29893333333333,2361,2,car,0.50834721326828,791.5621337890625,488.3204345703125,845.584716796875,508.8316040039063,0.4263403117656708,0.4616444706916809,0.0281367618590593,0.0189918242394924,reviewed,
969,32.29893333333333,2301,2,car,0.235010489821434,664.43798828125,495.42718505859375,714.00830078125,513.448486328125,0.3589703738689422,0.467072069644928,0.02581787109375,0.0166863892227411,reviewed,
969,32.29893333333333,2365,2,car,0.1317223012447357,236.2991180419922,503.0242004394531,366.4941711425781,544.0689697265625,0.1569774150848388,0.484765350818634,0.0678099244832992,0.0380044169723987,reviewed,
969,32.29893333333333,2366,2,car,0.2222021371126175,335.1949462890625,508.02294921875,377.0104064941406,535.7510986328125,0.1854701340198516,0.4832287132740021,0.0217788852751255,0.0256742127239704,reviewed,
970,32.332300000000004,749,2,car,0.9454209804534912,786.5387573242188,433.9136047363281,1255.7503662109375,761.1320190429688,0.5318461060523987,0.5532618761062622,0.2443810403347015,0.3029800057411194,reviewed,
970,32.332300000000004,1292,2,car,0.8742043375968933,1300.314697265625,471.5882568359375,1433.2855224609375,526.8164672851562,0.7118750214576721,0.4622244238853454,0.0692556351423263,0.0511372312903404,reviewed,
970,32.332300000000004,2036,2,car,0.7101283669471741,447.6909484863281,501.46429443359375,529.1544799804688,529.1422119140625,0.254386842250824,0.4771326184272766,0.0424289219081401,0.0256277006119489,reviewed,
970,32.332300000000004,2126,2,car,0.6863671541213989,78.9350357055664,503.0638427734375,166.83517456054688,552.5812377929688,0.0640026554465293,0.4887245595455169,0.0457813218235969,0.0458494387567043,reviewed,
970,32.332300000000004,2129,2,car,0.3680922091007232,411.4298095703125,502.45697021484375,449.4479370117188,530.013427734375,0.2241869121789932,0.4779955744743347,0.0198011081665754,0.0255152378231287,reviewed,
970,32.332300000000004,2234,2,car,0.8788192272186279,0.0,516.414794921875,94.76927185058594,598.5626220703125,0.0246794987469911,0.5161932706832886,0.0493589974939823,0.0760628059506416,reviewed,
970,32.332300000000004,2092,2,car,0.3386852145195007,371.6592712402344,507.2253112792969,431.8727111816406,535.2976684570312,0.209253117442131,0.4826495051383972,0.0313611663877964,0.0259929224848747,reviewed,
970,32.332300000000004,2279,2,car,0.2521345317363739,296.49005126953125,511.8483276367188,368.6231994628906,543.6483764648438,0.1732065826654434,0.4886558949947357,0.0375693477690219,0.0294444896280765,reviewed,
970,32.332300000000004,2298,2,car,0.1941940486431121,624.108154296875,497.24798583984375,662.875732421875,515.5054321289062,0.3351520597934723,0.4688673317432403,0.0201914478093385,0.0169050432741642,reviewed,
970,32.332300000000004,2318,2,car,0.5024750232696533,712.3525390625,491.9814758300781,765.7523193359375,512.9498901367188,0.3849231302738189,0.4652460217475891,0.027812385931611,0.0194151978939771,reviewed,
970,32.332300000000004,2329,2,car,0.7414047718048096,1702.143798828125,469.43157958984375,1864.4410400390625,514.1737670898438,0.9287981390953064,0.4553728401660919,0.084529809653759,0.0414279513061046,reviewed,
970,32.332300000000004,2334,2,car,0.5005309581756592,1170.3428955078125,467.4146118164063,1291.386962890625,507.4907531738281,0.6410754919052124,0.4513450860977173,0.063043788075447,0.0371075384318828,reviewed,
970,32.332300000000004,2359,2,car,0.7430163621902466,1451.7249755859375,467.2463073730469,1595.2119140625,507.535888671875,0.7934731841087341,0.4512880742549896,0.0747327804565429,0.0373051688075065,reviewed,
970,32.332300000000004,2361,2,car,0.4097816348075866,785.6931762695312,485.3021240234375,841.3615112304688,508.659423828125,0.4237121641635895,0.4601673781871795,0.0289939250797033,0.0216271299868822,reviewed,
970,32.332300000000004,2301,2,car,0.3566978573799133,661.5684814453125,495.3169555664063,708.4195556640625,513.8458251953125,0.3567677140235901,0.4672049880027771,0.0244016014039516,0.0171563606709241,reviewed,
970,32.332300000000004,2365,2,car,0.278354674577713,234.8759002685547,506.7206115722656,359.3516540527344,545.0284423828125,0.1547467559576034,0.4869208335876465,0.0648311227560043,0.035470213741064,reviewed,
970,32.332300000000004,2366,2,car,0.1036730930209159,330.9035339355469,508.3440856933594,374.3561096191406,535.995849609375,0.1836613714694976,0.4834907352924347,0.0226315502077341,0.0256034843623638,reviewed,
971,32.36566666666667,749,2,car,0.9472211003303528,783.6416625976562,433.4927062988281,1252.4420166015625,760.8961791992188,0.5302301645278931,0.5529578328132629,0.2441668510437011,0.3031513690948486,reviewed,
971,32.36566666666667,1292,2,car,0.8386982679367065,1296.5750732421875,470.5494384765625,1429.8524169921875,525.3295288085938,0.7100071310997009,0.4610550701618194,0.0694152861833572,0.0507223047316074,reviewed,
971,32.36566666666667,2036,2,car,0.59239262342453,444.10247802734375,502.3282775878906,529.636474609375,530.1437377929688,0.25357785820961,0.4779963195323944,0.0445489548146724,0.0257550552487373,reviewed,
971,32.36566666666667,2126,2,car,0.6804441213607788,77.08919525146484,505.4643249511719,161.99658203125,553.856689453125,0.0622619241476058,0.4904264211654663,0.0442225970327854,0.044807743281126,reviewed,
971,32.36566666666667,2129,2,car,0.2458496391773224,409.77685546875,503.9541320800781,445.0049133300781,530.2061767578125,0.2225994169712066,0.4787779152393341,0.0183479469269514,0.0243074484169483,reviewed,
971,32.36566666666667,2234,2,car,0.8790200352668762,0.0,518.2423095703125,87.05799102783203,600.8150024414062,0.0226713512092828,0.5180821418762207,0.0453427024185657,0.0764561966061592,reviewed,
971,32.36566666666667,2092,2,car,0.4315827786922455,367.1900939941406,506.756103515625,429.2439880371094,536.813720703125,0.2074047029018402,0.4831341803073883,0.0323197357356548,0.0278311278671026,reviewed,
971,32.36566666666667,2279,2,car,0.3441022038459778,293.4752197265625,511.21142578125,364.9352111816406,544.810546875,0.1714610457420349,0.4888990521430969,0.0372187457978725,0.0311102978885173,reviewed,
971,32.36566666666667,2298,2,car,0.2150323241949081,620.4374389648438,497.4882507324219,658.396728515625,515.7517700195312,0.3330297470092773,0.4690925776958465,0.0197704639285802,0.0169106665998697,reviewed,
971,32.36566666666667,2318,2,car,0.481454998254776,708.0506591796875,492.3404846191406,761.9798583984375,513.3681640625,0.3828204572200775,0.4656058549880981,0.0280881244689226,0.0194700732827186,reviewed,
971,32.36566666666667,2329,2,car,0.7408833503723145,1707.0831298828125,467.5085754394531,1864.7149658203125,511.0965270996094,0.9301557540893556,0.4530579149723053,0.0820999145507812,0.0403592139482498,reviewed,
971,32.36566666666667,2334,2,car,0.4765539765357971,1172.120849609375,467.82708740234375,1294.6229248046875,506.5049743652344,0.6423811316490173,0.4510796368122101,0.0638031661510467,0.035812858492136,reviewed,
971,32.36566666666667,2359,2,car,0.7837651371955872,1442.3033447265625,465.9556274414063,1582.860107421875,506.1365356445313,0.7878029942512512,0.4500426650047302,0.0732066482305526,0.0372045449912548,reviewed,
971,32.36566666666667,2361,2,car,0.5420035719871521,780.4274291992188,484.8904113769531,839.0376586914062,508.7399597167969,0.4217357039451599,0.4600140750408172,0.0305261611938476,0.0220829155296087,reviewed,
971,32.36566666666667,2301,2,car,0.4251273572444916,654.316650390625,494.65631103515625,701.7684936523438,513.509033203125,0.3531471788883209,0.4667432010173797,0.0247145015746355,0.0174562241882085,reviewed,
971,32.36566666666667,2365,2,car,0.2365874648094177,234.7977600097656,508.21978759765625,361.93695068359375,545.0429077148438,0.155399665236473,0.4876216053962707,0.0662183314561843,0.0340954810380935,reviewed,
971,32.36566666666667,2366,2,car,0.1878084689378738,330.08428955078125,509.3330383300781,371.3189086914063,537.3564453125,0.1826570779085159,0.4845784604549408,0.0214763637632131,0.0259475987404584,reviewed,
972,32.399033333333335,749,2,car,0.9435500502586364,779.4158325195312,432.2775573730469,1249.66357421875,762.1361694335938,0.5284060835838318,0.5529692769050598,0.2449207007884979,0.3054246306419372,reviewed,
972,32.399033333333335,1292,2,car,0.801654577255249,1291.8861083984375,469.3176574707031,1425.4912109375,524.4362182617188,0.707650363445282,0.4600712656974792,0.0695859938859939,0.0510357059538364,reviewed,
972,32.399033333333335,2036,2,car,0.583291232585907,442.77435302734375,502.5680541992188,521.9039916992188,530.9661865234375,0.251218318939209,0.4784880578517914,0.0412133522331714,0.0262945666909217,reviewed,
972,32.399033333333335,2126,2,car,0.4864913821220398,69.92680358886719,506.78424072265625,156.79318237304688,556.077392578125,0.0590416640043258,0.4920655488967895,0.0452429056167602,0.0456418059766292,reviewed,
972,32.399033333333335,2129,2,car,0.3218331038951874,403.4249877929688,505.8813781738281,442.6654968261719,531.809326171875,0.2203360497951507,0.4804123342037201,0.020437765866518,0.0240073595196008,reviewed,
972,32.399033333333335,2234,2,car,0.8476951122283936,0.0,520.9977416992188,78.57726287841797,602.5814819335938,0.020462829619646,0.520175576210022,0.0409256592392921,0.0755404978990554,reviewed,
972,32.399033333333335,2092,2,car,0.4089983105659485,363.6846008300781,511.0325317382813,421.4064331054688,537.7457885742188,0.2044508010149002,0.4855455160140991,0.0300634540617465,0.0247344970703125,reviewed,
972,32.399033333333335,2279,2,car,0.1303611844778061,287.6839904785156,512.943115234375,354.0965270996094,545.5309448242188,0.1671303361654281,0.4900343120098114,0.0345898643136024,0.0301739163696765,reviewed,
972,32.399033333333335,2298,2,car,0.1579819321632385,612.5648193359375,497.0987854003906,654.6550903320312,517.5767211914062,0.3300051987171173,0.4697571992874145,0.0219220165163278,0.0189610514789819,reviewed,
972,32.399033333333335,2318,2,car,0.5904754996299744,703.6430053710938,492.6468505859375,756.9069213867188,514.28369140625,0.3803515434265136,0.466171532869339,0.0277416221797466,0.0200341120362281,reviewed,
972,32.399033333333335,2329,2,car,0.7255609035491943,1712.964111328125,465.818603515625,1860.417236328125,509.6697082519531,0.9305680394172668,0.4516149461269378,0.0767985060811042,0.0406028740108013,reviewed,
972,32.399033333333335,2334,2,car,0.3080176413059234,1173.1544189453125,464.8134460449219,1298.507568359375,504.94036865234375,0.6436620354652405,0.4489600956439972,0.065288096666336,0.03715455904603,reviewed,
972,32.399033333333335,2359,2,car,0.7273712158203125,1430.310302734375,464.8532104492188,1572.4857177734375,504.7992248535156,0.7819780707359314,0.4489131867885589,0.0740496963262558,0.0369870513677597,reviewed,
972,32.399033333333335,2361,2,car,0.5355771780014038,775.9706420898438,486.2911376953125,835.8731689453125,508.927734375,0.4197509884834289,0.460749477148056,0.0311992336064577,0.0209598112851381,reviewed,
972,32.399033333333335,2301,2,car,0.2962278127670288,647.854248046875,494.6167602539063,695.900634765625,513.8707885742188,0.3499361574649811,0.4668923914432525,0.0250241588801145,0.0178278032690286,reviewed,
972,32.399033333333335,2365,7,truck,0.122817724943161,226.0661163330078,500.2509460449219,354.5731811523437,546.12060546875,0.151208147406578,0.4844312965869903,0.0669307634234428,0.0424719080328941,reviewed,
972,32.399033333333335,2366,2,car,0.2084502428770065,326.866455078125,511.6954650878906,366.58642578125,538.35888671875,0.1805866807699203,0.486136257648468,0.0206874851137399,0.0246883537620306,reviewed,
973,32.4324,749,2,car,0.9443588852882384,777.4580078125,431.4930725097656,1247.7786865234375,762.6040649414062,0.5274053812026978,0.5528227686882019,0.244958683848381,0.3065842390060425,reviewed,
973,32.4324,1292,2,car,0.7686699628829956,1289.4884033203125,469.0185241699219,1424.28857421875,523.7892456054688,0.7067127227783203,0.4596332013607025,0.0702084228396415,0.0507136322557926,reviewed,
973,32.4324,2036,2,car,0.6352905035018921,442.35394287109375,503.3310546875,515.1873168945312,531.935791015625,0.2493596971035003,0.4792902171611786,0.0379340499639511,0.0264858677983284,reviewed,
973,32.4324,2126,2,car,0.4638155996799469,66.47686767578125,507.5616149902344,153.63113403320312,557.48095703125,0.0573197938501834,0.493075281381607,0.0453928485512733,0.0462216138839721,reviewed,
973,32.4324,2129,2,car,0.1363256275653839,400.7365112304688,506.1435546875,439.3995056152344,532.8817138671875,0.2187854200601577,0.4810302257537842,0.0201369766145944,0.0247575547546148,reviewed,
973,32.4324,2234,2,car,0.8362675905227661,0.0,524.0643310546875,72.72599792480469,601.9599609375,0.0189390610903501,0.5213075280189514,0.0378781221807003,0.0721255838871002,reviewed,
973,32.4324,2092,2,car,0.1247724443674087,361.01751708984375,512.6590576171875,416.2855529785156,538.9603271484375,0.2024226784706115,0.4868608117103576,0.0287854354828596,0.02435302734375,reviewed,
973,32.4324,2279,2,car,0.2119833976030349,281.6278991699219,514.1681518554688,355.88238525390625,546.3394775390625,0.1660182923078537,0.4909757375717163,0.0386742129921913,0.029788265004754,reviewed,
973,32.4324,2298,2,car,0.1387414336204528,610.052734375,497.6695251464844,651.1526489257812,519.2805786132812,0.3284388780593872,0.470810204744339,0.0214062053710222,0.0200102347880601,reviewed,
973,32.4324,2318,2,car,0.5756245851516724,702.8220825195312,492.4390258789063,753.0709838867188,514.4251708984375,0.3791388273239136,0.4661408364772796,0.0261713024228811,0.0203575417399406,reviewed,
973,32.4324,2329,2,car,0.6530370116233826,1721.3743896484375,464.4403991699219,1857.4879150390625,508.6753540039063,0.9319953918457032,0.4505165517330169,0.0708924606442451,0.0409582927823066,reviewed,
973,32.4324,2334,2,car,0.3559508621692657,1181.5623779296875,465.4791259765625,1304.354736328125,504.381103515625,0.6473742127418518,0.449009358882904,0.0639543533325195,0.0360203497111797,reviewed,
973,32.4324,2359,2,car,0.6080228090286255,1420.7548828125,462.7913208007813,1559.7056884765625,504.43463134765625,0.7761615514755249,0.4477897882461548,0.072370208799839,0.0385586209595203,reviewed,
973,32.4324,2361,2,car,0.3785470128059387,772.3832397460938,488.1081237792969,827.3702392578125,508.7704772949219,0.4166024625301361,0.461517870426178,0.0286390613764524,0.0191318094730377,reviewed,
973,32.4324,2301,2,car,0.2104970663785934,642.484619140625,496.0623474121094,692.1131591796875,514.8675537109375,0.3475514948368072,0.4680231213569641,0.0258481986820697,0.0174122285097837,reviewed,
973,32.4324,2365,2,car,0.1793820559978485,225.95106506347656,507.4480285644531,354.9414367675781,546.9854125976562,0.151274099946022,0.4881636500358581,0.0671824887394905,0.0366086885333061,reviewed,
973,32.4324,2366,2,car,0.3837150335311889,326.0091552734375,511.8547973632813,364.5965576171875,539.4616088867188,0.179845243692398,0.4867205619812011,0.0200976058840751,0.0255618616938591,reviewed,
974,32.46576666666667,749,2,car,0.9439913034439088,776.8361206054688,431.0838623046875,1247.4771728515625,763.0505981445312,0.527164876461029,0.5528400540351868,0.2451255470514297,0.3073765933513641,reviewed,
974,32.46576666666667,1292,2,car,0.8311464190483093,1289.297119140625,468.2264099121094,1423.5635986328125,523.0289916992188,0.7064741849899292,0.4589145183563232,0.0699304565787315,0.0507431328296661,reviewed,
974,32.46576666666667,2036,2,car,0.611029326915741,442.5362548828125,504.1323547363281,511.1072998046875,532.6121215820312,0.248344674706459,0.4799742996692657,0.0357140861451625,0.0263701546937227,reviewed,
974,32.46576666666667,2126,2,car,0.5026516914367676,66.52462768554688,508.5421142578125,153.11209106445312,558.6903076171875,0.0571970604360103,0.4940890967845917,0.0450976379215717,0.0464335121214389,reviewed,
974,32.46576666666667,2129,2,car,0.2558442950248718,399.41802978515625,507.0208129882813,439.57611083984375,534.2554931640625,0.2184880524873733,0.4820723831653595,0.0209156665951013,0.0252172965556383,reviewed,
974,32.46576666666667,2234,2,car,0.8524072766304016,0.1939640790224075,524.8041381835938,69.4376449584961,602.5573120117188,0.0181332305073738,0.5219265818595886,0.0360644198954105,0.0719936788082122,reviewed,
974,32.46576666666667,2092,2,car,0.1976464390754699,360.0302734375,510.4810180664063,411.8000183105469,538.643798828125,0.2009974867105484,0.4857059121131897,0.0269634090363979,0.0260766483843326,reviewed,
974,32.46576666666667,2298,2,car,0.1391046643257141,610.0452880859375,498.3736572265625,649.3281860351562,520.5938110351562,0.3279618620872497,0.4717442095279693,0.0204598419368267,0.02057421579957,reviewed,
974,32.46576666666667,2318,2,car,0.575919508934021,702.748779296875,493.0860290527344,749.5946655273438,514.5919799804688,0.3782144486904144,0.4665175974369049,0.0243988987058401,0.0199129171669483,reviewed,
974,32.46576666666667,2329,2,car,0.50832599401474,1731.2874755859375,463.1668090820313,1857.5867919921875,511.4651489257813,0.934602677822113,0.4512184858322143,0.0657808929681778,0.0447206832468509,reviewed,
974,32.46576666666667,2334,2,car,0.4538576900959015,1191.2010498046875,466.0310668945313,1309.50390625,503.1179809570313,0.6512252688407898,0.4486801028251648,0.0616160705685615,0.0343397334218025,reviewed,
974,32.46576666666667,2359,2,car,0.719160258769989,1417.118896484375,461.6464538574219,1550.3106689453125,504.164794921875,0.7727681398391724,0.4471348524093628,0.0693707168102264,0.0393688343465328,reviewed,
974,32.46576666666667,2361,2,car,0.4120277762413025,770.0300903320312,488.9886169433594,822.0665283203125,508.9692077636719,0.4146085083484649,0.4620175063610077,0.0271023120731115,0.0185005478560924,reviewed,
974,32.46576666666667,2301,2,car,0.227919116616249,638.7916259765625,495.8515625,690.3370971679688,515.045166015625,0.3461272418498993,0.468007743358612,0.0268465988337993,0.0177718549966812,reviewed,
974,32.46576666666667,2365,2,car,0.1893471330404281,233.5717010498047,512.3285522460938,356.80670166015625,548.3886108398438,0.1537443846464157,0.4910727739334106,0.0641848966479301,0.0333889424800872,reviewed,
974,32.46576666666667,2366,2,car,0.3919415175914764,311.98016357421875,511.9459533691406,363.85650634765625,540.6134033203125,0.1759991347789764,0.4872959852218628,0.027018928900361,0.0265439357608556,reviewed,
974,32.46576666666667,2373,2,car,0.3395319879055023,611.3904418945312,496.0643615722656,692.3001708984375,519.5886840820312,0.3395027816295624,0.4702097475528717,0.0421404838562011,0.0217817798256874,reviewed,
975,32.49913333333333,749,2,car,0.9454197287559508,777.8570556640625,430.8302612304688,1248.1700439453125,763.7332763671875,0.5276111960411072,0.5530386567115784,0.2449546754360199,0.3082435429096222,reviewed,
975,32.49913333333333,1292,2,car,0.817535936832428,1290.7294921875,468.1894226074219,1424.4610595703125,522.5687255859375,0.7070808410644531,0.458684355020523,0.0696518570184707,0.0503512062132358,reviewed,
975,32.49913333333333,2036,2,car,0.607506513595581,442.6448059082031,504.98724365234375,514.2861938476562,533.0325317382812,0.2492007911205291,0.4805647134780884,0.0373132228851318,0.0259678587317466,reviewed,
975,32.49913333333333,2126,2,car,0.5226423740386963,66.89888000488281,509.1362915039063,153.03506469726562,559.3209838867188,0.0572744645178318,0.4946561455726623,0.0448625944554805,0.0464673079550266,reviewed,
975,32.49913333333333,2129,2,car,0.1608297526836395,400.8279418945313,503.8229064941406,441.9154357910156,534.0726928710938,0.219464436173439,0.4805072247982025,0.0213997364044189,0.0280090607702732,reviewed,
975,32.49913333333333,2234,2,car,0.8338631391525269,0.828905463218689,525.7145385742188,68.44071197509766,603.0706787109375,0.0180389620363712,0.5225857496261597,0.0352144837379455,0.0716260522603988,reviewed,
975,32.49913333333333,2092,2,car,0.2398464381694793,361.3570861816406,511.09869384765625,411.491455078125,538.5406494140625,0.2012626379728317,0.4859441816806793,0.026111651211977,0.0254092179238796,reviewed,
975,32.49913333333333,2298,2,car,0.1754725277423858,609.7648315429688,498.4621887207031,650.6619873046875,520.7840576171875,0.3282361328601837,0.4718732535839081,0.0213006027042865,0.0206683967262506,reviewed,
975,32.49913333333333,2318,2,car,0.5967239737510681,703.5340576171875,493.5180969238281,748.8511962890625,514.6624145507812,0.3782253265380859,0.4667502641677856,0.0236026756465435,0.0195780713111162,reviewed,
975,32.49913333333333,2329,2,car,0.5409030318260193,1754.0426025390625,461.9391784667969,1859.5250244140625,506.6135864257813,0.9410332441329956,0.4484040439128876,0.0549387596547603,0.0413651913404464,reviewed,
975,32.49913333333333,2334,2,car,0.44558185338974,1200.7567138671875,465.8858642578125,1310.909912109375,502.602294921875,0.654079794883728,0.4483741521835327,0.0573714561760425,0.0339966937899589,reviewed,
975,32.49913333333333,2359,2,car,0.6165401935577393,1414.731689453125,461.6036682128906,1542.58935546875,503.6519165039063,0.7701357007026672,0.4468775987625122,0.0665925368666648,0.0389335639774799,reviewed,
975,32.49913333333333,2361,2,car,0.4700480997562408,766.9248046875,488.6525268554688,817.4725341796875,509.6767578125,0.4126034677028656,0.4621894955635071,0.0263269431889057,0.0194668807089328,reviewed,
975,32.49913333333333,2301,2,car,0.2170813381671905,641.690673828125,496.4201354980469,689.801513671875,515.277587890625,0.3467427492141723,0.4683786034584045,0.0250577293336391,0.0174606032669544,reviewed,
975,32.49913333333333,2365,2,car,0.2175983935594558,230.8309326171875,513.5986328125,356.861328125,548.8480224609375,0.1530448645353317,0.4918734431266784,0.0656408295035362,0.0326383225619792,reviewed,
975,32.49913333333333,2366,2,car,0.3464572727680206,314.0279846191406,512.488037109375,364.8633117675781,541.2042236328125,0.1767946034669876,0.4878204762935638,0.0264767333865165,0.026589062064886,reviewed,
975,32.49913333333333,2373,2,car,0.2783797681331634,612.8175659179688,495.99072265625,691.681884765625,518.9111328125,0.3397134244441986,0.4698619842529297,0.0410751663148403,0.0212226025760173,reviewed,
976,32.5325,749,2,car,0.944372296333313,779.9593505859375,431.0176696777344,1249.96875,763.8190307617188,0.5286270976066589,0.5531651377677917,0.2447965592145919,0.3081493973731994,reviewed,
976,32.5325,1292,2,car,0.8511216044425964,1292.6781005859375,467.79437255859375,1426.9813232421875,522.3432006835938,0.7082446217536926,0.4583970308303833,0.069949597120285,0.0505081750452518,reviewed,
976,32.5325,2036,2,car,0.5134426355361938,444.8999938964844,503.9483947753906,517.5416870117188,532.8934936523438,0.2506358325481415,0.4800194203853607,0.0378342159092426,0.0268010180443525,reviewed,
976,32.5325,2126,2,car,0.4853474199771881,70.98612213134766,509.5733947753906,155.4519500732422,559.4122314453125,0.058968249708414,0.4949007332324981,0.0439926199615001,0.0461470708250999,reviewed,
976,32.5325,2129,2,car,0.1058773025870323,404.4341735839844,506.7138977050781,442.93756103515625,534.977783203125,0.2206697165966034,0.4822646677494049,0.0200538467615842,0.026170264929533,reviewed,
976,32.5325,2234,2,car,0.8255432844161987,1.2686494588851929,526.3370361328125,67.48934936523438,602.7281494140625,0.0179057288914918,0.5227153897285461,0.0344899483025074,0.0707325115799903,reviewed,
976,32.5325,2092,2,car,0.2253676652908325,363.4221496582031,512.6773681640625,417.2999572753906,540.0601196289062,0.2033130526542663,0.4873785078525543,0.0280613582581281,0.0253544002771377,reviewed,
976,32.5325,2298,2,car,0.142125129699707,608.1027221679688,499.0085754394531,653.5425415039062,521.5404052734375,0.3285534679889679,0.4724763631820678,0.0236665718257427,0.0208628047257661,reviewed,
976,32.5325,2318,2,car,0.6040000319480896,704.8068237304688,493.54290771484375,752.5070190429688,514.7033081054688,0.3795088231563568,0.4667806625366211,0.0248438511043787,0.0195929631590843,reviewed,
976,32.5325,2329,2,car,0.5853437185287476,1763.400146484375,462.3608093261719,1861.96240234375,504.232666015625,0.9441048502922058,0.4474969804286957,0.0513345077633857,0.0387702360749244,reviewed,
976,32.5325,2334,2,car,0.4150028228759765,1209.7227783203125,466.3169555664063,1313.099365234375,502.1972961425781,0.6569849848747253,0.4483862519264221,0.0538419708609581,0.0332225374877452,reviewed,
976,32.5325,2359,2,car,0.6735635995864868,1416.513427734375,461.8128051757813,1536.668701171875,503.7223815917969,0.7690578699111938,0.4470070302486419,0.062580868601799,0.0388051643967628,reviewed,
976,32.5325,2361,2,car,0.5407699346542358,765.2633666992188,488.4132690429688,818.12158203125,510.0020446777344,0.412339836359024,0.462229311466217,0.0275303199887275,0.0199896078556776,reviewed,
976,32.5325,2301,2,car,0.1071274355053901,632.331787109375,497.4877624511719,687.7852783203125,515.4954223632812,0.3437804877758026,0.468973696231842,0.0288820266723632,0.0166737586259841,reviewed,
976,32.5325,2365,2,car,0.1517768651247024,230.57948303222656,513.6111450195312,356.8902587890625,548.7581176757812,0.1529869139194488,0.4918376207351684,0.0657868608832359,0.0325434915721416,reviewed,
976,32.5325,2366,2,car,0.1498835533857345,305.221435546875,513.265625,365.0794982910156,541.4364013671875,0.1745575219392776,0.4882879853248596,0.0311760734766721,0.0260840523988008,reviewed,
976,32.5325,2373,2,car,0.157159075140953,608.3001098632812,496.7346801757813,687.333251953125,519.175537109375,0.3374045193195343,0.4703288078308105,0.0411630943417549,0.0207785703241825,reviewed,
977,32.565866666666665,749,2,car,0.9438944458961488,780.4124755859375,431.1514587402344,1250.484130859375,763.893798828125,0.5288793444633484,0.5532616972923279,0.2448289841413498,0.3080947697162628,reviewed,
977,32.565866666666665,1292,2,car,0.8435502648353577,1293.5450439453125,467.8877258300781,1427.300537109375,521.8276977539062,0.7085535526275635,0.4582015872001648,0.0696643218398094,0.049944419413805,reviewed,
977,32.565866666666665,2036,2,car,0.5921797752380371,444.6107177734375,503.6337585449219,521.1769409179688,532.8373413085938,0.2515071928501129,0.4798477292060852,0.0398782417178154,0.0270403549075126,reviewed,
977,32.565866666666665,2126,2,car,0.5628357529640198,73.5516357421875,509.7041931152344,158.33750915527344,559.9417114257812,0.060387797653675,0.4952064156532287,0.0441593080759048,0.0465162210166454,reviewed,
977,32.565866666666665,2129,2,car,0.1104919612407684,405.38861083984375,508.5847473144531,443.2136535644531,534.7215576171875,0.2209901809692382,0.4830121695995331,0.0197005439549684,0.0242007505148649,reviewed,
977,32.565866666666665,2234,2,car,0.8236773014068604,1.00702965259552,528.2061157226562,65.34461975097656,603.3515625,0.0172790754586458,0.5238692760467529,0.0335091613233089,0.069579117000103,reviewed,
977,32.565866666666665,2092,2,car,0.2902113795280456,364.959716796875,513.22119140625,419.33636474609375,539.19921875,0.2042437642812729,0.4872316718101501,0.0283211711794137,0.0240537282079458,reviewed,
977,32.565866666666665,2298,2,car,0.2262873500585556,607.3043212890625,499.3388671875,657.056884765625,522.5783081054688,0.3292607367038727,0.4731098115444183,0.0259127933531999,0.021518001332879,reviewed,
977,32.565866666666665,2318,2,car,0.6099283695220947,704.8836059570312,493.4503784179688,753.8054809570312,514.6832275390625,0.3798669576644897,0.4667285084724426,0.025480143725872,0.0196600463241338,reviewed,
977,32.565866666666665,2329,2,car,0.6924076676368713,1772.24609375,461.6357727050781,1862.50439453125,502.8395385742188,0.9465495944023132,0.4465163648128509,0.0470095314085483,0.0381516367197036,reviewed,
977,32.565866666666665,2334,2,car,0.1816014349460601,1217.3853759765625,465.3486328125,1315.7213134765625,502.3600769042969,0.659663200378418,0.4480133056640625,0.0512166358530521,0.0342698544263839,reviewed,
977,32.565866666666665,2359,2,car,0.5621163845062256,1414.5994873046875,462.3203125,1529.470947265625,502.710693359375,0.7666849493980408,0.4467736184597015,0.0598288848996162,0.0373985022306442,reviewed,
977,32.565866666666665,2361,2,car,0.6122605204582214,764.6808471679688,489.0071105957031,817.9065551757812,510.1384582519531,0.4121321439743042,0.462567389011383,0.0277217235416173,0.0195660628378391,reviewed,
977,32.565866666666665,2365,2,car,0.1741687208414077,231.3124237060547,515.3706665039062,346.2550354003906,549.2489624023438,0.1504081934690475,0.4928794503211975,0.0598659440875053,0.0313687920570373,reviewed,
977,32.565866666666665,2366,2,car,0.3061231672763824,309.5261535644531,513.6471557617188,367.4518127441406,541.729248046875,0.1762963384389877,0.4886002242565155,0.0301696136593818,0.026001937687397,reviewed,
977,32.565866666666665,2373,2,car,0.2828205823898315,607.064208984375,496.2973327636719,685.787109375,520.9922485351562,0.3366800248622894,0.4709673821926117,0.0410015098750591,0.0228656623512506,reviewed,
978,32.59923333333333,749,2,car,0.9471883773803712,778.9846801757812,430.8694458007813,1248.4769287109375,763.8839111328125,0.5279847979545593,0.5531265735626221,0.244527205824852,0.3083467185497284,reviewed,
978,32.59923333333333,1292,2,car,0.8589751720428467,1291.442138671875,467.69915771484375,1425.9234619140625,521.2637329101562,0.7076473236083984,0.4578531980514526,0.0700423568487167,0.0495968274772167,reviewed,
978,32.59923333333333,2036,2,car,0.5674521327018738,442.7471008300781,504.7303771972656,517.1815185546875,533.0232543945312,0.24998140335083,0.4804415106773376,0.0387679263949394,0.0261971093714237,reviewed,
978,32.59923333333333,2126,2,car,0.5294565558433533,70.82083129882812,510.4283142089844,156.55877685546875,560.9987182617188,0.0592134408652782,0.4960310161113739,0.0446551814675331,0.0468244478106498,reviewed,
978,32.59923333333333,2234,2,car,0.8383760452270508,0.0882953330874443,531.0400390625,58.45425796508789,603.968017578125,0.0152454562485218,0.5254666805267334,0.0303989388048648,0.0675259083509445,reviewed,
978,32.59923333333333,2092,2,car,0.265522301197052,363.5721740722656,514.5635986328125,420.9841918945313,541.3032836914062,0.2043115645647049,0.4888272881507873,0.0299020931124687,0.024758968502283,reviewed,
978,32.59923333333333,2298,2,car,0.1954476833343505,604.4630126953125,499.708251953125,659.0709228515625,523.1587524414062,0.329045295715332,0.4735495448112488,0.0284416191279888,0.021713426336646,reviewed,
978,32.59923333333333,2318,2,car,0.6041950583457947,703.4578857421875,493.5165710449219,750.4631958007812,514.7833862304688,0.3786253035068512,0.4668055176734924,0.0244819317013025,0.0196914952248334,reviewed,
978,32.59923333333333,2329,2,car,0.6076520085334778,1780.871337890625,461.1331787109375,1860.1812744140625,501.2494812011719,0.9481908082962036,0.4455475509166717,0.041307259351015,0.0371447242796421,reviewed,
978,32.59923333333333,2334,7,truck,0.2948439121246338,1223.7266845703125,464.6200866699219,1316.755859375,501.5912780761719,0.6615839600563049,0.4473200738430023,0.0484526939690113,0.0342325828969478,reviewed,
978,32.59923333333333,2359,2,car,0.6234558820724487,1410.0711669921875,461.24945068359375,1520.782958984375,502.0565490722656,0.7632432579994202,0.4459750056266784,0.0576623901724815,0.0377843491733074,reviewed,
978,32.59923333333333,2361,2,car,0.4342555701732635,762.0423583984375,490.0518493652344,812.2381591796875,510.0199279785156,0.4099688827991485,0.4629961848258972,0.0261436458677053,0.0184889622032642,reviewed,
978,32.59923333333333,2365,2,car,0.1233398392796516,231.67156982421875,515.45556640625,351.13800048828125,549.7210693359375,0.1517733186483383,0.4931373298168182,0.0622221007943153,0.0317273177206516,reviewed,
978,32.59923333333333,2366,2,car,0.1845072209835052,295.3065795898437,514.55615234375,364.916015625,545.9029541015625,0.171932965517044,0.4909532964229584,0.0362549163401126,0.0290248170495033,reviewed,
978,32.59923333333333,2373,2,car,0.3982903361320495,605.9597778320312,497.2705383300781,681.7655639648438,521.2509765625,0.3353451490402221,0.4715377390384674,0.0394821800291538,0.0222041103988885,reviewed,
978,32.59923333333333,2301,2,car,0.3241089880466461,621.0542602539062,498.42767333984375,682.4970092773438,516.0525512695312,0.3394664824008941,0.4696667790412903,0.032001432031393,0.0163193307816982,reviewed,
979,32.632600000000004,749,2,car,0.9435942769050598,776.267578125,430.2471923828125,1245.468994140625,763.6681518554688,0.5264939069747925,0.5527385473251343,0.2443757355213165,0.308723121881485,reviewed,
979,32.632600000000004,1292,2,car,0.8535342216491699,1288.809814453125,467.2434387207031,1423.8873291015625,520.5618286132812,0.7064315676689148,0.4573172628879547,0.0703528746962547,0.0493688806891441,reviewed,
979,32.632600000000004,2036,2,car,0.5789692401885986,441.93255615234375,505.7646789550781,511.8873901367188,533.858154296875,0.2483906149864196,0.4813068509101867,0.0364348106086254,0.0260124765336513,reviewed,
979,32.632600000000004,2126,2,car,0.6007884740829468,68.076904296875,510.8703002929688,153.6077423095703,562.9905395507812,0.0577303767204284,0.4971577823162079,0.0445473119616508,0.0482594817876815,reviewed,
979,32.632600000000004,2234,2,car,0.8052573800086975,0.0,535.8076171875,51.00981140136719,605.3131713867188,0.0132838049903512,0.528296709060669,0.0265676099807024,0.0643569976091384,reviewed,
979,32.632600000000004,2092,2,car,0.2172218710184097,360.409912109375,513.2056884765625,421.6193542480469,541.92236328125,0.2036534696817398,0.4884852170944214,0.0318799167871475,0.0265895128250122,reviewed,
979,32.632600000000004,2298,2,car,0.2672932744026184,601.4954833984375,499.9858093261719,661.0615234375,523.127197265625,0.3287908732891083,0.4736634492874145,0.0310239791870117,0.0214272104203701,reviewed,
979,32.632600000000004,2318,2,car,0.6122331619262695,701.4591064453125,493.4684753417969,748.5140991210938,514.86279296875,0.3775971829891205,0.4668200314044952,0.0245078094303607,0.019809553399682,reviewed,
979,32.632600000000004,2329,2,car,0.4124599099159241,1788.55419921875,460.5907287597656,1854.89111328125,500.2687377929688,0.9488138556480408,0.4448423683643341,0.0345504768192768,0.0367388986051082,reviewed,
979,32.632600000000004,2334,7,truck,0.1738586574792862,1227.7977294921875,463.6277770996094,1318.2081298828125,501.65716552734375,0.6630223393440247,0.4468911588191986,0.0470887497067451,0.0352123975753784,reviewed,
979,32.632600000000004,2359,2,car,0.5710981488227844,1403.7999267578125,460.6288146972656,1510.3782958984375,501.3303833007813,0.7589005827903748,0.4453514814376831,0.0555095672607421,0.037686638534069,reviewed,
979,32.632600000000004,2361,2,car,0.3130398392677307,758.2000732421875,489.7344055175781,807.8822021484375,510.02728271484375,0.4078339338302612,0.4628526568412781,0.0258761085569858,0.0187897011637687,reviewed,
979,32.632600000000004,2365,2,car,0.2099677324295044,227.77587890625,515.0225830078125,353.373291015625,551.1793823242188,0.1513409316539764,0.493611991405487,0.0654153153300285,0.0334785170853138,reviewed,
979,32.632600000000004,2366,2,car,0.2868663966655731,288.9149780273437,514.775390625,362.0652770996094,547.12890625,0.1695261001586914,0.4916223585605621,0.0380991138517856,0.0299569591879844,reviewed,
979,32.632600000000004,2373,2,car,0.1832906305789947,603.5905151367188,497.7680969238281,677.1517333984375,521.1203002929688,0.333526611328125,0.4717076122760772,0.0383131355047225,0.021622410044074,reviewed,
980,32.66596666666667,749,2,car,0.9437727332115172,775.5779418945312,430.0905456542969,1244.8082275390625,763.8043212890625,0.5261422395706177,0.5527291297912598,0.2443907707929611,0.3089942336082458,reviewed,
980,32.66596666666667,1292,2,car,0.8549408912658691,1288.37109375,467.24224853515625,1422.376220703125,520.5807495117188,0.7059237957000732,0.4573254585266113,0.0697943344712257,0.0493874996900558,reviewed,
980,32.66596666666667,2036,2,car,0.5290713906288147,441.5156555175781,506.0580139160156,510.0391540527344,533.7860107421875,0.2478007376194,0.4814092516899109,0.0356893204152584,0.025674071162939,reviewed,
980,32.66596666666667,2126,2,car,0.6567474603652954,66.62290954589844,511.0284729003906,152.07589721679688,563.3779296875,0.056952815502882,0.4974103569984436,0.0445067659020423,0.0484717190265655,reviewed,
980,32.66596666666667,2234,2,car,0.8520026803016663,0.0,539.1984252929688,44.47548675537109,606.414794921875,0.011582157574594,0.5303764939308167,0.023164315149188,0.0622373782098293,reviewed,
980,32.66596666666667,2092,2,car,0.1123836860060691,358.8393859863281,514.554443359375,421.0358276367188,542.416259765625,0.2030925154685974,0.4893382787704468,0.0323939807713031,0.0257979780435562,reviewed,
980,32.66596666666667,2318,2,car,0.5974776148796082,700.3375244140625,493.4198913574219,747.697021484375,515.0120849609375,0.3770923316478729,0.466866672039032,0.024666404351592,0.0199927724897861,reviewed,
980,32.66596666666667,2329,2,car,0.4306074678897857,1797.831298828125,461.1190490722656,1852.831787109375,499.5302734375,0.9506934881210328,0.4447450339794159,0.0286460872739553,0.0355659499764442,reviewed,
980,32.66596666666667,2359,2,car,0.4935742318630218,1398.78857421875,460.4473571777344,1501.56884765625,501.1063232421875,0.7553014159202576,0.445163756608963,0.0535313934087753,0.0376471914350986,reviewed,
980,32.66596666666667,2361,2,car,0.5021021366119385,762.4437255859375,489.8702087402344,806.0565185546875,509.2043762207031,0.4084635972976684,0.4625345170497894,0.0227149967104196,0.0179020073264837,reviewed,
980,32.66596666666667,2365,2,car,0.1978269815444946,233.42198181152344,514.4905395507812,357.4013977050781,550.9803466796875,0.153860256075859,0.4932735860347748,0.0645726099610328,0.0337868593633174,reviewed,
980,32.66596666666667,2366,2,car,0.3606152534484863,282.2901916503906,514.7171630859375,360.3681945800781,549.1824951171875,0.1673589497804641,0.4925461411476135,0.0406656265258789,0.0319123454391956,reviewed,
980,32.66596666666667,2373,2,car,0.22239750623703,600.7739868164062,498.8166198730469,673.6485595703125,522.2090454101562,0.3318808972835541,0.4726970493793487,0.0379555076360702,0.0216596536338329,reviewed,
980,32.66596666666667,2129,2,car,0.2537360191345215,399.23773193359375,509.2789611816406,436.6731872558594,534.8902587890625,0.2176851332187652,0.4834116697311401,0.0194976329803466,0.0237141642719507,reviewed,
981,32.699333333333335,749,2,car,0.9453973174095154,776.3833618164062,429.8944091796875,1245.7469482421875,763.9219970703125,0.5265964269638062,0.5526927709579468,0.2444601953029632,0.3092848062515259,reviewed,
981,32.699333333333335,1292,2,car,0.8244277238845825,1289.7838134765625,467.0715026855469,1423.2916259765625,520.9818725585938,0.7065300345420837,0.4574320912361145,0.0695353224873542,0.0499170087277889,reviewed,
981,32.699333333333335,2036,2,car,0.5598663687705994,441.09613037109375,505.7749328613281,510.6965637207031,533.1024169921875,0.2478626817464828,0.4809617102146148,0.0362502261996269,0.0253032259643077,reviewed,
981,32.699333333333335,2126,2,car,0.601193904876709,67.34291076660156,510.4363708496094,152.83860778808594,562.9860229492188,0.0573389381170272,0.4969547986984253,0.0445290096104145,0.0486570857465267,reviewed,
981,32.699333333333335,2234,2,car,0.8207021355628967,0.3378686308860779,537.8377075195312,40.06882095336914,605.7695922851562,0.0105225751176476,0.5294478535652161,0.0206932052969932,0.0628998950123786,reviewed,
981,32.699333333333335,2092,2,car,0.2311608791351318,359.1737060546875,512.3502807617188,423.2716369628906,541.3679809570312,0.203761801123619,0.4878325164318084,0.0333843380212783,0.0268682409077882,reviewed,
981,32.699333333333335,2318,2,car,0.5947476029396057,701.4409790039062,492.9476623535156,748.7778930664062,514.8574829101562,0.3776611685752868,0.4665764570236206,0.0246546436101198,0.0202868711203336,reviewed,
981,32.699333333333335,2329,2,car,0.3176482319831848,1811.0745849609373,462.6211242675781,1853.5762939453125,500.1725158691406,0.954336166381836,0.4457378089427948,0.0221363063901662,0.034769807010889,reviewed,
981,32.699333333333335,2359,2,car,0.3423230946063995,1396.046142578125,459.9163208007813,1495.2608642578125,500.9515686035156,0.7529445886611938,0.4448462724685669,0.0516743324697017,0.0379955992102623,reviewed,
981,32.699333333333335,2361,2,car,0.4487749338150024,759.0465087890625,490.4455261230469,803.8248291015625,509.5016479492188,0.4069977402687073,0.4629384875297546,0.0233220420777797,0.0176445581018924,reviewed,
981,32.699333333333335,2365,2,car,0.2274904400110244,233.45864868164065,514.4244384765625,355.80572509765625,551.0162963867188,0.1534542739391327,0.4932595789432525,0.063722439110279,0.0338813513517379,reviewed,
981,32.699333333333335,2366,2,car,0.2927751541137695,282.0504455566406,514.7374267578125,359.7066345214844,549.3963623046875,0.1671242415904998,0.4926545321941376,0.0404459312558174,0.0320916064083576,reviewed,
981,32.699333333333335,2373,2,car,0.1640696972608566,603.3944091796875,499.1705322265625,673.4478759765625,521.0536499023438,0.3325110077857971,0.4723260104656219,0.0364861823618412,0.0202621463686227,reviewed,
981,32.699333333333335,2129,2,car,0.248929277062416,400.4637451171875,509.5810546875,437.5711059570313,534.0171508789062,0.2182382494211197,0.4831472933292389,0.0193267501890659,0.0226260144263505,reviewed,
981,32.699333333333335,2298,2,car,0.3370225727558136,600.5602416992188,500.2061767578125,657.2759399414062,522.7534790039062,0.3275614976882934,0.4735924303531647,0.0295394267886877,0.020877132192254,reviewed,
982,32.7327,749,2,car,0.9454183578491212,778.4760131835938,429.8123474121094,1247.765869140625,764.2561645507812,0.5276671648025513,0.552809476852417,0.2444217950105667,0.3096702098846435,reviewed,
982,32.7327,1292,2,car,0.8401113152503967,1291.714111328125,467.7251281738281,1425.838623046875,521.1010131835938,0.7076960206031799,0.4577898979187011,0.0698565170168876,0.0494221150875091,reviewed,
982,32.7327,2036,2,car,0.6126740574836731,441.7662353515625,505.1756591796875,513.447509765625,532.5884399414062,0.2487535774707794,0.4804463684558868,0.0373339988291263,0.0253822039812803,reviewed,
982,32.7327,2126,2,car,0.65888512134552,68.00823974609375,509.64459228515625,154.6781768798828,560.4974975585938,0.0579912550747394,0.4954361617565155,0.045140590518713,0.0470860227942466,reviewed,
982,32.7327,2234,2,car,0.81166672706604,0.8261910080909729,537.1859741210938,36.87517547607422,605.0193481445312,0.0098180640488863,0.5287987589836121,0.018775513395667,0.0628086775541305,reviewed,
982,32.7327,2092,2,car,0.2803145945072174,361.2057800292969,512.69873046875,420.7258911132813,539.3300170898438,0.2036280333995819,0.4870503842830658,0.0310000572353601,0.0246585980057716,reviewed,
982,32.7327,2318,2,car,0.631868302822113,703.3225708007812,492.8677062988281,750.38134765625,514.5789794921875,0.3785687088966369,0.4664104878902435,0.0245097801089286,0.0201030299067497,reviewed,
982,32.7327,2329,2,car,0.2021767944097519,1825.0233154296875,464.9634094238281,1856.0775146484373,499.486328125,0.958620011806488,0.4465045034885406,0.0161740612238645,0.0319656655192375,reviewed,
982,32.7327,2359,2,car,0.4902596771717071,1396.5908203125,460.62152099609375,1489.7984619140625,501.6870727539063,0.751663863658905,0.4455132484436035,0.0485456474125385,0.0380236580967903,reviewed,
982,32.7327,2361,2,car,0.4585506319999695,757.8250122070312,488.9731140136719,803.4354858398438,509.4581604003906,0.4065782427787781,0.4622367024421692,0.0237554553896188,0.0189676359295845,reviewed,
982,32.7327,2365,2,car,0.2106429189443588,228.25213623046875,513.693115234375,357.9709167480469,550.2490844726562,0.1526622474193573,0.4925658106803894,0.0675618648529052,0.0338481180369854,reviewed,
982,32.7327,2366,2,car,0.13084577023983,284.9161682128906,514.4156494140625,361.4210815429688,548.7647705078125,0.1683170050382614,0.4922131597995758,0.0398463085293769,0.0318047404289245,reviewed,
982,32.7327,2373,2,car,0.2019753456115722,610.359130859375,499.0171508789063,673.0765991210938,520.6544189453125,0.3342280685901642,0.4720701575279236,0.0326653495430946,0.0200345069169998,reviewed,
982,32.7327,2298,2,car,0.3718398213386535,609.5087890625,499.9695739746094,656.483642578125,521.6652221679688,0.3296855390071869,0.4729790687561035,0.0244660694152116,0.0200885627418756,reviewed,
983,32.76606666666667,749,2,car,0.944463551044464,780.21728515625,430.3977355957031,1249.6380615234375,764.1343994140625,0.5286081433296204,0.5530241131782532,0.2444899827241897,0.3090154230594635,reviewed,
983,32.76606666666667,1292,2,car,0.8062397241592407,1293.0133056640625,467.9508361816406,1426.6121826171875,521.8753662109375,0.7082358002662659,0.4582528471946716,0.0695827454328537,0.0499301217496395,reviewed,
983,32.76606666666667,2036,2,car,0.4627682268619537,444.7330932617188,503.2388610839844,518.6911010742188,532.1693725585938,0.2508917152881622,0.4793556630611419,0.0385197959840297,0.0267875101417303,reviewed,
983,32.76606666666667,2126,2,car,0.5815528035163879,70.1050033569336,509.75482177734375,157.056640625,559.254150390625,0.0591566786170005,0.4949115812778473,0.0452873110771179,0.0458327122032642,reviewed,
983,32.76606666666667,2234,2,car,0.7919955253601074,0.7572262287139893,536.0488891601562,33.02936935424805,603.6890869140625,0.008798592723906,0.5276564955711365,0.016808409243822,0.0626298114657402,reviewed,
983,32.76606666666667,2318,2,car,0.5898382067680359,704.4334716796875,492.6896362304688,755.7894897460938,514.3650512695312,0.3802663683891296,0.4662290215492248,0.0267479252070188,0.0200698282569646,reviewed,
983,32.76606666666667,2359,2,car,0.4016600847244262,1396.1025390625,461.7157287597656,1484.9580078125,502.3553466796875,0.7502762079238892,0.4463291764259338,0.046278890222311,0.0376292765140533,reviewed,
983,32.76606666666667,2361,2,car,0.5286039710044861,757.7289428710938,488.5514526367188,801.6082153320312,509.0511169433594,0.4060773849487304,0.46185302734375,0.0228537879884243,0.0189811699092388,reviewed,
983,32.76606666666667,2365,2,car,0.1110609620809555,228.7942352294922,512.173095703125,359.13067626953125,548.0119018554688,0.1531054526567459,0.4908264279365539,0.0678835660219192,0.0331840813159942,reviewed,
983,32.76606666666667,2366,2,car,0.1437105536460876,286.36669921875,513.73779296875,362.3091125488281,547.2623901367188,0.1689259856939315,0.4912038147449493,0.039553340524435,0.0310412943363189,reviewed,
983,32.76606666666667,2373,2,car,0.4400462210178375,609.5557861328125,499.1488952636719,669.902099609375,520.8441162109375,0.3331921696662903,0.4722189903259277,0.0314303711056709,0.020088167861104,reviewed,
984,32.79943333333333,749,2,car,0.9447268843650818,779.8500366210938,430.6051025390625,1249.067626953125,763.8937377929688,0.5283640027046204,0.5530086755752563,0.244384154677391,0.3086005747318268,reviewed,
984,32.79943333333333,1292,2,car,0.8272637128829956,1291.65185546875,467.6848449707031,1425.7066650390625,522.4635620117188,0.7076454162597656,0.4584020674228668,0.0698202103376388,0.0507210344076156,reviewed,
984,32.79943333333333,2036,2,car,0.4351521730422973,444.7699890136719,503.1062622070313,519.8975219726562,532.02099609375,0.2512154877185821,0.4792255461215973,0.0391289219260215,0.0267729014158248,reviewed,
984,32.79943333333333,2126,2,car,0.6227020025253296,68.2511978149414,508.9178161621094,156.3795928955078,558.8270874023438,0.0584976039826869,0.4943263232707977,0.0459002070128917,0.0462122894823551,reviewed,
984,32.79943333333333,2234,2,car,0.7216624021530151,0.1394106745719909,537.0383911132812,25.62749290466309,603.899658203125,0.0067101311869919,0.5282120108604431,0.0132750431075692,0.0619085803627967,reviewed,
984,32.79943333333333,2318,2,car,0.6202184557914734,703.6033325195312,492.6554870605469,758.4375,514.4541015625,0.3807397782802582,0.4662544429302215,0.0285594630986452,0.020183902233839,reviewed,
984,32.79943333333333,2359,2,car,0.4170347452163696,1393.44140625,462.3583068847656,1475.3587646484375,502.7647705078125,0.7470834255218506,0.4468162357807159,0.0426652915775775,0.0374133922159671,reviewed,
984,32.79943333333333,2361,2,car,0.5366121530532837,756.4088745117188,488.5792846679688,798.009521484375,508.5298767089844,0.4047964811325073,0.4616245925426483,0.0216670036315917,0.0184727702289819,reviewed,
984,32.79943333333333,2365,2,car,0.1524191796779632,226.92190551757807,511.4532165527344,356.8143615722656,547.5784912109375,0.1520146578550338,0.4902924597263336,0.0676523223519325,0.0334493294358253,reviewed,
984,32.79943333333333,2366,2,car,0.1473486274480819,284.8424072265625,513.5470581054688,360.792724609375,547.482421875,0.1681341528892517,0.4912173748016357,0.0395574569702148,0.0314216315746307,reviewed,
984,32.79943333333333,2373,2,car,0.4944822788238525,610.8714599609375,498.6966857910156,667.9671630859375,521.55078125,0.3330308794975281,0.4723367691040039,0.0297373458743095,0.0211611986160278,reviewed,
985,32.8328,749,2,car,0.9440414905548096,777.4119873046875,430.2607727050781,1247.3587646484375,763.65380859375,0.5272840261459351,0.5527381896972656,0.2447639405727386,0.3086972534656524,reviewed,
985,32.8328,1292,2,car,0.8307392597198486,1289.39990234375,467.7303161621094,1424.5113525390625,522.5108642578125,0.7067477107048035,0.4584450125694275,0.0703705474734306,0.0507227294147014,reviewed,
985,32.8328,2036,2,car,0.6084741353988647,443.7481689453125,502.9161682128906,514.3384399414062,531.8880615234375,0.2495017200708389,0.4790760278701782,0.0367657653987407,0.0268258266150951,reviewed,
985,32.8328,2126,2,car,0.5713742971420288,65.42106628417969,508.4895935058594,154.09669494628906,558.2647705078125,0.0571660846471786,0.4938677847385406,0.0461852215230464,0.0460881255567073,reviewed,
985,32.8328,2234,2,car,0.6351866722106934,0.0,540.4856567382812,15.613313674926758,603.6635131835938,0.0040659671649336,0.5296986699104309,0.0081319343298673,0.0584980137646198,reviewed,
985,32.8328,2318,2,car,0.6243163347244263,702.2415161132812,492.6372985839844,757.517333984375,514.21630859375,0.3801455199718475,0.4661359488964081,0.0287894885987043,0.019980564713478,reviewed,
985,32.8328,2359,2,car,0.480882465839386,1390.845703125,463.2239379882813,1465.2470703125,502.2865295410156,0.7437741756439209,0.4469955861568451,0.0387507118284702,0.0361690670251846,reviewed,
985,32.8328,2361,2,car,0.4629621803760528,749.1438598632812,489.3213806152344,787.3200073242188,508.8006591796875,0.4001207947731018,0.4620935618877411,0.0198834110051393,0.0180363692343235,reviewed,
985,32.8328,2365,2,car,0.1686243265867233,229.2020263671875,511.8866882324219,355.7268981933594,547.3154296875,0.1523252427577972,0.4903713762760162,0.06589837372303,0.0328043885529041,reviewed,
985,32.8328,2366,2,car,0.1743990182876587,279.14080810546875,514.0585327148438,357.7660217285156,547.8212890625,0.1658611595630645,0.4916110634803772,0.040950633585453,0.0312618128955364,reviewed,
985,32.8328,2373,2,car,0.5404965877532959,607.829833984375,498.9476318359375,664.9120483398438,521.648681640625,0.3314432203769684,0.4724982976913452,0.0297303199768066,0.0210194904357194,reviewed,
985,32.8328,2394,2,car,0.4048782587051391,322.1340026855469,511.574462890625,364.9172973632813,540.0671997070312,0.1789195984601974,0.4868711233139038,0.0222829654812812,0.0263821631669998,reviewed,
985,32.8328,2129,2,car,0.3239443898200989,401.1572265625,506.7442932128906,439.6890563964844,534.30859375,0.218970388174057,0.4819689095020294,0.0200686622411012,0.0255225002765655,reviewed,
985,32.8328,2092,2,car,0.2532891631126404,360.185302734375,512.3307495117188,413.50775146484375,538.4680786132812,0.2014825642108917,0.4864809513092041,0.027772108092904,0.0242012310773134,reviewed,
986,32.866166666666665,749,2,car,0.944561243057251,775.7614135742188,429.9806213378906,1245.4383544921875,763.794677734375,0.5263540744781494,0.5526737570762634,0.2446234077215194,0.3090870976448059,reviewed,
986,32.866166666666665,1292,2,car,0.8574779033660889,1288.2041015625,467.9296569824219,1421.635009765625,522.2359619140625,0.7056872844696045,0.4584100246429443,0.0694952681660652,0.0502836145460605,reviewed,
986,32.866166666666665,2036,2,car,0.499605655670166,441.3527221679688,503.9153747558594,510.424072265625,532.17333984375,0.2478585392236709,0.4796707034111023,0.0359746627509593,0.0261647831648588,reviewed,
986,32.866166666666665,2126,2,car,0.5938558578491211,63.31461715698242,508.5958557128906,151.6029815673828,558.2412719726562,0.0559681244194507,0.4939060807228088,0.0459835194051265,0.0459679774940013,reviewed,
986,32.866166666666665,2318,2,car,0.6403279900550842,699.6459350585938,492.55572509765625,757.421875,514.4014892578125,0.3794447481632232,0.4661839008331299,0.0300916358828544,0.0202275589108467,reviewed,
986,32.866166666666665,2359,2,car,0.5435710549354553,1383.0728759765625,463.43206787109375,1455.9385986328125,501.8068237304688,0.7393258810043335,0.4468698501586914,0.0379508957266807,0.0355321802198886,reviewed,
986,32.866166666666665,2361,2,car,0.4305700361728668,747.9822998046875,489.8765869140625,783.8720703125,509.1398620605469,0.3989204168319702,0.4625076353549957,0.0186925884336233,0.0178363658487796,reviewed,
986,32.866166666666665,2366,2,car,0.2665729522705078,279.8257751464844,513.9777221679688,356.0355224609375,548.1040649414062,0.1655888855457306,0.491704523563385,0.0396925769746303,0.0315984673798084,reviewed,
986,32.866166666666665,2373,2,car,0.4985504448413849,605.8981323242188,498.4502258300781,663.7887573242188,521.5607299804688,0.3306476175785064,0.4722273051738739,0.0301513671875,0.0213986150920391,reviewed,
986,32.866166666666665,2394,2,car,0.3649884164333343,309.8358459472656,511.64691162109375,362.6999816894531,540.2482299804688,0.1751395314931869,0.4869884848594665,0.0275334045290946,0.0264827013015747,reviewed,
986,32.866166666666665,2129,2,car,0.2397232800722122,400.705322265625,507.7410583496094,441.7539367675781,534.9097290039062,0.2193904221057891,0.4827086925506592,0.0213794875890016,0.0251561757177114,reviewed,
986,32.866166666666665,2092,2,car,0.2597678601741791,358.5278015136719,513.162353515625,408.03424072265625,538.5798950195312,0.1996255218982696,0.4869176745414734,0.0257846042513847,0.0235347598791122,reviewed,
987,32.89953333333333,749,2,car,0.9453423619270324,775.2539672851562,429.7462768554688,1244.827880859375,763.796875,0.5260629653930664,0.5525662899017334,0.2445697486400604,0.3093061149120331,reviewed,
987,32.89953333333333,1292,2,car,0.8830628395080566,1287.8609619140625,467.5325012207031,1419.8319091796875,521.8892822265625,0.7051283717155457,0.4580656290054321,0.0687348693609237,0.050330352038145,reviewed,
987,32.89953333333333,2036,2,car,0.5303398370742798,440.1181335449219,503.7531127929688,509.5553283691406,532.445556640625,0.2473108023405075,0.4797216355800628,0.0361652038991451,0.0265670772641897,reviewed,
987,32.89953333333333,2126,2,car,0.558845043182373,62.16471862792969,508.42578125,150.282470703125,558.9619140625,0.0553247891366481,0.4941609799861908,0.0458946637809276,0.0467927157878875,reviewed,
987,32.89953333333333,2318,2,car,0.6094849109649658,698.7903442382812,492.7117309570313,757.3178100585938,514.52392578125,0.37919482588768,0.4663127958774566,0.0304830558598041,0.0201964769512414,reviewed,
987,32.89953333333333,2359,2,car,0.6502675414085388,1382.8145751953125,463.2041931152344,1448.207763671875,500.4875793457031,0.7372454404830933,0.4461536109447479,0.0340589508414268,0.0345216542482376,reviewed,
987,32.89953333333333,2361,2,car,0.457986444234848,747.419189453125,490.3892822265625,781.859130859375,509.7571411132813,0.3982495665550232,0.4630307555198669,0.0179374702274799,0.017933202907443,reviewed,
987,32.89953333333333,2366,2,car,0.2935907542705536,282.65234375,513.3038940429688,356.6068420410156,545.3157958984375,0.1664737313985824,0.4901016652584076,0.0385179668664932,0.0296406503766775,reviewed,
987,32.89953333333333,2373,2,car,0.5821795463562012,605.8130493164062,498.781494140625,664.9334716796875,521.7957153320312,0.3309235870838165,0.472489446401596,0.0307918861508369,0.0213094633072614,reviewed,
987,32.89953333333333,2394,2,car,0.3272639811038971,308.31121826171875,511.8595886230469,360.1228942871094,540.255615234375,0.1740713715553283,0.4870903789997101,0.0269852485507726,0.0262926165014505,reviewed,
987,32.89953333333333,2129,2,car,0.2530520558357239,399.7010803222656,507.9734497070313,439.0844421386719,534.5812377929688,0.2184337228536605,0.4826641976833343,0.0205121673643589,0.0246368404477834,reviewed,
987,32.89953333333333,2092,2,car,0.1731222718954086,356.7563171386719,512.4885864257812,411.4613952636719,538.6676025390625,0.2000567018985748,0.4866464138031006,0.0284922290593385,0.0242398288100957,reviewed,
988,32.932900000000004,749,2,car,0.9451814293861388,775.4536743164062,429.5411987304688,1245.1983642578125,763.833984375,0.5262115001678467,0.5524885654449463,0.2446586936712265,0.3095303475856781,reviewed,
988,32.932900000000004,1292,2,car,0.8741191029548645,1288.1697998046875,467.60052490234375,1419.4578857421875,522.15673828125,0.7051113843917847,0.4582209587097168,0.068379208445549,0.0505150109529495,reviewed,
988,32.932900000000004,2036,2,car,0.514528214931488,440.1305236816406,503.5426940917969,509.83209228515625,532.5021362304688,0.2473861128091812,0.4796503782272339,0.0363029018044471,0.0268142987042665,reviewed,
988,32.932900000000004,2126,2,car,0.5626010894775391,61.60066223144531,508.2427978515625,150.13436889648438,558.6263427734375,0.0551393292844295,0.4939208924770355,0.0461113043129444,0.0466514304280281,reviewed,
988,32.932900000000004,2318,2,car,0.6156241297721863,698.898681640625,492.8062744140625,758.0011596679688,514.5802612304688,0.3794010281562805,0.4663826525211334,0.0307825412601232,0.0201610997319221,reviewed,
988,32.932900000000004,2359,2,car,0.3349033296108246,1382.768310546875,463.1492309570313,1441.0096435546875,499.8548278808594,0.7353588342666626,0.4458352029323578,0.0303340274840593,0.0339866653084754,reviewed,
988,32.932900000000004,2361,2,car,0.3976886868476867,750.2130737304688,491.0068664550781,780.389404296875,510.0589904785156,0.3985944092273712,0.4634564220905304,0.0157168395817279,0.0176408551633358,reviewed,
988,32.932900000000004,2366,2,car,0.2896698713302612,285.2646484375,513.008544921875,357.4972839355469,543.8179931640625,0.167385920882225,0.4892715513706207,0.0376211628317832,0.0285272672772407,reviewed,
988,32.932900000000004,2373,2,car,0.4424517750740051,604.8104858398438,498.9606628417969,670.1790771484375,521.6812133789062,0.3320285081863403,0.4725193679332733,0.0340461395680904,0.0210375469177961,reviewed,
988,32.932900000000004,2394,2,car,0.3409652709960937,308.23980712890625,511.9005737304688,359.7022705078125,540.21337890625,0.1739432513713836,0.4870898127555847,0.0268033668398857,0.026215560734272,reviewed,
988,32.932900000000004,2129,2,car,0.2178655266761779,399.6192932128906,507.9894104003906,438.080810546875,534.3685302734375,0.2181510627269745,0.4825730919837951,0.0200320407748222,0.0244251117110252,reviewed,
988,32.932900000000004,2092,2,car,0.1628617048263549,356.4409484863281,512.1513671875,413.667236328125,538.6683349609375,0.2005489915609359,0.4864906072616577,0.0298053584992885,0.0245527476072311,reviewed,
989,32.96626666666667,749,2,car,0.9421990513801576,776.8792724609375,429.539794921875,1247.1685791015625,763.7762451171875,0.5270957946777344,0.5524611473083496,0.2449423521757125,0.3094781935214996,reviewed,
989,32.96626666666667,1292,2,car,0.8199905157089233,1289.109130859375,467.6312561035156,1421.3128662109375,523.294921875,0.7058390378952026,0.4587621092796325,0.0688561126589775,0.0515404306352138,reviewed,
989,32.96626666666667,2036,2,car,0.6335650682449341,443.0045471191406,503.4411010742188,510.1252136230469,532.083984375,0.2482108771800995,0.479409784078598,0.034958679229021,0.0265211891382932,reviewed,
989,32.96626666666667,2126,2,car,0.488507866859436,63.42503356933594,507.21783447265625,151.7615966796875,558.4703979492188,0.0560381859540939,0.4933741688728332,0.0460086278617382,0.0474560782313346,reviewed,
989,32.96626666666667,2318,2,car,0.5782216787338257,700.6175537109375,492.8423461914063,759.1524047851562,514.4345703125,0.3801484405994415,0.4663318991661072,0.0304869022220373,0.0199928004294633,reviewed,
989,32.96626666666667,2359,2,car,0.3755035996437073,1385.291259765625,463.6692199707031,1439.918701171875,501.7214660644531,0.7357317805290222,0.4469401240348816,0.0284517928957939,0.0352335609495639,reviewed,
989,32.96626666666667,2361,2,car,0.3193956017494201,756.7447509765625,491.1749877929688,779.2652587890625,508.9754943847656,0.4000025987625122,0.4630326330661773,0.0117294313386082,0.0164819508790969,reviewed,
989,32.96626666666667,2366,2,car,0.2418539673089981,281.51922607421875,513.2023315429688,357.084228515625,546.428466796875,0.1663029789924621,0.4905698299407959,0.0393567718565464,0.030764939263463,reviewed,
989,32.96626666666667,2373,2,car,0.3770253360271454,604.233642578125,498.480224609375,674.6823120117188,521.4349975585938,0.3330510556697845,0.472182959318161,0.0366920158267021,0.0212544202804565,reviewed,
989,32.96626666666667,2394,2,car,0.4423450231552124,312.1038818359375,511.4272155761719,363.20318603515625,539.8432006835938,0.1758612096309662,0.4866992533206939,0.0266142208129167,0.0263110976666212,reviewed,
989,32.96626666666667,2129,2,car,0.207609012722969,400.6911926269531,506.50494384765625,439.8888854980469,534.4653930664062,0.2189010679721832,0.4819307029247284,0.0204154644161462,0.0258893053978681,reviewed,
989,32.96626666666667,2092,2,car,0.1675135791301727,358.8542785644531,512.5308837890625,410.2877502441406,537.8063354492188,0.200297400355339,0.4862672090530395,0.0267882663756608,0.0234031956642866,reviewed,
990,32.999633333333335,749,2,car,0.9433556199073792,779.751953125,430.479248046875,1249.8193359375,763.8956298828125,0.5285341739654541,0.5529513359069824,0.2448267638683319,0.3087188601493835,reviewed,
990,32.999633333333335,1292,2,car,0.7849724888801575,1292.67626953125,468.2467956542969,1425.3177490234375,523.883544921875,0.7078109979629517,0.4593196213245392,0.0690841004252433,0.0515155084431171,reviewed,
990,32.999633333333335,2036,2,car,0.5852245688438416,445.6243286132813,502.5797424316406,519.1826782226562,531.5900268554688,0.2512518167495727,0.4787823259830475,0.0383116416633129,0.0268613751977682,reviewed,
990,32.999633333333335,2126,2,car,0.5203920602798462,66.37293243408203,506.9571228027344,156.0680389404297,558.1353759765625,0.0579273365437984,0.4930984079837799,0.0467162020504474,0.047387272119522,reviewed,
990,32.999633333333335,2318,2,car,0.6421176195144653,703.319580078125,492.7623291015625,761.0610961914062,514.2465209960938,0.381349116563797,0.4662078022956848,0.0300737060606479,0.0198927707970142,reviewed,
990,32.999633333333335,2359,2,car,0.1751948148012161,1377.7069091796875,464.0434265136719,1451.60791015625,503.86334228515625,0.7368007898330688,0.448104977607727,0.038490105420351,0.0368702933192253,reviewed,
990,32.999633333333335,2361,2,car,0.3265320658683777,759.9479370117188,490.4961853027344,779.0988159179688,508.6479187011719,0.4007934331893921,0.4625667035579681,0.0099744163453578,0.0168071612715721,reviewed,
990,32.999633333333335,2366,2,car,0.164785087108612,276.7020874023437,513.0364990234375,359.79400634765625,546.7791748046875,0.1657541841268539,0.4906553924083709,0.0432770401239395,0.0312432181090116,reviewed,
990,32.999633333333335,2373,2,car,0.5352998375892639,608.2861328125,498.4562377929688,680.3804931640625,521.66552734375,0.3355902731418609,0.4722785949707031,0.0375491455197334,0.0214900821447372,reviewed,
990,32.999633333333335,2394,2,car,0.3568374812602997,322.7645874023437,511.37408447265625,365.581298828125,539.0986328125,0.1792567372322082,0.4863299429416656,0.0223003700375556,0.0256708785891532,reviewed,
990,32.999633333333335,2129,2,car,0.2657673060894012,402.88385009765625,506.0207214355469,441.4156494140625,533.2462158203125,0.2198696583509445,0.4811421036720276,0.0200686454772949,0.0252087917178869,reviewed,
990,32.999633333333335,2092,2,car,0.2764672935009002,362.1382141113281,510.7367248535156,412.5186767578125,537.1218872070312,0.2017335593700409,0.4851197302341461,0.0262398235499858,0.0244307052344083,reviewed,
991,33.033,749,2,car,0.9459916949272156,783.0158081054688,431.6692199707031,1251.53173828125,762.5591430664062,0.5298300981521606,0.552883505821228,0.2440187186002731,0.3063795566558838,reviewed,
991,33.033,1292,2,car,0.7616873979568481,1296.5516357421875,468.2384033203125,1427.452392578125,524.16552734375,0.7093760371208191,0.4594462513923645,0.0681774765253067,0.051784373819828,reviewed,
991,33.033,2036,2,car,0.6039742231369019,447.4498291015625,502.1912231445313,523.1970825195312,531.11328125,0.2527726292610168,0.4783816933631897,0.0394516959786415,0.0267796833068132,reviewed,
991,33.033,2126,2,car,0.513317346572876,73.83382415771484,506.5829772949219,159.19680786132812,558.2361450195312,0.0606850609183311,0.492971807718277,0.0444598868489265,0.0478270053863525,reviewed,
991,33.033,2318,2,car,0.5770082473754883,705.60302734375,492.5528564453125,764.2047729492188,513.8050537109375,0.382762461900711,0.4659064412117004,0.0305217429995536,0.0196779612451791,reviewed,
991,33.033,2359,2,car,0.3054561018943786,1379.9378662109375,465.1090393066406,1460.29150390625,506.5120239257813,0.7396430969238281,0.449824571609497,0.0418508537113666,0.0383360981941223,reviewed,
991,33.033,2361,2,car,0.2132285088300705,757.5313110351562,490.0148620605469,779.2250366210938,509.2988586425781,0.4001969695091247,0.4626452326774597,0.0112988157197833,0.0178555529564619,reviewed,
991,33.033,2366,2,car,0.1917167901992797,288.14892578125,513.1571655273438,363.1005554199219,545.5758666992188,0.1695962250232696,0.4901541769504547,0.0390373058617115,0.0300173163414001,reviewed,
991,33.033,2373,2,car,0.4735433459281921,610.2334594726562,497.1780395507813,687.0068359375,520.8245239257812,0.3378229737281799,0.4712974727153778,0.0399861335754394,0.0218948926776647,reviewed,
991,33.033,2394,2,car,0.4268032908439636,314.933837890625,510.6261291503906,369.2516479492188,538.9531860351562,0.1781733036041259,0.4859163761138916,0.0282905269414186,0.0262287557125091,reviewed,
991,33.033,2129,2,car,0.2270518094301223,405.8126220703125,505.7671813964844,443.6743469238281,531.4102783203125,0.2212205529212951,0.4801747500896454,0.0197196491062641,0.0237436089664697,reviewed,
991,33.033,2092,2,car,0.3351986706256866,365.6229553222656,511.0894470214844,414.2716369628906,537.4160766601562,0.2030975520610809,0.48541921377182,0.0253378544002771,0.0243765097111463,reviewed,
992,33.06636666666667,749,2,car,0.9477081894874572,784.5223388671875,432.3985290527344,1252.5284423828125,761.7490234375,0.5304819941520691,0.5528460741043091,0.2437531799077987,0.3049541711807251,reviewed,
992,33.06636666666667,1292,2,car,0.7902519106864929,1298.083740234375,468.3080749511719,1428.9251708984375,524.3878173828125,0.7101585268974304,0.4595814347267151,0.0681465789675712,0.0519256889820098,reviewed,
992,33.06636666666667,2036,2,car,0.4907599687576294,448.4111022949219,502.15765380859375,524.9537353515625,531.526123046875,0.2534804344177246,0.4785573184490204,0.039865955710411,0.0271930266171693,reviewed,
992,33.06636666666667,2126,2,car,0.513545036315918,78.79054260253906,507.2727966308594,161.57736206054688,557.8515014648438,0.0625958070158958,0.493113100528717,0.0431181341409683,0.0468321330845356,reviewed,
992,33.06636666666667,2318,2,car,0.5642056465148926,706.5800170898438,492.4677734375,765.104248046875,513.7883911132812,0.3832511305809021,0.4658593237400055,0.0304813701659441,0.0197413135319948,reviewed,
992,33.06636666666667,2359,2,car,0.5891237258911133,1385.583984375,465.2282104492188,1471.9361572265625,507.0782775878906,0.7441458106040955,0.4501419067382812,0.0449750907719135,0.0387500636279583,reviewed,
992,33.06636666666667,2361,2,car,0.1236102655529975,757.8247680664062,490.2573852539063,778.68115234375,509.2473754882813,0.4001317322254181,0.4627336859703064,0.0108626997098326,0.0175833236426115,reviewed,
992,33.06636666666667,2366,2,car,0.3589679300785064,293.6131896972656,513.0685424804688,364.8714904785156,545.163818359375,0.1714803874492645,0.4899224042892456,0.0371137000620365,0.0297178477048873,reviewed,
992,33.06636666666667,2373,2,car,0.4083705544471741,611.9357299804688,497.5201416015625,691.5882568359375,519.9410400390625,0.3394593596458435,0.4710468351840973,0.0414856895804405,0.0207600910216569,reviewed,
992,33.06636666666667,2394,2,car,0.4149474799633026,311.59283447265625,511.0640869140625,369.9759216308594,539.5413818359375,0.1774918586015701,0.4863914251327514,0.0304078571498394,0.0263678655028343,reviewed,
992,33.06636666666667,2129,2,car,0.281873494386673,407.2898864746094,506.0735778808594,446.9775390625,530.6190185546875,0.2224654853343963,0.4799502789974212,0.0206706523895263,0.0227272603660821,reviewed,
992,33.06636666666667,2092,2,car,0.4303762316703796,367.6390686035156,511.9629211425781,417.8679809570313,538.1231079101562,0.2045591324567794,0.4861509501934051,0.026160892099142,0.0242223944514989,reviewed,
993,33.09973333333333,749,2,car,0.947365701198578,783.8831787109375,432.7043151855469,1251.5087890625,761.4839477539062,0.5300499796867371,0.5528649091720581,0.2435550093650818,0.3044255971908569,reviewed,
993,33.09973333333333,1292,2,car,0.7410488128662109,1294.71240234375,468.2443542480469,1428.0794677734375,524.2485961914062,0.7090604305267334,0.4594874680042267,0.0694620162248611,0.0518557801842689,reviewed,
993,33.09973333333333,2036,2,car,0.4775908291339874,447.4206237792969,502.7361145019531,523.283203125,532.0256958007812,0.2527874708175659,0.4790564179420471,0.0395117588341236,0.0271199829876422,reviewed,
993,33.09973333333333,2126,2,car,0.5874104499816895,79.04422760009766,508.260498046875,161.41358947753906,558.2603759765625,0.0626192241907119,0.4937596619129181,0.0429007075726985,0.0462961830198764,reviewed,
993,33.09973333333333,2318,2,car,0.4912192523479461,706.3119506835938,492.8183898925781,765.799560546875,513.657958984375,0.3833623826503753,0.4659612476825714,0.0309831295162439,0.019295897334814,reviewed,
993,33.09973333333333,2359,2,car,0.6558483242988586,1387.59423828125,464.9980163574219,1481.2095947265625,506.3495178222656,0.7470843195915222,0.4496979415416717,0.0487579964101314,0.0382884256541729,reviewed,
993,33.09973333333333,2366,2,car,0.1817165464162826,293.48516845703125,513.7163696289062,364.37646484375,545.294921875,0.1713181287050247,0.4902829825878143,0.0369225516915321,0.0292393993586301,reviewed,
993,33.09973333333333,2373,2,car,0.3520066142082214,610.6636962890625,497.2001647949219,695.8451538085938,520.503662109375,0.3402366638183594,0.4711591899394989,0.0443653427064418,0.0215773116797208,reviewed,
993,33.09973333333333,2394,2,car,0.2722145915031433,310.1349182128906,511.7430114746094,369.11376953125,540.5322875976562,0.1768876761198043,0.4871644675731659,0.0307181514799594,0.0266567375510931,reviewed,
993,33.09973333333333,2129,2,car,0.2292191386222839,407.238525390625,506.8844604492188,446.573486328125,531.041015625,0.2223468720912933,0.4805210828781128,0.0204869583249092,0.0223671812564134,reviewed,
993,33.09973333333333,2092,2,car,0.3401963412761688,367.2437744140625,512.99267578125,417.210693359375,538.227294921875,0.2042850106954574,0.4866759181022644,0.0260244365781545,0.0233653876930475,reviewed,
993,33.09973333333333,2406,2,car,0.4023563265800476,331.5355224609375,511.8191528320313,369.3995971679688,538.8251953125,0.1825351864099502,0.4864093959331512,0.0197208728641271,0.0250055957585573,reviewed,
994,33.1331,749,2,car,0.9454006552696228,780.7320556640625,433.320068359375,1249.06298828125,761.448974609375,0.5285924673080444,0.5531338453292847,0.2439223676919937,0.3038230538368225,reviewed,
994,33.1331,1292,2,car,0.7376021146774292,1289.019775390625,467.8779602050781,1425.851806640625,523.3904418945312,0.706997811794281,0.4589205682277679,0.0712666809558868,0.0514004454016685,reviewed,
994,33.1331,2036,2,car,0.5457299947738647,444.8781127929688,503.0123901367188,518.5774536132812,532.7635498046875,0.2508998811244964,0.4795258641242981,0.0383850745856761,0.0275473706424236,reviewed,
994,33.1331,2126,2,car,0.5318619608879089,74.30039978027344,509.0406188964844,158.5098876953125,559.088134765625,0.0606276802718639,0.4945040643215179,0.0438591092824935,0.0463402941823005,reviewed,
994,33.1331,2318,2,car,0.4973556995391845,703.8303833007812,493.7242126464844,764.04638671875,514.363037109375,0.3822595477104187,0.4667070806026459,0.0313625000417232,0.0191100221127271,reviewed,
994,33.1331,2359,2,car,0.6243447661399841,1392.9520263671875,463.9593505859375,1487.1510009765625,505.1521606445313,0.7500268220901489,0.4486627280712127,0.0490619651973247,0.0381414890289306,reviewed,
994,33.1331,2366,2,car,0.1839289218187332,285.1741638183594,513.8988647460938,363.7572326660156,546.8187866210938,0.1689925491809845,0.4910729825496673,0.0409286804497242,0.0304814092814922,reviewed,
994,33.1331,2373,2,car,0.416465163230896,609.924072265625,496.1589660644531,696.4463500976562,520.7296752929688,0.3402006030082702,0.4707818031311035,0.0450636856257915,0.0227506570518016,reviewed,
994,33.1331,2394,2,car,0.3060786128044128,307.70849609375,512.1082763671875,367.562744140625,540.2676391601562,0.1758518815040588,0.4872111082077026,0.031174087896943,0.0260734837502241,reviewed,
994,33.1331,2129,2,car,0.1816733032464981,407.7602844238281,507.4958190917969,443.3218994140625,533.3017578125,0.2216359823942184,0.4818507432937622,0.018521673977375,0.0238943882286548,reviewed,
994,33.1331,2092,2,car,0.2546682357788086,364.3294372558594,513.6073608398438,414.0074462890625,538.5096435546875,0.2026918977499008,0.4870911836624145,0.0258739627897739,0.0230576694011688,reviewed,
995,33.166466666666665,749,2,car,0.9446810483932496,778.4471435546875,431.69915771484375,1247.4501953125,762.6633911132812,0.5275774598121643,0.552945613861084,0.2442724257707595,0.306448370218277,reviewed,
995,33.166466666666665,1292,2,car,0.7953189015388489,1284.2183837890625,467.0736389160156,1424.6116943359375,522.4430541992188,0.7054244875907898,0.458109587430954,0.0731215178966522,0.0512679778039455,reviewed,
995,33.166466666666665,2036,2,car,0.6297040581703186,441.634033203125,503.3792419433594,515.27880859375,532.9730834960938,0.2491960525512695,0.4797927439212799,0.0383566543459892,0.0274017043411731,reviewed,
995,33.166466666666665,2126,2,car,0.5565387010574341,67.78221130371094,509.1527099609375,153.6190948486328,560.6378173828125,0.0576565898954868,0.4952733814716339,0.0447067096829414,0.0476713962852954,reviewed,
995,33.166466666666665,2318,2,car,0.4901786744594574,701.8843994140625,494.7056274414063,752.716552734375,514.4453125,0.3788023293018341,0.4671995043754577,0.026475079357624,0.0182774867862463,reviewed,
995,33.166466666666665,2359,2,car,0.4589408934116363,1393.713623046875,463.0047912597656,1494.8564453125,504.4095153808594,0.752231776714325,0.4478769898414612,0.0526785515248775,0.0383377075195312,reviewed,
995,33.166466666666665,2366,2,car,0.1519903242588043,282.538818359375,514.5750122070312,362.0327453613281,548.0211791992188,0.1678571701049804,0.4919426739215851,0.0414030887186527,0.0309686735272407,reviewed,
995,33.166466666666665,2373,2,car,0.3167808949947357,609.7018432617188,497.5589904785156,695.0015258789062,520.9521484375,0.3397665023803711,0.4715329110622406,0.0444269180297851,0.0216603316366672,reviewed,
995,33.166466666666665,2394,2,car,0.1839151680469513,301.72198486328125,513.286376953125,364.5328674316406,542.0922241210938,0.1735038757324218,0.4886012375354767,0.0327140018343925,0.0266720801591873,reviewed,
995,33.166466666666665,2129,2,car,0.1936267018318176,403.6346740722656,507.3316345214844,440.3285217285156,533.49267578125,0.2197820842266082,0.4818631112575531,0.0191113781183958,0.0242231860756874,reviewed,
995,33.166466666666665,2092,2,car,0.2370846569538116,361.5514221191406,514.1121215820312,414.184326171875,538.8294677734375,0.2020145058631897,0.4874729812145233,0.0274129714816808,0.0228864308446645,reviewed,
995,33.166466666666665,2361,2,car,0.3890112340450287,739.8709716796875,493.7373046875,764.542724609375,509.9634094238281,0.3917743861675262,0.4646762311458587,0.0128498710691928,0.0150241712108254,reviewed,
995,33.166466666666665,2406,2,car,0.2837449610233307,324.9843139648437,513.3128051757812,364.6787109375,541.1914672851562,0.1795997470617294,0.4881964325904846,0.0206741653382778,0.0258135758340358,reviewed,
996,33.19983333333333,749,2,car,0.9453724026679992,777.0094604492188,431.3453674316406,1246.7996826171875,763.2733764648438,0.5270336270332336,0.553064227104187,0.2446824014186859,0.3073407411575317,reviewed,
996,33.19983333333333,1292,2,car,0.8179689645767212,1286.7244873046875,466.7814331054688,1423.6982421875,521.9067993164062,0.7058392763137817,0.4577260315418243,0.0713404938578605,0.0510420054197311,reviewed,
996,33.19983333333333,2036,2,car,0.6550959944725037,440.290283203125,504.7491149902344,512.2828369140625,533.6663818359375,0.2480659186840057,0.4807479381561279,0.0374961234629154,0.0267752464860677,reviewed,
996,33.19983333333333,2126,2,car,0.452250987291336,65.5652084350586,509.4713745117188,153.0582275390625,562.140380859375,0.0569331869482994,0.496116578578949,0.0455692820250988,0.0487676002085208,reviewed,
996,33.19983333333333,2318,2,car,0.450483113527298,701.0651245117188,494.7307739257813,755.1875,514.427978515625,0.3792324662208557,0.467203140258789,0.0281887371093034,0.0182381533086299,reviewed,
996,33.19983333333333,2359,2,car,0.4094412326812744,1399.071044921875,461.6636657714844,1502.824462890625,503.86712646484375,0.7557019591331482,0.4470049738883972,0.0540382377803325,0.039077278226614,reviewed,
996,33.19983333333333,2366,2,car,0.104594312608242,283.16961669921875,515.2548217773438,360.00445556640625,548.6975708007812,0.1674932539463043,0.492570549249649,0.0400181449949741,0.0309655088931322,reviewed,
996,33.19983333333333,2373,2,car,0.4344758093357086,630.3941040039062,499.00823974609375,696.0693969726562,520.74609375,0.3454332053661346,0.4721084833145141,0.0342058800160884,0.0201276428997516,reviewed,
996,33.19983333333333,2394,2,car,0.1278990060091018,298.9632873535156,514.3164672851562,363.0273742675781,542.8334350585938,0.1723933964967727,0.4894212484359741,0.0333667136728763,0.0264046005904674,reviewed,
996,33.19983333333333,2129,2,car,0.2576415538787842,401.515380859375,506.5597839355469,439.0900268554688,532.433349609375,0.2189076542854309,0.4810153543949127,0.0195701289921998,0.0239570047706365,reviewed,
996,33.19983333333333,2092,2,car,0.1308881789445877,360.289794921875,516.2635498046875,415.8082580566406,540.5128784179688,0.2021088600158691,0.4892483055591583,0.0289158653467893,0.0224530827254056,reviewed,
996,33.19983333333333,2361,2,car,0.3455828428268432,737.9641723632812,493.8111877441406,761.864990234375,510.8552856445313,0.3905805051326751,0.4651233851909637,0.0124483425170183,0.0157815720885992,reviewed,
996,33.19983333333333,2406,2,car,0.2580465376377105,326.5869445800781,514.6689453125,363.9346923828125,541.9091186523438,0.1798233389854431,0.4891565442085266,0.0194519516080617,0.0252223834395408,reviewed,
996,33.19983333333333,2298,2,car,0.2934570908546448,608.920654296875,500.5123596191406,651.2093505859375,521.32568359375,0.3281588554382324,0.4730731546878814,0.0220253635197877,0.019271595403552,reviewed,
996,33.19983333333333,2365,2,car,0.2732727825641632,225.4758453369141,514.7113037109375,356.9585266113281,549.83837890625,0.1516756266355514,0.4928470849990845,0.0684805661439895,0.0325250700116157,reviewed,
997,33.233200000000004,749,2,car,0.9450479745864868,776.1535034179688,430.7754211425781,1245.7974853515625,763.7193603515625,0.5265496969223022,0.5530068278312683,0.2446062415838241,0.3082814216613769,reviewed,
997,33.233200000000004,1292,2,car,0.8409295082092285,1287.237060546875,466.64697265625,1423.0989990234375,521.56640625,0.7058166265487671,0.4575061798095703,0.070761427283287,0.0508513264358043,reviewed,
997,33.233200000000004,2036,2,car,0.6234720349311829,439.45904541015625,505.2566833496094,510.8893127441406,533.8680419921875,0.2474865615367889,0.4810762703418731,0.0372032634913921,0.0264919996261596,reviewed,
997,33.233200000000004,2126,2,car,0.6204594969749451,65.40619659423828,510.5704650878906,152.53993225097656,563.1473388671875,0.0567568056285381,0.4970915615558624,0.0453821532428264,0.0486822910606861,reviewed,
997,33.233200000000004,2318,2,car,0.374655932188034,698.7245483398438,494.2867736816406,754.4775390625,515.004638671875,0.3784380555152893,0.4672645330429077,0.0290380157530307,0.0191832091659307,reviewed,
997,33.233200000000004,2359,2,car,0.4979133903980255,1407.0186767578125,461.9899291992188,1511.0802001953125,503.9064331054688,0.7599216103553772,0.4471742510795593,0.0541987083852291,0.0388115793466568,reviewed,
997,33.233200000000004,2366,2,car,0.2111580818891525,283.30450439453125,515.2402954101562,359.1002197265625,549.2725830078125,0.1672928929328918,0.4928300678730011,0.0394769348204135,0.0315113775432109,reviewed,
997,33.233200000000004,2373,2,car,0.4708162248134613,644.7362060546875,499.3990783691406,698.0914916992188,520.2328491210938,0.3496946990489959,0.4720518290996551,0.0277892109006643,0.0192905291914939,reviewed,
997,33.233200000000004,2394,2,car,0.1682386994361877,297.4824523925781,514.5615234375,362.2129821777344,543.24462890625,0.1717956811189651,0.4897250831127167,0.0337138175964355,0.0265584308654069,reviewed,
997,33.233200000000004,2129,2,car,0.3258236050605774,400.4879455566406,508.20452880859375,437.784423828125,533.5306396484375,0.2183000892400741,0.4822847843170166,0.0194252487272024,0.0234501026570796,reviewed,
997,33.233200000000004,2092,2,car,0.1996177434921264,359.38201904296875,516.3648071289062,419.2464904785156,540.9266967773438,0.2027678489685058,0.489486813545227,0.0311794113367795,0.0227424912154674,reviewed,
997,33.233200000000004,2406,2,car,0.2996252775192261,328.0210876464844,515.5371704101562,363.1978454589844,542.6021728515625,0.1800049245357513,0.4898793399333954,0.0183212272822856,0.0250601880252361,reviewed,
997,33.233200000000004,2298,2,car,0.1847845911979675,606.1983032226562,500.5872802734375,649.8616333007812,520.8993530273438,0.327098935842514,0.472910463809967,0.0227413177490234,0.0188074745237827,reviewed,
997,33.233200000000004,2365,2,car,0.2904882431030273,223.79200744628903,515.28125,351.5953063964844,551.0079345703125,0.1498404443264007,0.4936524033546448,0.0665642172098159,0.0330802649259567,reviewed,
998,33.26656666666667,749,2,car,0.9442802667617798,775.4774169921875,430.3083801269531,1245.3236083984375,763.9791870117188,0.5262502431869507,0.5529109239578247,0.2447115629911422,0.3089544475078583,reviewed,
998,33.26656666666667,1292,2,car,0.8358134031295776,1287.7259521484375,466.6809387207031,1422.08203125,521.0576171875,0.705679178237915,0.4572863578796386,0.0699771270155906,0.0503487773239612,reviewed,
998,33.26656666666667,2036,2,car,0.576353132724762,438.9220275878906,505.1963806152344,510.0059509277344,533.9598388671875,0.2471166551113128,0.4810908436775207,0.03702287748456,0.0266328323632478,reviewed,
998,33.26656666666667,2126,2,car,0.6019989848136902,65.90165710449219,510.6873474121094,151.31915283203125,562.8085327148438,0.0565679185092449,0.496988832950592,0.0444882772862911,0.0482603572309017,reviewed,
998,33.26656666666667,2318,2,car,0.4043932855129242,699.6691284179688,493.8460388183594,751.7332153320312,515.1209716796875,0.377969354391098,0.4671143591403961,0.0271167121827602,0.0196990109980106,reviewed,
998,33.26656666666667,2359,2,car,0.4366835057735443,1409.4537353515625,462.9254455566406,1520.9447021484375,503.8089294433594,0.7631245851516724,0.4475622177124023,0.058068212121725,0.037855077534914,reviewed,
998,33.26656666666667,2366,2,car,0.4430301785469055,280.2984619140625,515.0790405273438,359.0685119628906,549.8568725585938,0.1665018051862716,0.4930258989334106,0.0410260669887065,0.0322016961872577,reviewed,
998,33.26656666666667,2373,2,car,0.4069089293479919,650.6873779296875,498.8027038574219,699.5068969726562,520.1292724609375,0.3516131043434143,0.4717277884483337,0.0254268329590559,0.0197468232363462,reviewed,
998,33.26656666666667,2394,2,car,0.1500031650066375,303.6057434082031,514.1268310546875,361.1567993164063,545.4696655273438,0.1731152534484863,0.4905539155006408,0.0299745090305805,0.029021143913269,reviewed,
998,33.26656666666667,2129,2,car,0.2939684689044952,399.42864990234375,508.9820251464844,436.4683837890625,534.4927978515625,0.2176815122365951,0.4830902218818664,0.0192915275692939,0.0236210860311985,reviewed,
998,33.26656666666667,2092,2,car,0.1646511256694793,358.5871276855469,516.0799560546875,421.450439453125,541.2642211914062,0.2031347900629043,0.4895112216472626,0.0327413082122802,0.0233187638223171,reviewed,
998,33.26656666666667,2406,2,car,0.1991534233093261,327.872314453125,515.0806884765625,361.6993713378906,543.2188110351562,0.1795759499073028,0.4899534881114959,0.0176182594150304,0.0260538179427385,reviewed,
998,33.26656666666667,2298,2,car,0.1850778609514236,607.3336791992188,499.9806213378906,652.945556640625,520.8817749023438,0.3281977474689483,0.4726215004920959,0.0237561855465173,0.0193529203534126,reviewed,
998,33.26656666666667,2365,2,car,0.1685616374015808,223.3978881835937,516.38623046875,315.4194641113281,550.7854614257812,0.1403170228004455,0.4940609335899353,0.0479279048740863,0.0318511389195919,reviewed,
999,33.299933333333335,749,2,car,0.9449121952056884,774.735595703125,429.7503662109375,1244.772216796875,764.1506958007812,0.5259134769439697,0.552731990814209,0.2448107451200485,0.3096299469470978,reviewed,
999,33.299933333333335,1292,2,car,0.8579249382019043,1287.9608154296875,466.5448913574219,1420.5111083984375,520.7008666992188,0.7053312063217163,0.4570582211017608,0.0690366104245185,0.0501444227993488,reviewed,
999,33.299933333333335,2036,2,car,0.5537357926368713,439.5703430175781,505.05517578125,509.2349548339844,533.8519897460938,0.2470847070217132,0.4809755682945251,0.036283653229475,0.0266637168824672,reviewed,
999,33.299933333333335,2126,2,car,0.6758358478546143,64.5676040649414,511.2599792480469,150.73243713378906,563.408203125,0.0560677200555801,0.4975315928459167,0.0448775179684162,0.0482853911817073,reviewed,
999,33.299933333333335,2318,2,car,0.3644627034664154,699.1951293945312,493.60443115234375,750.6481323242188,515.294677734375,0.3775633573532104,0.4670829176902771,0.0267984382808208,0.0200835615396499,reviewed,
999,33.299933333333335,2359,2,car,0.4342642724514007,1402.0357666015625,462.87445068359375,1529.4757080078125,503.0838012695313,0.7634144425392151,0.4472028911113739,0.0663749724626541,0.0372308790683746,reviewed,
999,33.299933333333335,2366,2,car,0.4513961970806122,278.16656494140625,514.5869750976562,359.3182067871094,550.1326293945312,0.1660116463899612,0.4929257333278656,0.0422664806246757,0.0329126417636871,reviewed,
999,33.299933333333335,2373,2,car,0.4789051115512848,654.7188720703125,495.4178161621094,698.2049560546875,519.8924560546875,0.3523239195346832,0.4700510799884796,0.0226490013301372,0.0226617027074098,reviewed,
999,33.299933333333335,2394,2,car,0.1871442943811416,295.4397277832031,513.9830322265625,360.6321716308594,545.474609375,0.1708520501852035,0.490489661693573,0.0339543968439102,0.0291588678956031,reviewed,
999,33.299933333333335,2129,2,car,0.3198665976524353,398.4794616699219,510.3488464355469,435.20904541015625,535.065185546875,0.2171063721179962,0.4839879870414734,0.019129991531372,0.0228854995220899,reviewed,
999,33.299933333333335,2406,2,car,0.1698335707187652,327.058349609375,515.4303588867188,361.576416015625,543.4344482421875,0.179331973195076,0.4902151525020599,0.0179781597107648,0.0259297117590904,reviewed,
999,33.299933333333335,2298,2,car,0.2965874075889587,606.562255859375,500.0164794921875,654.3397216796875,521.4050903320312,0.3283599019050598,0.4728803634643554,0.0248840972781181,0.0198042690753936,reviewed,
999,33.299933333333335,2365,2,car,0.1312931478023529,223.4403533935547,517.0875854492188,302.0496826171875,550.6065673828125,0.1368463635444641,0.4943028092384338,0.0409423597157001,0.0310360938310623,reviewed,
999,33.299933333333335,2418,2,car,0.4292901158332824,1247.2489013671875,463.9789123535156,1330.129150390625,499.5670471191406,0.6711921691894531,0.4460860788822174,0.0431667976081371,0.0329519771039485,reviewed,
1000,33.3333,749,2,car,0.9438953995704652,773.9906616210938,430.1654357910156,1244.4656982421875,764.1185913085938,0.5256396532058716,0.5529093146324158,0.2450390756130218,0.3092158734798431,reviewed,
1000,33.3333,1292,2,car,0.8572611212730408,1287.9287109375,466.3305969238281,1419.991455078125,520.5263671875,0.7051875591278076,0.4568782150745392,0.0687826797366142,0.0501812696456909,reviewed,
1000,33.3333,2036,2,car,0.545094907283783,439.057861328125,505.5698547363281,508.2788696289063,533.85693359375,0.2467022687196731,0.4812161028385162,0.0360526069998741,0.0261917393654584,reviewed,
1000,33.3333,2126,2,car,0.5849648118019104,63.300140380859375,511.7398376464844,149.6551055908203,563.9013671875,0.0554570965468883,0.4979820549488067,0.0449765436351299,0.0482977107167243,reviewed,
1000,33.3333,2318,2,car,0.3302247822284698,703.7861328125,493.8384704589844,750.9927368164062,515.2833862304688,0.3788486421108246,0.4671860337257385,0.0245867725461721,0.0198564026504755,reviewed,
1000,33.3333,2359,2,car,0.3017828464508056,1419.18798828125,463.4983520507813,1534.4136962890625,502.3540954589844,0.7691670656204224,0.4471538960933685,0.0600133910775184,0.0359775386750698,reviewed,
1000,33.3333,2366,2,car,0.5039107203483582,278.0799255371094,514.355712890625,358.95245361328125,550.2227172851562,0.1658938378095626,0.492860347032547,0.0421211086213588,0.0332101881504058,reviewed,
1000,33.3333,2373,2,car,0.5026993751525879,658.4166870117188,493.8394775390625,698.8372802734375,519.910888671875,0.3534515500068664,0.4693288803100586,0.0210523921996355,0.0241401959210634,reviewed,
1000,33.3333,2394,2,car,0.2320568114519119,301.94366455078125,513.9310302734375,360.4298095703125,543.9180297851562,0.1724930852651596,0.4897449612617492,0.0304615329951047,0.0277657397091388,reviewed,
1000,33.3333,2129,2,car,0.3549706935882568,398.3886413574219,510.7153625488281,434.3033142089844,535.6870727539062,0.2168468683958053,0.484445571899414,0.0187055580317974,0.023121953010559,reviewed,
1000,33.3333,2406,2,car,0.2034222483634948,323.8529052734375,515.2268676757812,361.1679992675781,543.5550537109375,0.1783908456563949,0.4901768565177917,0.0194349456578493,0.026229802519083,reviewed,
1000,33.3333,2298,2,car,0.340485155582428,603.4403686523438,499.9376220703125,653.04150390625,521.9089965820312,0.3272088468074798,0.4730771481990814,0.0258339252322912,0.0203438661992549,reviewed,
1000,33.3333,2365,2,car,0.1191114261746406,222.3538818359375,508.8746643066406,297.44854736328125,550.7914428710938,0.135365217924118,0.4905861616134643,0.0391118042171001,0.038811832666397,reviewed,
1000,33.3333,2418,2,car,0.562566339969635,1240.9317626953125,464.6325988769531,1327.331298828125,500.04296875,0.6688185334205627,0.4466090500354767,0.0449997596442699,0.0327873788774013,reviewed,
1000,33.3333,2419,7,truck,0.3718814849853515,61.880401611328125,511.3970642089844,148.55294799804688,562.9141845703125,0.0548003502190113,0.497366338968277,0.0451419502496719,0.0477010384202003,reviewed,
1001,33.36666666666667,749,2,car,0.9422137141227722,773.4439697265625,431.2164611816406,1243.7847900390625,762.9154663085938,0.5253199934959412,0.5528388619422913,0.2449691742658615,0.3071286976337433,reviewed,
1001,33.36666666666667,1292,2,car,0.8660587072372437,1287.4688720703125,465.9252014160156,1419.773681640625,520.3653564453125,0.7050111293792725,0.4566159844398498,0.0689087584614753,0.050407551229,reviewed,
1001,33.36666666666667,2036,2,car,0.5481595396995544,439.9754943847656,506.2402038574219,507.7874145507813,533.7833251953125,0.2468132674694061,0.4814924001693725,0.0353187099099159,0.0255028903484344,reviewed,
1001,33.36666666666667,2126,2,car,0.5309552550315857,61.86579513549805,512.0538940429688,149.1923065185547,564.1382446289062,0.0549630485475063,0.4982371032238006,0.0454825572669506,0.0482262521982193,reviewed,
1001,33.36666666666667,2318,2,car,0.2763825953006744,708.2865600585938,494.0061340332031,751.3662719726562,515.124267578125,0.3801179230213165,0.4671899974346161,0.0224373508244752,0.0195538271218538,reviewed,
1001,33.36666666666667,2359,2,car,0.5200314521789551,1437.9447021484375,463.1258544921875,1546.2451171875,502.6666259765625,0.7771328091621399,0.4471261501312256,0.0564064644277095,0.0366118252277374,reviewed,
1001,33.36666666666667,2366,2,car,0.4915717542171478,278.11688232421875,514.5137329101562,358.5025939941406,550.085693359375,0.165786325931549,0.4928700625896454,0.0418675579130649,0.0329370014369487,reviewed,
1001,33.36666666666667,2373,2,car,0.4874167442321777,662.1019287109375,495.2152404785156,701.1913452148438,519.5919799804688,0.3550242781639099,0.4698181748390198,0.0203590709716081,0.0225710552185773,reviewed,
1001,33.36666666666667,2394,2,car,0.2396324723958969,303.8495483398437,514.0860595703125,360.1303100585937,543.6484375,0.1729114204645156,0.4896918833255768,0.0293128974735736,0.0273725725710392,reviewed,
1001,33.36666666666667,2129,2,car,0.3354057073593139,398.0357055664063,511.0082092285156,433.5211486816406,535.8939819335938,0.216551274061203,0.4846769571304321,0.0184820014983415,0.023042382672429,reviewed,
1001,33.36666666666667,2406,2,car,0.1830292493104934,322.73150634765625,515.4188232421875,360.6362915039063,543.6114501953125,0.1779603660106659,0.4902918040752411,0.0197420753538608,0.0261042844504117,reviewed,
1001,33.36666666666667,2298,2,car,0.3557466864585876,601.9531860351562,500.0767822265625,652.3732299804688,521.939697265625,0.3266474902629852,0.4731557667255401,0.0262604393064975,0.020243439823389,reviewed,
1001,33.36666666666667,2365,2,car,0.1579735726118087,221.11900329589844,508.2170715332031,295.9515380859375,550.9281005859375,0.1346537917852401,0.4903449714183807,0.0389752797782421,0.039547249674797,reviewed,
1001,33.36666666666667,2418,2,car,0.4270998835563659,1235.111328125,464.3045654296875,1328.4222412109375,499.9020080566406,0.6675869226455688,0.4463919103145599,0.0485994331538677,0.0329605937004089,reviewed,
1001,33.36666666666667,2419,7,truck,0.3687659204006195,59.95927429199219,511.504150390625,148.37869262695312,563.3696899414062,0.0542546771466732,0.4976267516613006,0.0460517816245555,0.0480236485600471,reviewed,
1002,33.40003333333333,749,2,car,0.9420687556266784,772.9009399414062,431.5968933105469,1243.1968994140625,762.5977172851562,0.525025486946106,0.5528678894042969,0.2449458092451095,0.3064822554588318,reviewed,
1002,33.40003333333333,1292,2,car,0.8752071261405945,1286.4471435546875,465.6864013671875,1418.9111328125,519.940673828125,0.7045204043388367,0.4563088417053222,0.0689916610717773,0.0502354390919208,reviewed,
1002,33.40003333333333,2036,2,car,0.5020828247070312,437.1838989257813,506.781494140625,507.7767639160156,534.34130859375,0.2460835129022598,0.4820013046264648,0.0367671176791191,0.0255183465778827,reviewed,
1002,33.40003333333333,2126,2,car,0.5197098851203918,60.02168655395508,511.8043823242188,149.33584594726562,564.33056640625,0.0545201897621154,0.4982106387615204,0.0465177930891513,0.0486353561282157,reviewed,
1002,33.40003333333333,2318,2,car,0.2042377889156341,713.7351684570312,493.7000427246094,752.756591796875,514.7789916992188,0.3818988800048828,0.466888427734375,0.0203236583620309,0.0195175446569919,reviewed,
1002,33.40003333333333,2359,2,car,0.3692171275615692,1449.1531982421875,462.2257385253906,1556.6673583984375,502.0875549316406,0.7827657461166382,0.4464413523674011,0.0559969581663608,0.0369090884923934,reviewed,
1002,33.40003333333333,2366,2,car,0.4079284369945526,277.6527099609375,514.8308715820312,357.7026672363281,549.6867065429688,0.1654571145772934,0.492832213640213,0.0416926853358745,0.0322739221155643,reviewed,
1002,33.40003333333333,2373,2,car,0.4643137454986572,664.1193237304688,495.8571472167969,706.3965454101562,519.1551513671875,0.3569051623344421,0.469913125038147,0.0220193862915039,0.0215722266584634,reviewed,
1002,33.40003333333333,2394,2,car,0.2040951550006866,302.9194030761719,514.3012084960938,359.9742736816406,543.8439331054688,0.172628566622734,0.4898820221424103,0.0297160781919956,0.0273543745279312,reviewed,
1002,33.40003333333333,2129,2,car,0.3581622838973999,397.276611328125,511.6203308105469,432.8782958984375,536.1564331054688,0.2161861807107925,0.4850818216800689,0.0185425449162721,0.0227186139672994,reviewed,
1002,33.40003333333333,2406,2,car,0.1228435710072517,322.17169189453125,515.7650146484375,360.6828002929688,543.6776123046875,0.1778266876935959,0.4904826879501343,0.0200578682124614,0.0258449986577034,reviewed,
1002,33.40003333333333,2298,2,car,0.4260829985141754,595.976318359375,500.0323791503906,651.5477905273438,522.4932861328125,0.3248760998249054,0.4733915030956268,0.0289434753358364,0.0207971353083848,reviewed,
1002,33.40003333333333,2365,2,car,0.1341130435466766,219.7188873291016,514.7874755859375,294.93426513671875,551.1698608398438,0.1340242475271225,0.4934987425804138,0.0391746759414672,0.0336873941123485,reviewed,
1002,33.40003333333333,2418,2,car,0.4995687007904053,1227.3316650390625,463.9161682128906,1329.7064208984375,499.6468505859375,0.6658953428268433,0.4460939764976501,0.0533201843500137,0.0330839641392231,reviewed,
1002,33.40003333333333,2419,7,truck,0.395158588886261,58.15742492675781,510.683349609375,148.6787109375,563.6155395507812,0.0538635775446891,0.4973605573177337,0.0471465028822422,0.0490112863481044,reviewed,
1002,33.40003333333333,2421,2,car,0.560093343257904,1140.85693359375,464.3581848144531,1202.72998046875,503.7049560546875,0.6103090643882751,0.4481773674488067,0.0322255454957485,0.0364321954548358,reviewed,
1002,33.40003333333333,2092,2,car,0.3195631206035614,356.6356506347656,514.7989501953125,414.7645263671875,542.0615234375,0.200885459780693,0.489287257194519,0.0302754566073417,0.0252431239932775,reviewed,
1003,33.4334,749,2,car,0.9423992037773132,771.992919921875,431.19091796875,1242.620849609375,763.1240844726562,0.5246390104293823,0.5529235601425171,0.2451187074184417,0.3073455393314361,reviewed,
1003,33.4334,1292,2,car,0.8830704689025879,1285.4259033203125,465.4688415527344,1417.5753173828125,519.9212036132812,0.7039065957069397,0.4561990797519684,0.0688278228044509,0.0504188537597656,reviewed,
1003,33.4334,2036,2,car,0.5296582579612732,435.2296447753906,506.96630859375,508.0148010253906,534.6968994140625,0.2456365674734115,0.4822514951229095,0.0379089340567588,0.0256764721125364,reviewed,
1003,33.4334,2126,2,car,0.517880916595459,56.52971649169922,512.2445068359375,147.70416259765625,564.4942626953125,0.0531859062612056,0.4984901845455169,0.0474866889417171,0.0483794026076793,reviewed,
1003,33.4334,2359,2,car,0.2943674921989441,1460.6610107421875,461.5421142578125,1567.909912109375,501.9679260253906,0.7886903285980225,0.4460694491863251,0.0558588020503521,0.0374313071370124,reviewed,
1003,33.4334,2366,2,car,0.2395125180482864,279.1250305175781,514.795654296875,356.5120849609375,550.4598388671875,0.1655304878950119,0.4931738376617431,0.0403057560324668,0.0330223925411701,reviewed,
1003,33.4334,2373,2,car,0.4494877457618713,667.2081909179688,495.6590270996094,728.4133911132812,518.9262084960938,0.3634431064128876,0.4697153866291046,0.0318777076900005,0.0215436872094869,reviewed,
1003,33.4334,2394,2,car,0.3169491291046142,295.2285461425781,514.9165649414062,358.15399169921875,544.6402587890625,0.1701517105102539,0.4905355870723724,0.032773669809103,0.027521938085556,reviewed,
1003,33.4334,2129,2,car,0.3495999872684479,396.4476013183594,511.4886779785156,432.4710998535156,536.3541259765625,0.2158642411231994,0.4851123988628387,0.0187622383236885,0.0230235625058412,reviewed,
1003,33.4334,2406,2,car,0.1068282797932624,316.3768005371094,515.8851928710938,372.6827697753906,544.0061645507812,0.1794425994157791,0.4906904399394989,0.0293260253965854,0.0260379370301961,reviewed,
1003,33.4334,2298,2,car,0.4635682702064514,593.763916015625,499.9705810546875,651.1447143554688,523.1641845703125,0.3241949677467346,0.4736734926700592,0.0298858322203159,0.0214755591005086,reviewed,
1003,33.4334,2365,2,car,0.1472706347703933,217.3858642578125,517.3840942382812,290.19708251953125,551.5956420898438,0.1321830600500106,0.4948980212211609,0.0379225090146064,0.0316773578524589,reviewed,
1003,33.4334,2418,2,car,0.4662560224533081,1220.2115478515625,463.52099609375,1325.63916015625,499.198486328125,0.6629819273948669,0.4457034766674042,0.0549102164804935,0.0330347120761871,reviewed,
1003,33.4334,2419,7,truck,0.4104986786842346,55.05442810058594,511.0039367675781,147.36111450195312,563.7926025390625,0.0527123808860778,0.4975909888744354,0.0480763986706733,0.0488783940672874,reviewed,
1003,33.4334,2421,2,car,0.5225462317466736,1141.8310546875,464.6373901367188,1208.3599853515625,503.0248718261719,0.6120288968086243,0.4479917883872986,0.0346504859626293,0.0355439633131027,reviewed,
1003,33.4334,2424,2,car,0.5952931642532349,1808.47265625,466.7630615234375,1844.7431640625,489.893798828125,0.9513582587242126,0.442896693944931,0.0188908893615007,0.02141734957695,reviewed,
1003,33.4334,2092,2,car,0.4499314427375793,354.2991027832031,514.0035400390625,411.0746765136719,542.5684814453125,0.1993160843849182,0.4891537129878998,0.0295706111937761,0.0264490190893411,reviewed,
1004,33.466766666666665,749,2,car,0.9421775341033936,771.8257446289062,431.1174621582031,1242.4869384765625,763.3733520507812,0.5245606303215027,0.553005039691925,0.2451360374689102,0.3076443374156952,reviewed,
1004,33.466766666666665,1292,2,car,0.8821584582328796,1285.233642578125,465.2374267578125,1416.825927734375,519.9534912109375,0.703661322593689,0.4561069011688232,0.0685376450419426,0.050663024187088,reviewed,
1004,33.466766666666665,2036,2,car,0.5460432767868042,434.0269165039063,506.9407653808594,508.0578308105469,534.6199340820312,0.2453345656394958,0.4822040200233459,0.0385577678680419,0.0256288591772317,reviewed,
1004,33.466766666666665,2126,2,car,0.5415821671485901,54.43192672729492,512.2835693359375,147.35736083984375,564.4544067382812,0.0525492951273918,0.4984898269176483,0.0483986623585224,0.048306331038475,reviewed,
1004,33.466766666666665,2359,2,car,0.3708190619945526,1441.16455078125,459.7033996582031,1578.2965087890625,502.644775390625,0.7863179445266724,0.4455315470695495,0.0714228972792625,0.0397605337202549,reviewed,
1004,33.466766666666665,2366,2,car,0.2544555068016052,280.1053771972656,514.3990478515625,356.6380310058594,550.398193359375,0.1658186018466949,0.4929616749286651,0.0398607589304447,0.0333325415849685,reviewed,
1004,33.466766666666665,2373,2,car,0.4991457760334015,670.6343994140625,495.7230529785156,736.0007934570312,519.0488891601562,0.366311252117157,0.4698018431663513,0.0340449959039688,0.021597996354103,reviewed,
1004,33.466766666666665,2394,2,car,0.3404344320297241,293.0533447265625,515.1126098632812,357.8314819335937,544.3499755859375,0.1695012599229812,0.4904919564723968,0.0337386131286621,0.0270716343075037,reviewed,
1004,33.466766666666665,2129,2,car,0.3574941158294678,396.0243835449219,511.0868835449219,432.3630676269531,536.3873901367188,0.2157258987426757,0.4849417805671692,0.0189263988286256,0.0234263949096202,reviewed,
1004,33.466766666666665,2406,2,car,0.1058841273188591,313.3670349121094,515.6685791015625,379.6011962890625,543.8893432617188,0.1804604828357696,0.4905360341072082,0.0344969592988491,0.026130337268114,reviewed,
1004,33.466766666666665,2298,2,car,0.4467558562755584,594.311279296875,499.9237060546875,650.8920288085938,523.4927368164062,0.3242717087268829,0.4738039076328277,0.0294691398739814,0.021823177114129,reviewed,
1004,33.466766666666665,2365,2,car,0.1170452907681465,216.30517578125,518.0869750976562,299.7806091308594,551.7125854492188,0.134397342801094,0.4952775835990906,0.0434767864644527,0.0311348251998424,reviewed,
1004,33.466766666666665,2418,2,car,0.2440964877605438,1213.96044921875,462.5672912597656,1324.2481689453125,499.4718017578125,0.6609917879104614,0.4453884661197662,0.057441521435976,0.0341708436608314,reviewed,
1004,33.466766666666665,2419,7,truck,0.3763744235038757,53.4466438293457,510.9246215820313,147.04498291015625,563.8336791992188,0.0522113591432571,0.4975732862949371,0.0487491376698017,0.0489898696541786,reviewed,
1004,33.466766666666665,2421,2,car,0.4946179091930389,1142.5504150390625,465.7922058105469,1216.068359375,502.8081359863281,0.6142235994338989,0.4484260976314544,0.0382905974984169,0.0342740081250667,reviewed,
1004,33.466766666666665,2424,2,car,0.5238597393035889,1798.912109375,465.6484069824219,1844.3978271484373,490.8122863769531,0.9487786889076232,0.4428058862686157,0.0236904788762331,0.0232998877763748,reviewed,
1004,33.466766666666665,2092,2,car,0.3775496482849121,353.4131164550781,513.5009765625,409.63037109375,542.5484008789062,0.1987092345952987,0.4889117181301117,0.0292798206210136,0.0268957633525133,reviewed,
1005,33.50013333333333,749,2,car,0.9435784816741944,772.2467651367188,431.0968627929688,1242.78857421875,763.3248901367188,0.5247488021850586,0.5529730319976807,0.2450738549232483,0.3076185584068298,reviewed,
1005,33.50013333333333,1292,2,car,0.8849797248840332,1284.1787109375,465.5011596679688,1417.505615234375,519.9412841796875,0.7035636305809021,0.4562233388423919,0.0694410949945449,0.0504075214266777,reviewed,
1005,33.50013333333333,2036,2,car,0.5270835757255554,434.9535827636719,506.878173828125,508.52490234375,534.3280639648438,0.2456975281238556,0.4820399582386017,0.038318395614624,0.0254165641963481,reviewed,
1005,33.50013333333333,2126,2,car,0.5387116074562073,56.496490478515625,512.31005859375,147.4280548095703,564.2405395507812,0.0531053505837917,0.4984030127525329,0.0473601892590522,0.0480837784707546,reviewed,
1005,33.50013333333333,2359,2,car,0.3901501893997192,1444.355224609375,459.9129638671875,1588.607421875,502.8654174804688,0.7898340225219727,0.4457307457923889,0.0751313492655754,0.0397707894444465,reviewed,
1005,33.50013333333333,2366,2,car,0.3678808212280273,278.825439453125,514.8558349609375,356.255126953125,549.568115234375,0.1653855592012405,0.4927888512611389,0.040327962487936,0.0321410000324249,reviewed,
1005,33.50013333333333,2373,2,car,0.492296814918518,675.1640625,494.6736450195313,739.7703857421875,518.564697265625,0.3684725165367126,0.4690918326377868,0.0336491279304027,0.0221213437616825,reviewed,
1005,33.50013333333333,2394,2,car,0.221815213561058,300.72607421875,515.077392578125,358.0116577148437,544.214111328125,0.1715462803840637,0.4904127418994903,0.0298362411558628,0.0269784424453973,reviewed,
1005,33.50013333333333,2129,2,car,0.2810667157173157,396.8403625488281,511.0225830078125,432.7586975097656,536.1881713867188,0.2160414159297943,0.4848197698593139,0.0187074653804302,0.0233014710247516,reviewed,
1005,33.50013333333333,2298,2,car,0.4243434965610504,594.3678588867188,499.9624328613281,651.2041015625,523.5103759765625,0.3243677020072937,0.473829984664917,0.0296022091060876,0.0218036510050296,reviewed,
1005,33.50013333333333,2365,2,car,0.1154029592871666,216.57894897460932,518.2305297851562,295.01153564453125,551.5055541992188,0.1332266926765442,0.4952481985092163,0.0408503040671348,0.0308102071285247,reviewed,
1005,33.50013333333333,2418,2,car,0.377349704504013,1216.3262939453125,462.2838134765625,1319.4769287109375,499.2981872558594,0.6603654026985168,0.4451768696308136,0.0537242889404296,0.0342725701630115,reviewed,
1005,33.50013333333333,2419,7,truck,0.4174356460571289,55.43463516235352,511.1770629882813,147.2117462158203,563.4719848632812,0.0527724958956241,0.4975227117538452,0.0478005819022655,0.0484212227165699,reviewed,
1005,33.50013333333333,2421,2,car,0.502453088760376,1142.50341796875,465.6788940429688,1220.429931640625,503.0185546875,0.6153472065925598,0.4484710395336151,0.0405867248773574,0.0345737598836422,reviewed,
1005,33.50013333333333,2424,2,car,0.6082173585891724,1790.59814453125,462.7148742675781,1845.239501953125,491.7276306152344,0.9468327164649964,0.4418715238571167,0.0284590404480695,0.0268636625260114,reviewed,
1005,33.50013333333333,2092,2,car,0.3825596868991852,353.5447998046875,513.6304931640625,409.76947021484375,542.5758056640625,0.1987797617912292,0.4889844059944153,0.0292836818844079,0.0268012154847383,reviewed,
1006,33.533500000000004,749,2,car,0.940590798854828,772.8438720703125,430.91259765625,1243.1278076171875,762.8243408203125,0.5249926447868347,0.5526559948921204,0.2449395507574081,0.3073256909847259,reviewed,
1006,33.533500000000004,1292,2,car,0.8695177435874939,1283.3619384765625,465.8212585449219,1418.4921875,519.7702026367188,0.7036077976226807,0.4562923312187195,0.0703803375363349,0.0499527268111705,reviewed,
1006,33.533500000000004,2036,2,car,0.4688989520072937,436.2582092285156,506.3401184082031,508.740966796875,533.5286865234375,0.2460935264825821,0.4814207255840301,0.0377514362335205,0.0251746010035276,reviewed,
1006,33.533500000000004,2126,2,car,0.5270044207572937,59.50273513793945,511.30517578125,147.95150756835938,563.8115234375,0.0540245398879051,0.4977392256259918,0.0460670702159404,0.048616986721754,reviewed,
1006,33.533500000000004,2359,2,car,0.4211662709712982,1449.478271484375,459.9005737304688,1600.1434326171875,503.26751708984375,0.7941722869873047,0.4459111392498016,0.0784714370965957,0.0401545763015747,reviewed,
1006,33.533500000000004,2366,2,car,0.4792435467243194,278.1157531738281,514.2841796875,356.48895263671875,549.5064697265625,0.1652616560459137,0.4924956858158111,0.0408193729817867,0.0326132327318191,reviewed,
1006,33.533500000000004,2373,2,car,0.4357694983482361,676.9903564453125,494.4322509765625,744.2987060546875,517.7572631835938,0.3701273500919342,0.4686062633991241,0.0350564308464527,0.0215972326695919,reviewed,
1006,33.533500000000004,2394,2,car,0.220727190375328,305.2238464355469,513.9763793945312,358.42706298828125,543.1182250976562,0.1728257536888122,0.4893956482410431,0.0277100093662738,0.0269831903278827,reviewed,
1006,33.533500000000004,2129,2,car,0.3789210915565491,397.0701293945313,510.8237609863281,433.3667602539063,535.7728271484375,0.2162596136331558,0.4845354557037353,0.0189044959843158,0.0231009870767593,reviewed,
1006,33.533500000000004,2298,2,car,0.3484625816345215,597.737548828125,499.9996643066406,651.5948486328125,522.957275390625,0.325346976518631,0.473591148853302,0.0280506778508424,0.0212570466101169,reviewed,
1006,33.533500000000004,2365,2,car,0.1206221953034401,219.8553771972656,518.0840454101562,290.5033264160156,550.3567504882812,0.1329059153795242,0.4946485161781311,0.0367958061397075,0.0298821348696947,reviewed,
1006,33.533500000000004,2418,2,car,0.6094710230827332,1220.615234375,462.2784729003906,1313.6748046875,498.0108947753906,0.6599713563919067,0.4445784091949463,0.0484685264527797,0.0330855771899223,reviewed,
1006,33.533500000000004,2421,2,car,0.581597626209259,1143.3323974609375,465.0788269042969,1227.80078125,502.8155517578125,0.617482602596283,0.4480992555618286,0.0439939498901367,0.0349414125084877,reviewed,
1006,33.533500000000004,2424,2,car,0.5463873744010925,1782.3192138671875,458.7795104980469,1846.4708251953125,492.5657043457031,0.9449974298477172,0.4404375851154327,0.0334122963249683,0.0312835127115249,reviewed,
1006,33.533500000000004,2092,2,car,0.1510357558727264,355.0180053710937,514.4264526367188,410.6590576171875,541.5572509765625,0.1993950754404068,0.4888813197612762,0.0289797149598598,0.025121109560132,reviewed,
1007,33.56686666666667,749,2,car,0.9402851462364196,773.7908325195312,430.5932312011719,1244.5721435546875,763.7125854492188,0.525615394115448,0.552919328212738,0.245198592543602,0.3084438443183899,reviewed,
1007,33.56686666666667,1292,2,car,0.8666192889213562,1286.5321044921875,466.32562255859375,1420.012939453125,519.878662109375,0.7048293948173523,0.4565760493278503,0.0695212706923484,0.049586147069931,reviewed,
1007,33.56686666666667,2036,2,car,0.498126745223999,438.8596496582031,506.243896484375,508.2628479003906,533.004638671875,0.2466464787721634,0.4811335802078247,0.0361474975943565,0.02477846480906,reviewed,
1007,33.56686666666667,2126,2,car,0.5305215716362,61.50550079345703,510.5638427734375,148.41732788085938,563.52392578125,0.0546674020588398,0.4972628653049469,0.0452665761113166,0.0490371137857437,reviewed,
1007,33.56686666666667,2359,2,car,0.4557676613330841,1458.6102294921875,460.2024536132813,1612.04052734375,503.3138732910156,0.799648642539978,0.4460723996162414,0.0799116119742393,0.039917979389429,reviewed,
1007,33.56686666666667,2366,2,car,0.3427478969097137,278.6441345214844,514.0953369140625,357.85894775390625,548.9305419921875,0.1657560020685196,0.4921416044235229,0.0412577167153358,0.0322548188269138,reviewed,
1007,33.56686666666667,2373,2,car,0.418757289648056,676.631591796875,494.078125,751.74462890625,517.3569946289062,0.3719729781150818,0.4682570099830627,0.0391213744878768,0.0215545091778039,reviewed,
1007,33.56686666666667,2394,2,car,0.2505295872688293,310.4480285644531,513.901611328125,359.3943176269531,542.3275146484375,0.1744381040334701,0.4889949560165405,0.0254928581416606,0.0263202805072069,reviewed,
1007,33.56686666666667,2129,2,car,0.2984931766986847,400.5455627441406,510.7225646972656,434.0859069824219,535.4937133789062,0.2173519432544708,0.4843594133853912,0.0174689292907714,0.0229362491518259,reviewed,
1007,33.56686666666667,2298,2,car,0.3371536433696747,598.208740234375,499.4143371582031,652.3646850585938,522.4850463867188,0.3256701827049255,0.4731015861034393,0.0282062217593193,0.021361768245697,reviewed,
1007,33.56686666666667,2365,2,car,0.1231727749109268,220.1835021972656,515.281005859375,298.3607177734375,550.1634521484375,0.1350375562906265,0.4932613372802734,0.0407173000276088,0.0322985611855983,reviewed,
1007,33.56686666666667,2418,2,car,0.5354053974151611,1224.3052978515625,462.7111511230469,1309.7156982421875,498.7033996582031,0.6599013209342957,0.4450993239879608,0.044484581798315,0.033326156437397,reviewed,
1007,33.56686666666667,2421,2,car,0.5735888481140137,1141.6121826171875,464.8223571777344,1236.5477294921875,503.3645935058594,0.6193124651908875,0.4482347071170807,0.0494455955922603,0.035687256604433,reviewed,
1007,33.56686666666667,2424,2,car,0.6505884528160095,1774.1104736328125,456.4585876464844,1847.4508056640625,494.2327270507813,0.943114936351776,0.4401348531246185,0.0381980910897254,0.0349760539829731,reviewed,
1007,33.56686666666667,2092,2,car,0.2256449908018112,356.81646728515625,513.734619140625,417.5973815917969,540.753173828125,0.2016702592372894,0.4881888031959533,0.031656727194786,0.0250171795487403,reviewed,
1007,33.56686666666667,2432,7,truck,0.4135523438453674,1459.0416259765625,458.15283203125,1612.0301513671875,503.8048400878906,0.79975825548172,0.4453507661819458,0.0796815231442451,0.0422703772783279,reviewed,
1008,33.600233333333335,749,2,car,0.9411652684211732,773.7347412109375,430.4978332519531,1244.6917724609375,764.0906372070312,0.5256319046020508,0.5530502200126648,0.2452901154756546,0.3088822364807129,reviewed,
1008,33.600233333333335,1292,2,car,0.8562335968017578,1285.7998046875,466.6989440917969,1419.7862548828125,520.0126953125,0.7045796513557434,0.4568109512329101,0.0697846114635467,0.04936458542943,reviewed,
1008,33.600233333333335,2036,2,car,0.4987878501415252,438.6512756347656,506.09423828125,507.7088317871094,532.8257446289062,0.2464479506015777,0.4809814393520355,0.0359674766659736,0.0247513949871063,reviewed,
1008,33.600233333333335,2126,2,car,0.5452949404716492,61.81028747558594,510.1717834472656,147.89112854003906,563.3641357421875,0.0546097420156002,0.4970073699951172,0.0448337718844413,0.0492521785199642,reviewed,
1008,33.600233333333335,2359,2,car,0.4039410650730133,1467.2559814453125,460.09710693359375,1622.8441162109375,503.3479919433594,0.8047135472297668,0.4460393786430359,0.0810354873538017,0.0400471165776252,reviewed,
1008,33.600233333333335,2366,2,car,0.2545784711837768,278.5140991210937,514.2437133789062,358.16656494140625,548.849853515625,0.1658022552728653,0.4921729266643524,0.0414856597781181,0.0320427231490612,reviewed,
1008,33.600233333333335,2373,2,car,0.458688735961914,685.303955078125,494.5867919921875,753.7652587890625,517.1173706054688,0.3747576177120209,0.4683815538883209,0.0356569290161132,0.0208616461604833,reviewed,
1008,33.600233333333335,2394,2,car,0.2032986730337143,302.8876037597656,514.0283203125,358.8460693359375,543.6026000976562,0.1723264753818512,0.4896439015865326,0.0291450340300798,0.027383591979742,reviewed,
1008,33.600233333333335,2129,2,car,0.2623517215251922,400.5845642089844,510.2844848632813,434.23736572265625,535.4572143554688,0.2174015343189239,0.4841396808624267,0.017527500167489,0.0233080834150314,reviewed,
1008,33.600233333333335,2298,2,car,0.3290713727474212,598.2431640625,499.3082580566406,652.226806640625,522.0560302734375,0.3256432116031647,0.472853809595108,0.0281164813786745,0.0210627522319555,reviewed,
1008,33.600233333333335,2365,2,car,0.1037561222910881,219.81211853027344,516.0242919921875,304.546875,550.2212524414062,0.1365518271923065,0.4936322271823883,0.044132687151432,0.031663853675127,reviewed,
1008,33.600233333333335,2418,2,car,0.5643256902694702,1222.0975341796875,462.90032958984375,1304.11279296875,499.2017517089844,0.6578673124313354,0.4454176127910614,0.0427162796258926,0.0336124263703823,reviewed,
1008,33.600233333333335,2421,2,car,0.576820433139801,1140.66552734375,464.5372009277344,1242.7138671875,503.5156555175781,0.6206716895103455,0.4481726288795471,0.0531501770019531,0.0360911600291729,reviewed,
1008,33.600233333333335,2424,2,car,0.6712504625320435,1763.53173828125,455.19921875,1847.834716796875,495.6736450195313,0.9404600262641908,0.4402189254760742,0.0439078025519847,0.0374763198196888,reviewed,
1008,33.600233333333335,2092,2,car,0.1882799565792083,357.0524597167969,513.4580078125,419.0924072265625,540.3431396484375,0.2021210640668869,0.4878709018230438,0.0323124714195728,0.0248936414718627,reviewed,
1008,33.600233333333335,2432,7,truck,0.3926813304424286,1467.1761474609375,458.3880920410156,1622.2447509765625,503.8043823242188,0.8045367002487183,0.4454594850540161,0.0807648971676826,0.0420521199703216,reviewed,
1008,33.600233333333335,2434,7,truck,0.3573254942893982,59.741973876953125,509.6417236328125,146.97930908203125,562.5818481445312,0.0538336671888828,0.4963998198509216,0.0454361103475093,0.049018632620573,reviewed,
1009,33.6336,749,2,car,0.9414677023887634,772.9537353515625,430.6611328125,1243.515380859375,763.0371704101562,0.5251221656799316,0.552638053894043,0.2450841963291168,0.3077555894851684,reviewed,
1009,33.6336,1292,2,car,0.8616487979888916,1286.1903076171875,467.0325622558594,1418.93017578125,520.0215454101562,0.704458475112915,0.4569694697856903,0.069135345518589,0.0490638725459575,reviewed,
1009,33.6336,2036,2,car,0.4776772260665893,436.07525634765625,506.1822814941406,507.4664001464844,533.1529541015625,0.2457139641046524,0.4811736941337585,0.0371828861534595,0.0249728448688983,reviewed,
1009,33.6336,2126,2,car,0.5616558194160461,61.31800842285156,510.0569763183594,147.71194458007812,563.0377197265625,0.054434884339571,0.4968031048774719,0.0449968427419662,0.0490562431514263,reviewed,
1009,33.6336,2359,2,car,0.5599481463432312,1475.4415283203125,460.3175048828125,1630.9359130859375,503.1430358886719,0.8089524507522583,0.4460465610027313,0.0809866562485694,0.0396532677114009,reviewed,
1009,33.6336,2366,2,car,0.3126662671566009,277.7528991699219,514.5104370117188,358.0736389160156,548.0394287109375,0.1655798256397247,0.4919212162494659,0.0418337173759937,0.0310453623533248,reviewed,
1009,33.6336,2373,2,car,0.4809229373931885,679.846923828125,494.4497985839844,755.4869995117188,516.8438110351562,0.3737848997116089,0.4681914746761322,0.039395872503519,0.0207351967692375,reviewed,
1009,33.6336,2394,2,car,0.298734039068222,306.8701477050781,514.214599609375,359.0304260253906,542.7681884765625,0.1734116077423095,0.4893438816070556,0.0271668117493391,0.026438508182764,reviewed,
1009,33.6336,2129,2,car,0.3031226694583893,398.19573974609375,509.69830322265625,433.5463562011719,535.388671875,0.2165994942188263,0.4838365316390991,0.0184117797762155,0.0237873792648315,reviewed,
1009,33.6336,2298,2,car,0.3099671602249145,598.3709716796875,499.0675964355469,651.4798583984375,521.4727783203125,0.3254819810390472,0.4724723994731903,0.0276608783751726,0.020745538175106,reviewed,
1009,33.6336,2365,2,car,0.2057962566614151,217.6685485839844,516.6923217773438,301.472900390625,550.3934326171875,0.1351930946111679,0.4940211474895477,0.0436481013894081,0.0312047321349382,reviewed,
1009,33.6336,2418,2,car,0.5237362384796143,1218.86962890625,462.9150695800781,1298.945068359375,500.1291809082031,0.6556808948516846,0.4458538293838501,0.0417059585452079,0.0344575121998786,reviewed,
1009,33.6336,2421,2,car,0.6175934672355652,1142.123291015625,465.197998046875,1250.918701171875,503.6773071289063,0.6231880187988281,0.4485533833503723,0.0566642768681049,0.0356289893388748,reviewed,
1009,33.6336,2424,2,car,0.6544516682624817,1753.350830078125,455.1969909667969,1846.682373046875,496.1744689941406,0.9375086426734924,0.4404497444629669,0.0486101768910884,0.0379421077668666,reviewed,
1009,33.6336,2092,2,car,0.1734587699174881,356.2281188964844,512.2892456054688,423.7750549316406,539.518310546875,0.2031258195638656,0.4869479835033417,0.0351806953549385,0.0252120979130268,reviewed,
1009,33.6336,2432,7,truck,0.2724641561508178,1477.0169677734375,459.1246948242188,1630.3924560546875,502.8912048339844,0.8092212080955505,0.4453777074813843,0.0798830687999725,0.0405245460569858,reviewed,
1009,33.6336,2434,7,truck,0.3436296880245209,59.38966369628906,509.1466979980469,147.26443481445312,561.90087890625,0.0538161732256412,0.4958553612232208,0.0457681082189083,0.0488464646041393,reviewed,
1010,33.66696666666667,749,2,car,0.9411731958389282,772.947509765625,430.80377197265625,1243.40380859375,762.6384887695312,0.5250914692878723,0.5525195598602295,0.2450293153524398,0.3072543740272522,reviewed,
1010,33.66696666666667,1292,2,car,0.8616933226585388,1286.5347900390625,467.1184997558594,1418.39599609375,520.1959228515625,0.7044090032577515,0.4570900201797485,0.0686777085065841,0.0491457618772983,reviewed,
1010,33.66696666666667,2036,2,car,0.5407161712646484,434.7329406738281,505.7589111328125,507.6842651367188,533.08447265625,0.2454211562871933,0.4809460043907165,0.0379954800009727,0.0253014452755451,reviewed,
1010,33.66696666666667,2126,7,truck,0.3213137686252594,59.00112915039063,508.4404602050781,147.59584045410156,560.4523315429688,0.0538012944161891,0.4948577880859375,0.0461430773138999,0.0481591410934925,reviewed,
1010,33.66696666666667,2359,2,car,0.5671936869621277,1486.530029296875,460.3789367675781,1640.901611328125,503.3403625488281,0.8144353032112122,0.4461663365364074,0.0804018676280975,0.0397790968418121,reviewed,
1010,33.66696666666667,2366,2,car,0.3700335025787353,278.3794860839844,514.505615234375,357.6014709472656,547.6141967773438,0.1656200438737869,0.4917221665382385,0.0412614494562149,0.0306560937315225,reviewed,
1010,33.66696666666667,2373,2,car,0.5228084325790405,671.16748046875,494.2434692382813,756.12548828125,516.2636108398438,0.3716908693313598,0.4678273499011993,0.0442489609122276,0.0203890204429626,reviewed,
1010,33.66696666666667,2394,2,car,0.3217446506023407,306.0511169433594,513.9486083984375,358.6119384765625,542.2957763671875,0.1730893403291702,0.4890020191669464,0.0273754280060529,0.0262473784387111,reviewed,
1010,33.66696666666667,2129,2,car,0.3400155007839203,396.7578430175781,508.6384887695313,433.574462890625,535.0497436523438,0.2162323594093322,0.4831889867782593,0.0191753227263689,0.024454865604639,reviewed,
1010,33.66696666666667,2298,2,car,0.2931983172893524,599.4849853515625,498.9222106933594,651.2756958007812,519.9962768554688,0.3257189393043518,0.4717215001583099,0.0269743278622627,0.0195130240172147,reviewed,
1010,33.66696666666667,2365,2,car,0.3083423674106598,216.59616088867188,516.6469116210938,292.14996337890625,550.6693725585938,0.1324859708547592,0.4941278994083404,0.039350938051939,0.0315022803843021,reviewed,
1010,33.66696666666667,2418,2,car,0.4663839340209961,1215.5382080078125,463.1485900878906,1292.0667724609375,500.2350463867188,0.6530221104621887,0.446010947227478,0.039858628064394,0.0343393124639987,reviewed,
1010,33.66696666666667,2421,2,car,0.4375542998313904,1144.248779296875,465.3198547363281,1260.864501953125,503.788818359375,0.6263315677642822,0.4486614167690277,0.0607373565435409,0.0356194116175174,reviewed,
1010,33.66696666666667,2424,2,car,0.6002350449562073,1749.62109375,456.1025390625,1845.76953125,496.4272155761719,0.9362996220588684,0.4409860074520111,0.050077311694622,0.03733766451478,reviewed,
1010,33.66696666666667,2092,2,car,0.1748135387897491,355.34503173828125,512.5633544921875,420.2003173828125,539.5921020507812,0.2019649296998977,0.4871090352535248,0.0337787941098213,0.0250266175717115,reviewed,
1010,33.66696666666667,2432,7,truck,0.2453366369009018,1488.3948974609375,458.7654113769531,1641.7335205078125,502.8983459472656,0.8151376247406006,0.4452146887779236,0.0798638686537742,0.0408638268709182,reviewed,
1010,33.66696666666667,2434,2,car,0.4568148553371429,58.6466178894043,508.6916198730469,147.96340942382812,560.6908569335938,0.0538046956062316,0.4950844645500183,0.0465191602706909,0.048147439956665,reviewed,
1011,33.70033333333333,749,2,car,0.9414079189300536,773.9142456054688,430.3926696777344,1244.9112548828125,763.541748046875,0.5257357954978943,0.5527474284172058,0.2453109472990036,0.3084713816642761,reviewed,
1011,33.70033333333333,1292,2,car,0.8496803045272827,1287.8568115234375,467.3129577636719,1419.3468017578125,520.6454467773438,0.7050009369850159,0.4573881328105926,0.0684843733906745,0.0493819341063499,reviewed,
1011,33.70033333333333,2036,2,car,0.5623961687088013,435.9578247070313,504.8026428222656,508.1950988769531,532.7955322265625,0.2458731681108474,0.480369508266449,0.0376235805451869,0.0259193424135446,reviewed,
1011,33.70033333333333,2126,2,car,0.4385658502578735,59.20563507080078,508.5750122070313,148.06346130371094,560.605224609375,0.0539763309061527,0.4949908256530761,0.0462801195681095,0.0481761209666729,reviewed,
1011,33.70033333333333,2359,7,truck,0.299458384513855,1496.279052734375,461.2122497558594,1649.249755859375,504.0166931152344,0.8191481232643127,0.4468652606010437,0.0796722397208213,0.0396337434649467,reviewed,
1011,33.70033333333333,2366,2,car,0.3409599065780639,280.61328125,513.8953857421875,358.0862121582031,546.6004638671875,0.1663279831409454,0.4909703135490417,0.0403504855930805,0.0302824806421995,reviewed,
1011,33.70033333333333,2373,2,car,0.4671480357646942,690.5681762695312,493.3962707519531,757.3826904296875,515.3829345703125,0.3770705461502075,0.4670273959636688,0.034799225628376,0.0203580223023891,reviewed,
1011,33.70033333333333,2394,2,car,0.3541198074817657,309.1391906738281,512.9241943359375,358.9896850585937,541.4378662109375,0.1739919036626815,0.4881305694580078,0.0259638000279665,0.0264015477150678,reviewed,
1011,33.70033333333333,2129,2,car,0.2896673083305359,397.1676940917969,508.0492858886719,434.8055725097656,534.6453247070312,0.2166597098112106,0.4827289581298828,0.0196030624210834,0.0246259626001119,reviewed,
1011,33.70033333333333,2298,2,car,0.377765029668808,599.75927734375,498.6212768554688,652.1320190429688,519.7787475585938,0.3260133862495422,0.4714815020561218,0.0272774696350097,0.019590251147747,reviewed,
1011,33.70033333333333,2365,2,car,0.119660772383213,217.20950317382807,514.3148193359375,289.5370483398437,550.1932983398438,0.1319652497768402,0.4928278028964996,0.0376705974340438,0.0332208126783371,reviewed,
1011,33.70033333333333,2418,2,car,0.4138292074203491,1219.9375,464.2491455078125,1286.8079833984375,498.3742065429688,0.6527983546257019,0.4456589519977569,0.0348283760249614,0.0315972790122032,reviewed,
1011,33.70033333333333,2421,2,car,0.6503538489341736,1149.5880126953125,464.9793395996094,1268.4862060546875,504.0689086914063,0.6297067999839783,0.4486334323883056,0.0619261413812637,0.0361940450966358,reviewed,
1011,33.70033333333333,2424,2,car,0.6123468279838562,1748.793701171875,456.4225158691406,1848.29248046875,497.7383728027344,0.9367411732673644,0.4417411386966705,0.0518222823739051,0.0382554233074188,reviewed,
1011,33.70033333333333,2092,2,car,0.2814196944236755,356.05242919921875,509.0269165039063,420.2488403320313,538.9808959960938,0.2021617889404297,0.4851888120174408,0.0334356315433979,0.0277351662516593,reviewed,
1011,33.70033333333333,2432,2,car,0.2146809697151184,1498.65478515625,460.9551086425781,1649.42822265625,503.6368713378906,0.8198133111000061,0.4465703666210174,0.0785278305411338,0.039520151913166,reviewed,
1011,33.70033333333333,2434,7,truck,0.3503399789333343,58.40798568725586,508.2692260742188,147.8902130126953,559.9775390625,0.0537234917283058,0.494558721780777,0.0466053262352943,0.0478780679404735,reviewed,
1012,33.7337,749,2,car,0.9456743597984314,775.8097534179688,429.8959045410156,1246.293701171875,763.7094116210938,0.5265894532203674,0.5525950789451599,0.2450437247753143,0.3090865910053253,reviewed,
1012,33.7337,1292,2,car,0.8382729887962341,1289.1551513671875,467.685302734375,1421.630615234375,521.6995239257812,0.7059337496757507,0.4580485224723816,0.068997636437416,0.0500131659209728,reviewed,
1012,33.7337,2036,2,car,0.5422841310501099,440.0433654785156,503.5737915039063,508.6710205078125,532.38916015625,0.2470610290765762,0.4796124398708343,0.0357435718178749,0.0266808960586786,reviewed,
1012,33.7337,2359,2,car,0.2292533367872238,1512.8428955078125,462.92181396484375,1644.837158203125,505.2264404296875,0.8223125338554382,0.4482167959213257,0.0687470138072967,0.0391709506511688,reviewed,
1012,33.7337,2366,2,car,0.2642660140991211,283.09326171875,513.4814453125,359.6298828125,546.3295288085938,0.1673758178949356,0.490653246641159,0.03986282274127,0.030414892360568,reviewed,
1012,33.7337,2373,2,car,0.48239865899086,699.9568481445312,492.5354309082031,764.3169555664062,514.884765625,0.3813213109970093,0.4663982391357422,0.0335208885371685,0.0206938292831182,reviewed,
1012,33.7337,2394,2,car,0.332402229309082,309.8807373046875,511.960693359375,361.8240356445313,540.106689453125,0.1749231219291687,0.487068235874176,0.0270538013428449,0.0260611083358526,reviewed,
1012,33.7337,2129,2,car,0.2824831306934356,399.25537109375,507.6234436035156,439.1387939453125,534.6378784179688,0.2183318138122558,0.482528418302536,0.0207726154476404,0.0250133648514747,reviewed,
1012,33.7337,2298,2,car,0.4760751128196716,600.4464721679688,498.4156494140625,653.985107421875,520.4906005859375,0.3266749083995819,0.4717158675193786,0.0278847049921751,0.0204397700726985,reviewed,
1012,33.7337,2421,2,car,0.6546674966812134,1157.4610595703125,464.76861572265625,1277.6689453125,504.2169494628906,0.6341484189033508,0.4486044347286224,0.0626082718372345,0.0365262366831302,reviewed,
1012,33.7337,2424,2,car,0.4900287389755249,1747.2952880859375,458.2097778320313,1850.4093017578125,497.1081848144531,0.9369022250175476,0.4422768354415893,0.0537052154541015,0.0360170416533947,reviewed,
1012,33.7337,2092,2,car,0.2242129892110824,358.0206604003906,510.9712219238281,411.8507080078125,538.4476318359375,0.2004873305559158,0.4858420491218567,0.0280364826321601,0.0254411194473505,reviewed,
1012,33.7337,2432,7,truck,0.2733627259731293,1509.8692626953125,461.7635498046875,1655.7720947265625,504.5364074707031,0.8243857622146606,0.4473610818386078,0.0759910568594932,0.0396044962108135,reviewed,
1012,33.7337,2437,2,car,0.5108968615531921,662.3926391601562,494.0806274414063,702.4520263671875,514.6408081054688,0.3554283082485199,0.467000663280487,0.0208642650395631,0.0190372038632631,reviewed,
1012,33.7337,2318,2,car,0.3539891242980957,742.0484619140625,491.91705322265625,767.8143310546875,513.0206298828125,0.3931934237480163,0.4652489125728607,0.0134197231382131,0.0195403490215539,reviewed,
1013,33.767066666666665,749,2,car,0.9473098516464232,776.3321533203125,429.7431640625,1247.0909423828125,763.8189697265625,0.5269330739974976,0.5525750517845154,0.2451868653297424,0.3093294501304626,reviewed,
1013,33.767066666666665,1292,2,car,0.823817789554596,1289.43505859375,467.9384765625,1423.1512451171875,522.3076782226562,0.7064027190208435,0.4584473073482513,0.069643847644329,0.0503418520092964,reviewed,
1013,33.767066666666665,2036,2,car,0.5941585302352905,440.8839111328125,503.15374755859375,509.0735168457031,532.1300659179688,0.2473847419023513,0.4792980551719665,0.0355154201388359,0.0268299244344234,reviewed,
1013,33.767066666666665,2359,2,car,0.228886529803276,1520.5950927734375,463.8130798339844,1666.8489990234375,505.67291259765625,0.8300635814666748,0.448836088180542,0.0761739090085029,0.0387591049075126,reviewed,
1013,33.767066666666665,2366,2,car,0.2033096402883529,286.0033569335937,513.206298828125,359.90301513671875,545.3953247070312,0.1682047843933105,0.490093320608139,0.0384894050657749,0.0298046544194221,reviewed,
1013,33.767066666666665,2373,2,car,0.3912265002727508,707.3033447265625,493.0330810546875,757.9032592773438,514.8052978515625,0.381564199924469,0.4665918350219726,0.0263541229069232,0.0201594606041908,reviewed,
1013,33.767066666666665,2394,2,car,0.3838081657886505,310.77655029296875,511.4007263183594,363.7856750488281,539.8303833007812,0.175667256116867,0.4866810441017151,0.0276089198887348,0.0263237562030553,reviewed,
1013,33.767066666666665,2129,2,car,0.3332546055316925,400.04437255859375,506.8799133300781,440.3279418945313,534.2169799804688,0.2188469618558883,0.481989324092865,0.0209810249507427,0.0253120996057987,reviewed,
1013,33.767066666666665,2298,2,car,0.5163082480430603,599.4188232421875,498.7854309082031,654.7617797851562,521.070556640625,0.3266095519065857,0.4721555411815643,0.0288244560360908,0.0206343755125999,reviewed,
1013,33.767066666666665,2421,2,car,0.6841249465942383,1163.744873046875,465.1871337890625,1285.32861328125,504.73626708984375,0.6377795338630676,0.4490386247634887,0.063324861228466,0.0366195663809776,reviewed,
1013,33.767066666666665,2424,2,car,0.3613491356372833,1748.620849609375,458.7896423339844,1852.2530517578125,498.7182312011719,0.9377276301383972,0.4432906806468963,0.0539751052856445,0.036970917135477,reviewed,
1013,33.767066666666665,2092,2,car,0.1812929213047027,358.8380432128906,511.5415344238281,409.3704528808594,537.7556762695312,0.2000543028116226,0.4857857525348663,0.0263189636170864,0.0242723543196916,reviewed,
1013,33.767066666666665,2432,2,car,0.1015338897705078,1545.390625,464.2555541992188,1676.43701171875,503.414794921875,0.8390176296234131,0.4479955434799194,0.0682533234357833,0.0362585559487342,reviewed,
1013,33.767066666666665,2437,2,car,0.4792835116386413,661.4760131835938,494.4819030761719,708.2785034179688,514.540771484375,0.3567069172859192,0.4671401381492615,0.0243762973695993,0.0185730271041393,reviewed,
1013,33.767066666666665,2318,2,car,0.3073166012763977,743.9876098632812,492.2192993164063,772.2529296875,512.6869506835938,0.3948542773723602,0.4652343690395355,0.0147215211763978,0.0189515296369791,reviewed,
1013,33.767066666666665,2126,2,car,0.5753387212753296,62.73030853271485,507.7468872070313,150.81080627441406,558.6378173828125,0.0556096620857715,0.4936966598033905,0.0458752587437629,0.0471212305128574,reviewed,
1014,33.80043333333333,749,2,car,0.946410834789276,775.6126708984375,429.7897033691406,1246.48828125,763.7191772460938,0.5265887975692749,0.5525504350662231,0.2452477067708969,0.3091939687728882,reviewed,
1014,33.80043333333333,1292,2,car,0.8249164819717407,1289.232421875,467.9670104980469,1422.6502685546875,522.4111938476562,0.706219494342804,0.4585084021091461,0.0694884583353996,0.0504112802445888,reviewed,
1014,33.80043333333333,2036,2,car,0.4373468458652496,440.6930236816406,502.8195495605469,510.1539001464844,532.0487060546875,0.2476163804531097,0.479105681180954,0.0361775383353233,0.0270640347152948,reviewed,
1014,33.80043333333333,2359,7,truck,0.2282643169164657,1529.433837890625,463.3493957519531,1683.67919921875,506.3924560546875,0.8367481827735901,0.4489545524120331,0.0803361237049102,0.0398546867072582,reviewed,
1014,33.80043333333333,2366,2,car,0.1757996380329132,283.4118347167969,513.488525390625,356.66650390625,546.8352661132812,0.1666870713233947,0.490890622138977,0.0381534732878208,0.03087661229074,reviewed,
1014,33.80043333333333,2373,2,car,0.4183754622936249,710.71923828125,492.50335693359375,764.9027709960938,514.5020141601562,0.3842765688896179,0.4662061929702759,0.0282205902040004,0.0203691273927688,reviewed,
1014,33.80043333333333,2394,2,car,0.4092178046703338,314.7608947753906,511.03228759765625,363.9216613769531,539.6227416992188,0.1767402440309524,0.48641437292099,0.0256045665591955,0.0264726430177688,reviewed,
1014,33.80043333333333,2129,2,car,0.1790597438812255,401.6533203125,506.9896545410156,439.5857238769531,533.948486328125,0.2190726548433303,0.4819158017635345,0.0197564605623483,0.02496188133955,reviewed,
1014,33.80043333333333,2298,2,car,0.4876789152622223,599.5374145507812,499.1160583496094,654.4529418945312,520.3101196289062,0.3265599906444549,0.4719565510749817,0.028601836413145,0.0196241308003664,reviewed,
1014,33.80043333333333,2421,2,car,0.6875343322753906,1166.7259521484375,465.7041015625,1291.2742919921875,504.2830505371094,0.6401042342185974,0.4490681290626526,0.0648689270019531,0.0357212498784065,reviewed,
1014,33.80043333333333,2424,2,car,0.4675397276878357,1725.053955078125,459.8617858886719,1850.775146484375,501.541748046875,0.9312055110931396,0.4450942575931549,0.0654797852039337,0.0385925583541393,reviewed,
1014,33.80043333333333,2092,2,car,0.1570101976394653,358.08892822265625,506.9483947753906,413.5597229003906,537.5308837890625,0.2009501755237579,0.4835551977157593,0.0288910381495952,0.0283171199262142,reviewed,
1014,33.80043333333333,2432,2,car,0.2116274833679199,1540.417236328125,463.7145385742188,1688.8087158203125,506.9425048828125,0.8409442901611328,0.4493782520294189,0.0772872269153595,0.0400258935987949,reviewed,
1014,33.80043333333333,2437,2,car,0.4909229576587677,658.8711547851562,495.4624938964844,709.1270751953125,514.2552490234375,0.3562495410442352,0.4674619436264038,0.026174958795309,0.01740069873631,reviewed,
1014,33.80043333333333,2318,2,car,0.1752076148986816,744.8421020507812,491.8096008300781,776.0022583007812,511.7339782714844,0.3960532248020172,0.4646035134792328,0.0162292476743459,0.0184484981000423,reviewed,
1014,33.80043333333333,2126,2,car,0.56361323595047,62.44854736328125,507.6457214355469,150.23953247070312,558.3146362304688,0.0553875192999839,0.493500143289566,0.0457244701683521,0.0469156615436077,reviewed,
1015,33.833800000000004,749,2,car,0.9462947845458984,774.4846801757812,429.9571838378906,1244.9736328125,763.42822265625,0.5259006023406982,0.5524932146072388,0.2450463324785232,0.3087694942951202,reviewed,
1015,33.833800000000004,1292,2,car,0.8308610916137695,1288.2103271484375,467.6450805664063,1420.932373046875,521.775146484375,0.705505907535553,0.4580649137496948,0.0691260620951652,0.0501204319298267,reviewed,
1015,33.833800000000004,2036,2,car,0.4189866185188293,439.26611328125,503.1677551269531,512.5201416015625,532.241455078125,0.2478609979152679,0.4793561100959778,0.0381531380116939,0.0269200932234525,reviewed,
1015,33.833800000000004,2359,7,truck,0.181238442659378,1537.109130859375,461.6624755859375,1695.142822265625,505.08251953125,0.8417322635650635,0.4475671350955963,0.08230921626091,0.0402037426829338,reviewed,
1015,33.833800000000004,2366,2,car,0.2612852752208709,281.83184814453125,513.8182373046875,354.8537902832031,547.554931640625,0.1658035665750503,0.4913764595985412,0.0380322597920894,0.0312376804649829,reviewed,
1015,33.833800000000004,2373,2,car,0.2971111238002777,706.4060668945312,492.7328796386719,761.4143676757812,514.5280151367188,0.3822449147701263,0.4663244783878326,0.0286501571536064,0.020180681720376,reviewed,
1015,33.833800000000004,2394,2,car,0.3040778040885925,316.16314697265625,511.4964294433594,360.630615234375,539.5296630859375,0.1762483716011047,0.4865861535072326,0.0231601390987634,0.0259566977620124,reviewed,
1015,33.833800000000004,2129,2,car,0.1388395726680755,401.0556640625,507.9012145996094,436.9358825683594,533.6620483398438,0.2182269692420959,0.4822052121162414,0.0186876133084297,0.0238526239991188,reviewed,
1015,33.833800000000004,2298,2,car,0.5264987349510193,600.5071411132812,499.3201904296875,652.6525268554688,519.4591674804688,0.3263436555862427,0.4716570973396301,0.0271590556949377,0.018647201359272,reviewed,
1015,33.833800000000004,2421,2,car,0.6264868974685669,1166.2830810546875,465.97271728515625,1296.011962890625,504.09967041015625,0.6412226557731628,0.4491075873374939,0.0675671249628067,0.0353027358651161,reviewed,
1015,33.833800000000004,2424,2,car,0.5222957134246826,1707.836669921875,459.9437255859375,1848.953857421875,500.5270690917969,0.926247537136078,0.4446624219417572,0.0734985321760177,0.0375771708786487,reviewed,
1015,33.833800000000004,2092,2,car,0.1555998921394348,357.0533142089844,510.0488586425781,423.3431091308594,538.3956909179688,0.2032282352447509,0.4853910207748413,0.0345259346067905,0.0262470673769712,reviewed,
1015,33.833800000000004,2432,2,car,0.2346328049898147,1547.3956298828125,462.5294189453125,1699.2899169921875,505.494873046875,0.8454910516738892,0.448159396648407,0.0791116058826446,0.0397828295826911,reviewed,
1015,33.833800000000004,2437,2,car,0.4231772422790527,653.418701171875,495.90423583984375,705.4852294921875,514.39501953125,0.3538812398910522,0.4677311480045318,0.0271179843693971,0.0171210952103137,reviewed,
1015,33.833800000000004,2318,2,car,0.194556638598442,745.3372192382812,491.4710693359375,778.8714599609375,512.3451538085938,0.3969293534755707,0.4647297263145447,0.0174657497555017,0.0193278566002845,reviewed,
1015,33.833800000000004,2126,2,car,0.529853105545044,61.11769485473633,507.51409912109375,149.2169189453125,558.8702392578125,0.0547746382653713,0.4936964213848114,0.0458850152790546,0.0475519821047782,reviewed,
1016,33.86716666666667,749,2,car,0.9470493793487548,774.6417236328125,429.8439025878906,1245.02880859375,763.2271728515625,0.525955855846405,0.552347719669342,0.2449932694435119,0.308688223361969,reviewed,
1016,33.86716666666667,1292,2,car,0.8420814871788025,1288.5478515625,467.3536682128906,1419.9947509765625,520.8697509765625,0.7053496241569519,0.4575108289718628,0.068461924791336,0.0495519302785396,reviewed,
1016,33.86716666666667,2036,2,car,0.4237600266933441,438.1714477539063,503.4414367675781,513.11572265625,532.4534912109375,0.2477310299873352,0.4795809686183929,0.0390334762632846,0.0268630124628543,reviewed,
1016,33.86716666666667,2366,2,car,0.2968285977840423,281.81024169921875,513.9710693359375,354.10064697265625,547.8168334960938,0.1656017899513244,0.4915684461593628,0.0376512520015239,0.0313386693596839,reviewed,
1016,33.86716666666667,2373,2,car,0.1905402392148971,703.5028076171875,492.4783935546875,761.8333129882812,513.8789672851562,0.3815979659557342,0.4659061729907989,0.0303804706782102,0.0198153462260961,reviewed,
1016,33.86716666666667,2394,2,car,0.3341574966907501,318.0915222167969,511.819091796875,359.8045959472656,539.7568359375,0.1765354424715042,0.4868406951427459,0.0217255596071481,0.0258682817220687,reviewed,
1016,33.86716666666667,2129,2,car,0.1700675338506698,399.9006652832031,508.1819458007813,436.1806945800781,533.611572265625,0.2177295237779617,0.4823117852210998,0.0188958477228879,0.0235459506511688,reviewed,
1016,33.86716666666667,2298,2,car,0.4912252128124237,603.8675537109375,499.3023071289063,651.9744873046875,518.4891357421875,0.3270421922206878,0.4711997509002685,0.0250556953251361,0.0177655816078186,reviewed,
1016,33.86716666666667,2421,2,car,0.4957817792892456,1164.318115234375,464.7552185058594,1301.619384765625,507.5413208007813,0.6421712040901184,0.4501372873783111,0.0715110749006271,0.039616759866476,reviewed,
1016,33.86716666666667,2424,2,car,0.4022063612937927,1700.323974609375,459.2784423828125,1846.2314453125,500.1393737792969,0.923582136631012,0.4441749155521393,0.0759934708476066,0.0378341972827911,reviewed,
1016,33.86716666666667,2092,2,car,0.199219599366188,357.0537414550781,512.18359375,421.6575622558594,538.6546020507812,0.2027893960475921,0.4864991307258606,0.0336478240787982,0.0245101936161518,reviewed,
1016,33.86716666666667,2437,2,car,0.3940292298793793,650.0947875976562,495.6033325195313,699.8366088867188,514.0671997070312,0.3515446484088897,0.4674400687217712,0.0259071979671716,0.017096173018217,reviewed,
1016,33.86716666666667,2318,2,car,0.1714835315942764,740.0958251953125,491.289306640625,782.7966918945312,512.3265380859375,0.3965865969657898,0.4646369516849518,0.0222400352358818,0.0194789171218872,reviewed,
1016,33.86716666666667,2126,2,car,0.4960778653621673,60.5583381652832,507.5745544433594,149.0391845703125,558.8671264648438,0.0545826889574527,0.4937229752540588,0.0460837744176387,0.0474931225180625,reviewed,
1016,33.86716666666667,2446,2,car,0.3684398829936981,436.978271484375,504.7999572753906,491.56243896484375,532.03466796875,0.2418074756860733,0.4800160229206085,0.028429253026843,0.0252173244953155,reviewed,
1017,33.900533333333335,749,2,car,0.9466936588287354,775.504638671875,429.14501953125,1245.678955078125,763.0507202148438,0.5263499021530151,0.5519425272941589,0.2448824495077133,0.3091719448566437,reviewed,
1017,33.900533333333335,1292,2,car,0.856580376625061,1289.4228515625,467.2355041503906,1421.3544921875,520.7977905273438,0.7059316039085388,0.4574228227138519,0.0687143951654434,0.0495947077870368,reviewed,
1017,33.900533333333335,2036,2,car,0.4091553092002868,439.0419921875,503.1424865722656,519.1520385742188,532.3394165039062,0.2495296895503997,0.4793897867202759,0.0417239814996719,0.0270341951400041,reviewed,
1017,33.900533333333335,2366,2,car,0.2171456664800644,283.1570129394531,513.7138671875,354.9049987792969,547.8723754882812,0.1661619842052459,0.4914750754833221,0.0373687408864498,0.0316282473504543,reviewed,
1017,33.900533333333335,2373,2,car,0.170102521777153,716.4910888671875,492.2409973144531,769.8881225585938,513.4390258789062,0.3870778977870941,0.465592622756958,0.0278109554201364,0.0196278039366006,reviewed,
1017,33.900533333333335,2394,2,car,0.3516193032264709,315.6969909667969,511.0911254882813,361.7861022949219,539.7229614257812,0.176427885890007,0.48648801445961,0.0240047462284564,0.0265109594911336,reviewed,
1017,33.900533333333335,2129,2,car,0.1105107069015502,402.2509765625,508.07568359375,437.7364807128906,533.9562377929688,0.2187467217445373,0.4824222028255462,0.018482033163309,0.0239634755998849,reviewed,
1017,33.900533333333335,2298,2,car,0.4195362627506256,601.9944458007812,498.7408142089844,652.4470825195312,518.3511962890625,0.3266774713993072,0.4708759486675262,0.0262774154543876,0.0181577615439891,reviewed,
1017,33.900533333333335,2421,2,car,0.4727241396903991,1168.361572265625,464.3380432128906,1306.1123046875,504.9321594238281,0.6443942189216614,0.4487361907958984,0.0717451721429824,0.0375871434807777,reviewed,
1017,33.900533333333335,2424,2,car,0.4945353865623474,1703.9681396484375,459.3453979492188,1841.0777587890625,499.0997009277344,0.9231890439987184,0.4437245726585388,0.0714112594723701,0.0368095412850379,reviewed,
1017,33.900533333333335,2092,2,car,0.2050444185733795,358.079833984375,512.2939453125,420.0110778808594,538.5480346679688,0.2026278525590896,0.4865009486675262,0.0322558544576168,0.024309342727065,reviewed,
1017,33.900533333333335,2437,2,car,0.3963896334171295,649.3762817382812,495.3853759765625,698.2128295898438,513.801513671875,0.3509346544742584,0.4672161638736725,0.0254357028752565,0.0170519798994064,reviewed,
1017,33.900533333333335,2318,2,car,0.112197071313858,745.1447143554688,490.0439758300781,787.8267822265625,511.6279602050781,0.3992113173007965,0.4637370109558105,0.0222302433103323,0.0199851710349321,reviewed,
1017,33.900533333333335,2126,2,car,0.5248273015022278,61.45320129394531,507.9046630859375,150.4722900390625,558.1429443359375,0.0551889315247535,0.4935405552387237,0.0463641099631786,0.0465169288218021,reviewed,
1017,33.900533333333335,2446,2,car,0.2787450551986694,438.2716979980469,504.6964721679688,496.2996520996094,532.0647583007812,0.2433779537677765,0.4799820482730865,0.0302228927612304,0.0253410059958696,reviewed,
1018,33.9339,749,2,car,0.9468441009521484,776.0032958984375,429.0389404296875,1246.1383056640625,762.8873901367188,0.5265993475914001,0.5518177151679993,0.2448619902133941,0.3091189265251159,reviewed,
1018,33.9339,1292,2,car,0.8498812913894653,1289.5267333984375,467.3421630859375,1422.3760986328125,521.01708984375,0.7062246799468994,0.4575737416744232,0.0691923797130584,0.0496990047395229,reviewed,
1018,33.9339,2036,2,car,0.4116057455539703,440.6023559570313,502.8156433105469,525.7352905273438,532.1831665039062,0.2516504228115082,0.4791660904884338,0.0443400703370571,0.0271921511739492,reviewed,
1018,33.9339,2366,2,car,0.186239555478096,282.7711486816406,513.6847534179688,355.1127319335937,547.9324951171875,0.1661155968904495,0.491489440202713,0.0376779064536094,0.0317108705639839,reviewed,
1018,33.9339,2373,2,car,0.3262200653553009,728.6787109375,491.6987609863281,777.1686401367188,512.5521850585938,0.3921477496623993,0.4649310111999511,0.0252551715821027,0.0193087253719568,reviewed,
1018,33.9339,2394,2,car,0.3828505277633667,315.7217712402344,510.9145812988281,363.038330078125,539.7826538085938,0.1767604500055313,0.4864339232444763,0.0246440414339303,0.0267296973615884,reviewed,
1018,33.9339,2129,2,car,0.1827066093683242,403.44049072265625,507.50537109375,439.3640747070313,533.52490234375,0.219480350613594,0.4819584488868713,0.0187101997435092,0.0240921583026647,reviewed,
1018,33.9339,2298,2,car,0.3776468932628631,600.3987426757812,498.5123291015625,652.6509399414062,519.600830078125,0.3263150155544281,0.4713486731052398,0.0272146854549646,0.0195263903588056,reviewed,
1018,33.9339,2421,2,car,0.4969438016414642,1165.9903564453125,464.0967712402344,1310.5247802734375,503.7388305664063,0.6449258327484131,0.4480720162391662,0.0752783492207527,0.0367056094110012,reviewed,
1018,33.9339,2424,2,car,0.5487865805625916,1704.2586669921875,459.70709228515625,1831.95703125,499.33837890625,0.9208895564079284,0.4440025389194488,0.0665095672011375,0.0366956368088722,reviewed,
1018,33.9339,2092,2,car,0.1853037774562835,358.2797546386719,509.0712585449219,419.0079345703125,538.0802001953125,0.2024186700582504,0.4847923517227173,0.0316292606294155,0.0268601309508085,reviewed,
1018,33.9339,2437,2,car,0.350087821483612,650.13232421875,494.6304321289063,699.6395874023438,513.8107299804688,0.3515031039714813,0.466870903968811,0.025785032659769,0.0177595354616642,reviewed,
1018,33.9339,2318,2,car,0.2673767805099487,743.4888916015625,489.887451171875,793.3445434570312,511.2641906738281,0.400217056274414,0.4634961187839508,0.0259664859622716,0.019793277606368,reviewed,
1018,33.9339,2126,2,car,0.5099857449531555,62.678009033203125,507.524658203125,150.70095825195312,558.391357421875,0.0555674396455287,0.4934796392917633,0.0458452850580215,0.0470987968146801,reviewed,
1018,33.9339,2446,2,car,0.2484230697154998,439.6609802246094,504.60198974609375,499.3152465820313,532.0848999023438,0.2445250451564788,0.4799476265907287,0.0310699306428432,0.0254471395164728,reviewed,
1018,33.9339,2448,2,car,0.4541071057319641,700.1627807617188,493.5102233886719,735.8265380859375,514.169921875,0.3739555478096008,0.4665186107158661,0.0185748729854822,0.0191293507814407,reviewed,
1018,33.9339,2432,2,car,0.2883770763874054,1575.301025390625,461.7511901855469,1731.8968505859375,504.4768981933594,0.8612493872642517,0.4473278224468231,0.0815603286027908,0.0395608395338058,reviewed,
1019,33.96726666666667,749,2,car,0.947372019290924,775.3474731445312,428.5826721191406,1245.470703125,763.2372436523438,0.5262547135353088,0.5517684817314148,0.2448558509349823,0.3098653554916382,reviewed,
1019,33.96726666666667,1292,2,car,0.8562089800834656,1289.119384765625,467.3407897949219,1421.600830078125,521.0202026367188,0.705916702747345,0.4575745165348053,0.0690007507801055,0.0497031584382057,reviewed,
1019,33.96726666666667,2036,2,car,0.4041328430175781,439.257080078125,502.7040100097656,526.2922973632812,532.24462890625,0.2514451444149017,0.4791428744792938,0.0453308410942554,0.0273524243384599,reviewed,
1019,33.96726666666667,2366,2,car,0.2141147404909134,282.5919189453125,513.5565795898438,354.58660888671875,547.9705810546875,0.1659319102764129,0.4914477169513702,0.0374972335994243,0.0318648144602775,reviewed,
1019,33.96726666666667,2373,2,car,0.3926658928394317,737.0022583007812,491.2222595214844,783.89501953125,512.4503173828125,0.3960669934749603,0.4646632373332977,0.024423312395811,0.0196556095033884,reviewed,
1019,33.96726666666667,2394,2,car,0.3776361346244812,313.6750183105469,510.7236022949219,362.310791015625,539.648681640625,0.1760379821062088,0.4862834811210632,0.0253311321139335,0.0267824809998273,reviewed,
1019,33.96726666666667,2129,2,car,0.1374526172876358,402.97119140625,507.4662780761719,437.941650390625,533.2098999023438,0.2189877182245254,0.4817945063114166,0.0182137805968523,0.0238366872072219,reviewed,
1019,33.96726666666667,2298,2,car,0.4036720097064972,599.7213745117188,498.0894165039063,653.32958984375,520.8306884765625,0.3263153731822967,0.471722275018692,0.0279209446161985,0.0210567340254783,reviewed,
1019,33.96726666666667,2421,2,car,0.4764421284198761,1188.9171142578125,464.357177734375,1310.78515625,502.7150573730469,0.650964081287384,0.4477186501026153,0.0634729415178299,0.0355165563523769,reviewed,
1019,33.96726666666667,2424,2,car,0.6406404972076416,1695.28125,460.5298461914063,1818.583984375,500.7163391113281,0.915069043636322,0.445021390914917,0.0642201751470565,0.037209715694189,reviewed,
1019,33.96726666666667,2092,2,car,0.260945051908493,358.0404357910156,511.167724609375,417.26568603515625,538.08837890625,0.2019026428461074,0.4857667088508606,0.0308464840054512,0.0249265320599079,reviewed,
1019,33.96726666666667,2437,2,car,0.3274905979633331,649.8289794921875,493.9703979492188,698.879150390625,513.2815551757812,0.3512260615825653,0.4663203358650207,0.0255469642579555,0.0178807005286216,reviewed,
1019,33.96726666666667,2318,2,car,0.1194317117333412,751.0660400390625,490.82861328125,798.2962646484375,511.10540771484375,0.4034797549247741,0.4638583362102508,0.0245990753173828,0.0187748093158006,reviewed,
1019,33.96726666666667,2126,2,car,0.5341054201126099,62.100616455078125,507.6039123535156,150.211181640625,558.4798583984375,0.0552895292639732,0.4935572743415832,0.0458909198641777,0.0471073575317859,reviewed,
1019,33.96726666666667,2446,2,car,0.2711992859840393,438.4705810546875,504.3861389160156,500.0818481445313,532.0830688476562,0.2444147020578384,0.4798468649387359,0.0320891998708248,0.0256453063338994,reviewed,
1019,33.96726666666667,2448,2,car,0.4464739561080932,700.6785888671875,493.1814270019531,740.4186401367188,513.8168334960938,0.3752857148647308,0.4662029147148132,0.0206979438662529,0.0191068574786186,reviewed,
1020,34.00063333333333,749,2,car,0.945913314819336,774.235107421875,429.3668212890625,1244.447021484375,763.4833374023438,0.5256984829902649,0.5522454380989075,0.2449020445346832,0.3093671500682831,reviewed,
1020,34.00063333333333,1292,2,car,0.8568244576454163,1287.501953125,467.50531005859375,1419.5164794921875,520.848876953125,0.7049527764320374,0.4575713872909546,0.068757563829422,0.0493921898305416,reviewed,
1020,34.00063333333333,2036,2,car,0.3646372258663177,437.84564208984375,504.0235290527344,516.9913940429688,532.4761962890625,0.2486554831266403,0.4798609912395477,0.0412217453122139,0.0263450630009174,reviewed,
1020,34.00063333333333,2366,2,car,0.2978704869747162,281.3797302246094,514.166015625,354.476318359375,548.1132202148438,0.1655875146389007,0.4917959570884704,0.0380711406469345,0.0314325951039791,reviewed,
1020,34.00063333333333,2373,2,car,0.3126794099807739,739.8373413085938,490.7010803222656,783.7703247070312,512.9775390625,0.3967728316783905,0.4646660089492798,0.0228817630559206,0.020626351237297,reviewed,
1020,34.00063333333333,2394,2,car,0.3569696843624115,316.06500244140625,511.7911376953125,359.7753295898437,539.8203735351562,0.1760000884532928,0.4868572056293487,0.0227657947689294,0.0259529966861009,reviewed,
1020,34.00063333333333,2129,2,car,0.2489219456911087,399.4977416992188,508.0654602050781,436.0614318847656,533.6986083984375,0.2175935357809066,0.4822981655597687,0.0190435890108346,0.0237343963235616,reviewed,
1020,34.00063333333333,2298,2,car,0.3376227021217346,603.9155883789062,498.26861572265625,651.3228759765625,519.4539794921875,0.3268850445747375,0.4711678624153137,0.0246912948787212,0.0196160767227411,reviewed,
1020,34.00063333333333,2421,2,car,0.495725005865097,1165.6531982421875,464.6057739257813,1310.2884521484375,503.02252197265625,0.644776463508606,0.4479760527610779,0.0753308609127998,0.035571064800024,reviewed,
1020,34.00063333333333,2424,2,car,0.6077618598937988,1694.990966796875,459.8215942382813,1808.0386962890625,500.6546936035156,0.912247359752655,0.4446649551391601,0.0588790252804756,0.0378084257245063,reviewed,
1020,34.00063333333333,2092,2,car,0.2935074865818023,356.38531494140625,512.8138427734375,408.5475463867188,538.7482299804688,0.1992012709379196,0.4868342578411102,0.0271678287535905,0.0240133218467235,reviewed,
1020,34.00063333333333,2437,2,car,0.3350958228111267,649.1447143554688,493.8328552246094,696.6557006835938,513.0616455078125,0.3504688441753387,0.4661548733711242,0.0247453060001134,0.0178044345229864,reviewed,
1020,34.00063333333333,2318,2,car,0.5249559879302979,743.800537109375,489.78521728515625,800.4942016601562,512.1519165039062,0.4021600782871246,0.4638597965240478,0.0295279510319232,0.0207099057734012,reviewed,
1020,34.00063333333333,2126,2,car,0.5681376457214355,61.2283935546875,508.2944030761719,148.7665252685547,559.3568725585938,0.054686177521944,0.494282990694046,0.0455927774310112,0.0472800657153129,reviewed,
1020,34.00063333333333,2446,2,car,0.3210178911685943,437.0591735839844,505.5569763183594,494.4093017578125,532.112548828125,0.2425699234008789,0.4804025590419769,0.0298698581755161,0.02458849363029,reviewed,
1020,34.00063333333333,2448,2,car,0.5901191830635071,699.3643188476562,492.4709777832031,742.0238647460938,514.232177734375,0.3753615021705627,0.4660662710666656,0.0222185142338275,0.0201492588967084,reviewed,
1021,34.034,749,2,car,0.9419260621070862,773.0459594726562,430.1123046875,1243.4244384765625,763.6045532226562,0.5251225233078003,0.5526466369628906,0.2449887841939926,0.3087891042232513,reviewed,
1021,34.034,1292,2,car,0.8613171577453613,1285.6512451171875,467.6502380371094,1417.474853515625,520.66015625,0.7039390802383423,0.4575511217117309,0.0686581283807754,0.0490832589566707,reviewed,
1021,34.034,2036,2,car,0.3727794289588928,435.4733276367188,504.3410034179688,510.42486572265625,532.7285766601562,0.2463276535272598,0.4801248013973236,0.0390372611582279,0.0262847896665334,reviewed,
1021,34.034,2366,2,car,0.3144741356372833,281.6905517578125,514.0640869140625,356.1637268066406,545.7186889648438,0.1661078780889511,0.4906401336193084,0.0387881137430667,0.0293098166584968,reviewed,
1021,34.034,2373,2,car,0.4733911752700805,740.9818725585938,489.97216796875,784.7149658203125,512.8417358398438,0.3973168730735779,0.4642657041549682,0.0227776523679494,0.0211755260825157,reviewed,
1021,34.034,2394,2,car,0.4317259490489959,306.5653381347656,512.3554077148438,358.5774230957031,540.4861450195312,0.1732142567634582,0.4874266386032104,0.0270896274596452,0.0260469783097505,reviewed,
1021,34.034,2129,2,car,0.389897882938385,395.8528137207031,507.6447143554688,434.3465270996094,534.4550170898438,0.2161977440118789,0.4824535846710205,0.0200488083064556,0.0248243547976017,reviewed,
1021,34.034,2298,2,car,0.3274512887001037,600.8838500976562,497.9720764160156,650.0925903320312,518.6780395507812,0.3257751166820526,0.4706713557243347,0.0256295520812273,0.0191721878945827,reviewed,
1021,34.034,2421,2,car,0.7080355882644653,1197.497802734375,464.4188537597656,1311.31005859375,502.35687255859375,0.6533353924751282,0.4475813806056976,0.0592772178351879,0.0351277962327003,reviewed,
1021,34.034,2424,2,car,0.189761146903038,1698.0714111328125,459.2911376953125,1796.6597900390625,498.7877197265625,0.9100862741470336,0.4435550272464752,0.0513481125235557,0.0365709103643894,reviewed,
1021,34.034,2092,2,car,0.195286363363266,351.9875793457031,512.0950927734375,400.5579528808594,538.5123901367188,0.1959753930568695,0.4863923192024231,0.0252970699220895,0.0244604609906673,reviewed,
1021,34.034,2437,2,car,0.3512608408927917,648.0506591796875,493.99322509765625,694.6123657226562,513.3959350585938,0.3496518433094024,0.4663838744163513,0.0242508891969919,0.0179654713720083,reviewed,
1021,34.034,2126,2,car,0.4913503229618072,57.9469108581543,509.1914367675781,146.47459411621094,560.0364990234375,0.0532347671687603,0.4950129091739654,0.0461081676185131,0.0470787622034549,reviewed,
1021,34.034,2446,2,car,0.3276399374008178,434.9864501953125,505.2224731445313,488.177001953125,532.8673095703125,0.2404071539640426,0.4805971384048462,0.0277034118771553,0.025597071275115,reviewed,
1021,34.034,2448,2,car,0.620803713798523,697.6984252929688,492.2938537597656,741.513671875,514.9525146484375,0.3747948408126831,0.466317743062973,0.0228204410523176,0.0209802407771348,reviewed,
1022,34.067366666666665,749,2,car,0.942537486553192,771.833251953125,431.3321838378906,1241.5621337890625,762.2901000976562,0.5243217349052429,0.5526029467582703,0.2446504533290863,0.306442528963089,reviewed,
1022,34.067366666666665,1292,2,car,0.8676993250846863,1284.136474609375,467.6752624511719,1415.1153564453125,520.6990356445312,0.702930212020874,0.4575806856155395,0.0682181641459465,0.0490960851311683,reviewed,
1022,34.067366666666665,2036,2,car,0.5258710384368896,432.571044921875,503.9989929199219,506.3146667480469,533.0182495117188,0.2445015013217926,0.4801005721092224,0.0384081378579139,0.0268696825951337,reviewed,
1022,34.067366666666665,2366,2,car,0.1790104061365127,277.6845703125,514.8219604492188,351.4505920410156,547.9244384765625,0.163837268948555,0.4920122027397156,0.0384198017418384,0.0306504424661397,reviewed,
1022,34.067366666666665,2373,2,car,0.4709520936012268,741.5408935546875,489.4613037109375,786.7059326171875,512.906005859375,0.3979809582233429,0.4640589356422424,0.0235234573483467,0.0217080581933259,reviewed,
1022,34.067366666666665,2394,2,car,0.2829842567443847,308.9249267578125,513.3336791992188,356.8400573730469,541.423583984375,0.1733763068914413,0.4883135855197906,0.0249557979404926,0.0260091703385114,reviewed,
1022,34.067366666666665,2129,2,car,0.2471711188554763,395.3186340332031,507.73541259765625,433.4265441894531,535.0870361328125,0.2158190608024597,0.4827882051467895,0.0198478698730468,0.0253255777060985,reviewed,
1022,34.067366666666665,2298,2,car,0.1910116672515869,598.8330688476562,497.7005310058594,646.7952880859375,519.6090698242188,0.3243823945522308,0.4709766507148742,0.0249803233891725,0.0202856846153736,reviewed,
1022,34.067366666666665,2421,2,car,0.5700111389160156,1213.121337890625,463.4360656738281,1312.8995361328125,502.5021362304688,0.6578179597854614,0.4471936225891113,0.0519678108394146,0.0361722894012928,reviewed,
1022,34.067366666666665,2424,2,car,0.1798796951770782,1667.0682373046875,457.5895080566406,1782.8714599609375,501.6590576171875,0.8984218239784241,0.4440965354442596,0.0603141784667968,0.0408051386475563,reviewed,
1022,34.067366666666665,2092,2,car,0.2381988763809204,351.00372314453125,512.9495239257812,400.0304565429688,538.7196044921875,0.1955818235874176,0.4868838787078857,0.0255347564816474,0.0238611865788698,reviewed,
1022,34.067366666666665,2437,2,car,0.3261274397373199,642.7600708007812,493.4690246582031,690.090576171875,513.910400390625,0.3470965027809143,0.4663793444633484,0.0246513057500123,0.0189271997660398,reviewed,
1022,34.067366666666665,2126,2,car,0.5937305092811584,55.7744140625,510.18701171875,143.39141845703125,560.1762084960938,0.0518661029636859,0.4955385625362396,0.0456338562071323,0.046286292374134,reviewed,
1022,34.067366666666665,2448,2,car,0.6340019702911377,695.751220703125,492.4264526367188,741.8533325195312,514.6859130859375,0.3743761777877807,0.4662557244300842,0.0240115169435739,0.020610611885786,reviewed,
1022,34.067366666666665,2451,2,car,0.3648383319377899,1145.8822021484375,465.8103637695313,1215.3704833984375,500.1908874511719,0.6149095296859741,0.4472227990627289,0.036191813647747,0.0318338200449943,reviewed,
1022,34.067366666666665,2454,7,truck,0.3840569853782654,54.64636993408203,508.944091796875,141.73184204101562,559.0264282226562,0.0511401556432247,0.4944307804107666,0.0453570149838924,0.0463725328445434,reviewed,
1022,34.067366666666665,2359,7,truck,0.3557943403720855,1599.6439208984375,457.94873046875,1777.3607177734375,503.83251953125,0.8794282674789429,0.4452691078186035,0.0925608351826667,0.0424849912524223,reviewed,
1022,34.067366666666665,2318,2,car,0.2942967712879181,743.3868408203125,487.5042114257813,806.6287841796875,511.57611083984375,0.4036498963832855,0.4625371992588043,0.0329385139048099,0.0222887955605983,reviewed,
1023,34.10073333333333,749,2,car,0.9455406665802002,771.1417236328125,432.1641845703125,1239.533447265625,762.0809326171875,0.5236133337020874,0.5528912544250488,0.2439540177583694,0.3054784834384918,reviewed,
1023,34.10073333333333,1292,2,car,0.8707485795021057,1282.8126220703125,467.6839294433594,1413.1270751953125,520.7674560546875,0.7020676136016846,0.45761638879776,0.0678721144795417,0.0491514131426811,reviewed,
1023,34.10073333333333,2036,2,car,0.6047220230102539,429.6585083007813,504.46331787109375,505.3428955078125,532.994140625,0.2434899508953094,0.4803044199943542,0.039418950676918,0.0264174286276102,reviewed,
1023,34.10073333333333,2366,2,car,0.2606557011604309,274.6443786621094,515.190185546875,348.6458435058594,548.9450073242188,0.162315160036087,0.4926552176475525,0.0385424308478832,0.0312544628977775,reviewed,
1023,34.10073333333333,2373,2,car,0.1596771627664566,741.6842041015625,489.3808288574219,778.3126831054688,512.7286376953125,0.3958325088024139,0.4639395773410797,0.0190773326903581,0.0216183420270681,reviewed,
1023,34.10073333333333,2394,2,car,0.1750680655241012,293.343994140625,514.0465087890625,352.66558837890625,543.1553955078125,0.1682316660881042,0.4894453287124634,0.0308966636657714,0.0269526727497577,reviewed,
1023,34.10073333333333,2129,2,car,0.2296791225671768,394.4896545410156,506.6926574707031,431.5687561035156,535.6563110351562,0.2151193767786026,0.4825689792633056,0.0193120315670967,0.0268181972205638,reviewed,
1023,34.10073333333333,2298,2,car,0.2517948150634765,598.0734252929688,497.9102783203125,646.243408203125,520.2761840820312,0.3240408599376678,0.4713826179504394,0.0250885318964719,0.0207091718912124,reviewed,
1023,34.10073333333333,2421,2,car,0.5555633306503296,1225.515869140625,462.91497802734375,1315.36083984375,502.0640869140625,0.6616866588592529,0.4467495679855346,0.0467942543327808,0.0362491756677627,reviewed,
1023,34.10073333333333,2424,2,car,0.3665456771850586,1655.5401611328125,457.4761962890625,1779.72314453125,502.65863037109375,0.8945997953414917,0.4445068538188934,0.0646786391735076,0.0418355874717235,reviewed,
1023,34.10073333333333,2092,2,car,0.26558518409729,349.3387145996094,514.0589599609375,395.8444519042969,539.4818115234375,0.1940581202507019,0.4877503514289856,0.0242217388004064,0.0235396772623062,reviewed,
1023,34.10073333333333,2437,2,car,0.2528217434883117,639.0031127929688,492.3132019042969,687.59765625,514.2877197265625,0.3454689681529999,0.466018944978714,0.025309657678008,0.020346775650978,reviewed,
1023,34.10073333333333,2126,2,car,0.6341125965118408,54.54698944091797,510.0065307617188,142.75814819335938,561.85986328125,0.0513815470039844,0.4962344765663147,0.0459433123469352,0.0480123460292816,reviewed,
1023,34.10073333333333,2448,2,car,0.6257001757621765,694.1221313476562,492.7388610839844,742.359619140625,514.6921997070312,0.3740837872028351,0.4664032459259033,0.0251236911863088,0.0203271657228469,reviewed,
1023,34.10073333333333,2451,2,car,0.1952628344297409,1141.8787841796875,464.82373046875,1208.9635009765625,499.9612121582031,0.612198531627655,0.4466596841812134,0.034939955919981,0.0325347036123275,reviewed,
1023,34.10073333333333,2454,7,truck,0.3834433257579803,52.773555755615234,509.9962463378906,141.02630615234375,560.7982177734375,0.0504687167704105,0.4957381784915924,0.0459649711847305,0.0470388606190681,reviewed,
1023,34.10073333333333,2359,7,truck,0.2569060027599334,1607.5084228515625,458.8775939941406,1782.708251953125,503.8172912597656,0.8828689455986023,0.4456920623779297,0.0912499129772186,0.0416108295321464,reviewed,
1023,34.10073333333333,2318,2,car,0.5498872995376587,743.6428833007812,487.132568359375,810.0497436523438,512.2833862304688,0.4046074450016022,0.4626925587654114,0.0345869064331054,0.0232877936214208,reviewed,
1024,34.134100000000004,749,2,car,0.9443154335021972,770.9852294921875,432.3380737304688,1239.0224609375,762.2935791015625,0.5234395265579224,0.5530701875686646,0.2437693923711776,0.3055143654346466,reviewed,
1024,34.134100000000004,1292,2,car,0.8434955477714539,1282.6060791015625,467.8124694824219,1412.497802734375,520.8793334960938,0.7018499970436096,0.4577276706695556,0.067651942372322,0.0491359867155551,reviewed,
1024,34.134100000000004,2036,2,car,0.5807018280029297,427.88873291015625,504.9473876953125,503.66217041015625,533.0974731445312,0.242591381072998,0.4805763661861419,0.0394653305411338,0.0260648932307958,reviewed,
1024,34.134100000000004,2366,2,car,0.2574818134307861,268.2079772949219,515.489013671875,345.92578125,550.5007934570312,0.1599306762218475,0.4935137629508972,0.0404780246317386,0.0324183143675327,reviewed,
1024,34.134100000000004,2373,2,car,0.1226178407669067,745.0717163085938,489.744873046875,785.6892700195312,513.3865356445312,0.3986356854438782,0.4644126892089844,0.0211549755185842,0.021890427917242,reviewed,
1024,34.134100000000004,2394,2,car,0.1427287310361862,283.941162109375,514.8502807617188,350.8108215332031,544.2106323242188,0.1652999818325042,0.4903059899806976,0.0348279476165771,0.0271855108439922,reviewed,
1024,34.134100000000004,2129,2,car,0.2484333962202072,391.9334716796875,506.55908203125,430.6181335449219,535.2011108398438,0.2142061591148376,0.4822964072227478,0.0201482605189085,0.0265203975141048,reviewed,
1024,34.134100000000004,2298,2,car,0.256162166595459,597.8101196289062,498.4674987792969,646.829833984375,520.3504638671875,0.3241249620914459,0.4716750085353851,0.0255311019718647,0.0202620048075914,reviewed,
1024,34.134100000000004,2421,2,car,0.6216205954551697,1234.4622802734375,462.87249755859375,1318.5892333984375,501.9237060546875,0.6648571491241455,0.4466648995876312,0.0438161231577396,0.0361585281789302,reviewed,
1024,34.134100000000004,2424,2,car,0.2298504114151001,1628.5299072265625,458.4211730957031,1785.4332275390625,503.125732421875,0.8890529274940491,0.4451605975627899,0.0817204788327217,0.0413931086659431,reviewed,
1024,34.134100000000004,2092,2,car,0.1558751165866851,327.9686889648437,513.0964965820312,395.1778564453125,540.9027709960938,0.1883194148540496,0.4879626333713531,0.0350047759711742,0.0257465504109859,reviewed,
1024,34.134100000000004,2437,2,car,0.1438844501972198,634.6796264648438,494.4468994140625,683.7949829101562,514.6489868164062,0.3433527648448944,0.4671740233898163,0.0255809146910905,0.0187056362628936,reviewed,
1024,34.134100000000004,2126,2,car,0.675987720489502,52.778114318847656,510.371826171875,140.87188720703125,562.7579956054688,0.0504296869039535,0.4968193769454956,0.0458821728825569,0.048505712300539,reviewed,
1024,34.134100000000004,2448,2,car,0.539026141166687,692.9244995117188,492.8811950683594,741.3709716796875,515.2631225585938,0.3735144436359405,0.466733455657959,0.0252325367182493,0.020724007859826,reviewed,
1024,34.134100000000004,2451,2,car,0.4149366021156311,1139.588134765625,465.6102600097656,1203.2314453125,500.1766052246094,0.610109269618988,0.4471235573291778,0.0331475585699081,0.0320058763027191,reviewed,
1024,34.134100000000004,2454,7,truck,0.3815903663635254,51.004486083984375,510.5505676269531,139.5534210205078,562.1195678710938,0.0496244542300701,0.4966065585613251,0.0461192354559898,0.047749076038599,reviewed,
1024,34.134100000000004,2359,7,truck,0.2100499123334884,1614.0048828125,458.9559020996094,1791.4071044921875,504.6510925292969,0.8868260979652405,0.4461143612861633,0.0923969894647598,0.0423103608191013,reviewed,
1024,34.134100000000004,2318,2,car,0.4987964928150177,747.916748046875,487.8681335449219,812.9297485351562,512.3123168945312,0.4064704179763794,0.4630464911460876,0.0338609367609024,0.0226335022598505,reviewed,
1024,34.134100000000004,2459,2,car,0.3481846451759338,315.0697631835937,515.9673461914062,353.2117919921875,542.639404296875,0.1740316599607467,0.4900956749916076,0.0198656395077705,0.0246963500976562,reviewed,
1025,34.16746666666667,749,2,car,0.9442723989486694,771.2277221679688,432.2763671875,1239.2039794921875,762.4014892578125,0.5235499143600464,0.5530915856361389,0.2437376379966735,0.3056714236736297,reviewed,
1025,34.16746666666667,1292,2,car,0.8427104949951172,1282.2615966796875,467.51654052734375,1412.607421875,520.7335815429688,0.7017888426780701,0.4575231969356537,0.0678884536027908,0.0492750369012355,reviewed,
1025,34.16746666666667,2036,2,car,0.591435432434082,428.3565979003906,504.9329223632813,503.4328002929688,532.9109497070312,0.2426535040140152,0.4804832637310028,0.0391021892428398,0.0259055811911821,reviewed,
1025,34.16746666666667,2366,2,car,0.2451423704624176,265.35333251953125,515.4622192382812,345.1637878417969,550.9344482421875,0.158988818526268,0.4937022030353546,0.0415679439902305,0.0328446552157402,reviewed,
1025,34.16746666666667,2394,2,car,0.1413569897413253,282.32763671875,514.9472045898438,350.4190368652344,544.256591796875,0.164777785539627,0.4903721511363983,0.035464271903038,0.0271383207291364,reviewed,
1025,34.16746666666667,2129,2,car,0.2720634639263153,391.3235778808594,506.3316650390625,430.62591552734375,535.0673828125,0.2140493392944336,0.4821291863918304,0.0204699672758579,0.0266071464866399,reviewed,
1025,34.16746666666667,2298,2,car,0.2712068259716034,598.0479736328125,498.8598327636719,646.1680297851562,520.5554809570312,0.3240146040916443,0.4719515144824981,0.0250625293701887,0.0200885627418756,reviewed,
1025,34.16746666666667,2421,2,car,0.5345045328140259,1241.32373046875,462.856201171875,1319.8765869140625,501.82464599609375,0.666979193687439,0.4466114938259125,0.0409129448235034,0.0360818915069103,reviewed,
1025,34.16746666666667,2424,7,truck,0.2495152801275253,1612.432861328125,459.75238037109375,1793.589111328125,503.578369140625,0.8869848847389221,0.4459864497184753,0.0943522155284881,0.0405796207487583,reviewed,
1025,34.16746666666667,2092,2,car,0.161439761519432,320.9990539550781,512.7537841796875,394.752197265625,541.4013671875,0.1863935440778732,0.4880347847938537,0.0384130962193012,0.0265255402773618,reviewed,
1025,34.16746666666667,2437,2,car,0.1574096232652664,629.3809204101562,496.3922119140625,680.6809692382812,515.876220703125,0.3411619365215301,0.4686428010463714,0.0267187748104333,0.0180407483130693,reviewed,
1025,34.16746666666667,2126,2,car,0.6616125106811523,52.61151885986328,510.4155578613281,140.30429077148438,562.822998046875,0.0502384901046752,0.496869683265686,0.0456733182072639,0.0485254079103469,reviewed,
1025,34.16746666666667,2448,2,car,0.5264878273010254,692.7461547851562,492.8292236328125,740.9401245117188,515.34228515625,0.3733558058738708,0.466746062040329,0.025101026520133,0.020845428109169,reviewed,
1025,34.16746666666667,2451,2,car,0.3935693502426147,1139.004150390625,465.3451232910156,1197.68603515625,500.063232421875,0.6085130572319031,0.4469482898712158,0.0305634811520576,0.0321463979780674,reviewed,
1025,34.16746666666667,2454,7,truck,0.3670161366462707,50.91780471801758,510.5774536132813,139.18846130371094,562.2594604492188,0.049506839364767,0.4966837465763092,0.0459743030369281,0.0478537082672119,reviewed,
1025,34.16746666666667,2359,2,car,0.2133293151855468,1617.2069091796875,459.94091796875,1802.57373046875,503.7551574707031,0.8905678987503052,0.4461555778980255,0.0965452194213867,0.0405687391757965,reviewed,
1025,34.16746666666667,2318,2,car,0.4675582349300384,752.1967163085938,488.9006958007813,807.5977783203125,512.2577514648438,0.4061964750289917,0.4634992778301239,0.0288547202944755,0.021626902744174,reviewed,
1025,34.16746666666667,2459,2,car,0.3543968498706817,315.1679077148437,516.2756958007812,353.6417541503906,542.7151489257812,0.1741691976785659,0.4902735352516174,0.0200384613126516,0.0244809743016958,reviewed,
1025,34.16746666666667,2460,2,car,0.3227156400680542,223.4040679931641,515.6098022460938,340.6777648925781,551.3954467773438,0.1468963176012039,0.4939839243888855,0.0610800497233867,0.0331348553299903,reviewed,
1026,34.200833333333335,749,2,car,0.9464003443717957,772.04638671875,432.895263671875,1240.17626953125,762.1282958984375,0.5240163207054138,0.5532516241073608,0.2438176423311233,0.30484539270401,reviewed,
1026,34.200833333333335,1292,2,car,0.8307358026504517,1283.5555419921875,467.3232116699219,1413.526123046875,520.8255615234375,0.702364981174469,0.4574762880802154,0.0676930099725723,0.0495392121374607,reviewed,
1026,34.200833333333335,2036,2,car,0.5765107870101929,430.6695556640625,504.6842956542969,505.2951049804688,532.8748779296875,0.2437407970428466,0.4803514778614044,0.0388674736022949,0.026102390140295,reviewed,
1026,34.200833333333335,2366,2,car,0.1591175943613052,263.3934326171875,515.1559448242188,348.2648010253906,550.5621337890625,0.1592859923839569,0.4933879673480987,0.0442038364708423,0.0327835083007812,reviewed,
1026,34.200833333333335,2394,2,car,0.1433611959218979,280.93280029296875,514.8594360351562,350.0024719238281,544.035400390625,0.1643060743808746,0.490229070186615,0.0359737873077392,0.0270147826522588,reviewed,
1026,34.200833333333335,2129,2,car,0.3135681450366974,392.9018249511719,506.4578247070313,434.39202880859375,535.655517578125,0.2154410928487777,0.4824598431587219,0.0216094814240932,0.0270349010825157,reviewed,
1026,34.200833333333335,2298,2,car,0.2478444576263427,599.575927734375,498.2032165527344,647.0252685546875,520.4074096679688,0.3246357142925262,0.471578985452652,0.024713197723031,0.020559437572956,reviewed,
1026,34.200833333333335,2421,2,car,0.2074645459651947,1251.07666015625,463.4792785644531,1320.224365234375,501.9608154296875,0.6696096658706665,0.4469629824161529,0.0360144302248954,0.0356310531497001,reviewed,
1026,34.200833333333335,2424,7,truck,0.2730342149734497,1600.607666015625,459.7503356933594,1807.584228515625,504.1110534667969,0.8875499963760376,0.4462321102619171,0.1078002899885177,0.0410747379064559,reviewed,
1026,34.200833333333335,2092,2,car,0.1824884116649627,318.2888488769531,513.5411987304688,395.5383605957031,541.008544921875,0.1858925074338913,0.4882175028324127,0.0402341224253177,0.0254327282309532,reviewed,
1026,34.200833333333335,2126,2,car,0.6669835448265076,55.45501327514648,510.1060485839844,142.4871826171875,561.6514892578125,0.0515474490821361,0.4961840510368347,0.0453292541205883,0.0477272607386112,reviewed,
1026,34.200833333333335,2448,2,car,0.5500754117965698,693.7128295898438,492.7315368652344,741.6422119140625,515.3453979492188,0.3737903535366058,0.4667022824287414,0.0249632205814123,0.0209387596696615,reviewed,
1026,34.200833333333335,2451,2,car,0.3630856573581695,1138.508056640625,461.23675537109375,1191.9383544921875,500.8530883789063,0.6068870425224304,0.4454119503498077,0.0278282798826694,0.0366817899048328,reviewed,
1026,34.200833333333335,2454,7,truck,0.3800558447837829,54.00730514526367,510.2120056152344,141.00379943847656,561.767822265625,0.0507841445505619,0.4962869584560394,0.0453106723725795,0.0477368682622909,reviewed,
1026,34.200833333333335,2359,2,car,0.1597199738025665,1608.822509765625,460.0219421386719,1802.19921875,503.0958557128906,0.8882868885993958,0.4458878636360168,0.1007170379161834,0.0398832522332668,reviewed,
1026,34.200833333333335,2318,2,car,0.4339229166507721,758.3180541992188,488.2316589355469,811.5289306640625,511.928955078125,0.4088143110275268,0.4630373418331146,0.0277139972895383,0.0219419412314891,reviewed,
1026,34.200833333333335,2459,2,car,0.3118317127227783,313.4716491699219,514.4349975585938,353.9371032714844,542.1765747070312,0.1738043576478958,0.4891720116138458,0.0210757572203874,0.0256866458803415,reviewed,
1026,34.200833333333335,2460,2,car,0.2126327604055404,213.6875762939453,513.8465576171875,337.4788513183594,551.8938598632812,0.1435329318046569,0.493398368358612,0.0644746199250221,0.0352289825677871,reviewed,
1026,34.200833333333335,2463,2,car,0.341876208782196,737.4744262695312,489.6064758300781,757.60888671875,511.9868469238281,0.3893446028232574,0.4637006223201751,0.0104866977781057,0.0207225661724805,reviewed,
1027,34.2342,749,2,car,0.9422854781150818,773.57958984375,432.6571960449219,1242.5479736328125,762.0767211914062,0.5250332355499268,0.5531175136566162,0.2442543655633926,0.3050180673599243,reviewed,
1027,34.2342,1292,2,car,0.8157669901847839,1284.8897705078125,467.6124572753906,1416.18701171875,521.261962890625,0.7034053802490234,0.4578122198581695,0.068383976817131,0.0496754683554172,reviewed,
1027,34.2342,2036,2,car,0.5518468618392944,432.6931457519531,504.311767578125,506.53912353515625,533.0335693359375,0.2445917427539825,0.4802524745464325,0.0384614467620849,0.0265942607074975,reviewed,
1027,34.2342,2366,2,car,0.1054392904043197,259.6957702636719,514.9607543945312,343.89044189453125,549.5364990234375,0.157183900475502,0.4928228259086609,0.0438513904809951,0.0320145785808563,reviewed,
1027,34.2342,2394,2,car,0.1763734072446823,278.59600830078125,514.5852661132812,351.5145874023437,546.7442626953125,0.1640913039445877,0.4913562834262848,0.0379784256219863,0.0297768488526344,reviewed,
1027,34.2342,2129,2,car,0.3676925599575043,396.0963439941406,506.2374267578125,435.11529541015625,535.5040283203125,0.2164613753557205,0.4822877049446106,0.0203223712742328,0.0270987059921026,reviewed,
1027,34.2342,2421,2,car,0.2664342522621155,1260.9998779296875,463.7203063964844,1322.882080078125,501.5747680664063,0.6728858947753906,0.4468958675861358,0.0322303138673305,0.0350504256784915,reviewed,
1027,34.2342,2424,7,truck,0.1886847615242004,1594.515380859375,459.5361328125,1822.2762451171875,505.6710815429688,0.8897894620895386,0.4468551874160766,0.1186254471540451,0.0427175462245941,reviewed,
1027,34.2342,2126,7,truck,0.3742074072360992,55.42621994018555,508.8922729492188,144.64620971679688,559.7481079101562,0.0521021969616413,0.4947409033775329,0.0464687421917915,0.0470887348055839,reviewed,
1027,34.2342,2448,2,car,0.5710526704788208,696.1419067382812,492.64947509765625,745.9033203125,514.7105712890625,0.3755325973033905,0.4663704037666321,0.0259174033999443,0.0204269401729106,reviewed,
1027,34.2342,2451,2,car,0.2747627794742584,1139.2552490234375,460.0552368164063,1187.965576171875,497.1990661621094,0.6060470342636108,0.4431732594966888,0.0253699626773595,0.0343924351036548,reviewed,
1027,34.2342,2454,2,car,0.5042754411697388,54.80246353149414,509.5841979980469,144.31866455078125,560.6575317382812,0.051854457706213,0.4954822659492492,0.0466230250895023,0.0472901239991188,reviewed,
1027,34.2342,2359,2,car,0.3310413956642151,1614.00341796875,460.3655700683594,1824.2509765625,503.72650146484375,0.8953787684440613,0.4463389217853546,0.1095039397478103,0.0401490107178688,reviewed,
1027,34.2342,2318,2,car,0.4111092686653137,764.3552856445312,488.2182312011719,816.773681640625,511.62890625,0.411752313375473,0.4628922045230865,0.0273012481629848,0.0216765515506267,reviewed,
1027,34.2342,2459,2,car,0.3481112420558929,309.8035888671875,513.126953125,356.2896423339844,540.9692993164062,0.1734617799520492,0.4880074858665466,0.024211486801505,0.0257799495011568,reviewed,
1027,34.2342,2460,2,car,0.1673835515975952,219.3208923339844,514.9810180664062,330.72540283203125,549.5243530273438,0.143241211771965,0.4928265511989593,0.0580231808125972,0.0319845676422119,reviewed,
1027,34.2342,2463,2,car,0.1364709436893463,738.7014770507812,490.4705810546875,764.2617797851562,513.1857299804688,0.3913966715335846,0.4646556973457336,0.0133126573637127,0.0210325457155704,reviewed,
1028,34.26756666666667,749,2,car,0.9427448511123656,774.3109741210938,431.7730712890625,1244.5013427734375,762.0977172851562,0.5257323384284973,0.5527179837226868,0.2448908239603042,0.3058561682701111,reviewed,
1028,34.26756666666667,1292,2,car,0.8110564351081848,1286.4317626953125,467.3839416503906,1418.62451171875,521.476318359375,0.7044417262077332,0.4578056633472442,0.068850390613079,0.0500855334103107,reviewed,
1028,34.26756666666667,2036,2,car,0.4650733470916748,434.9577026367188,504.262451171875,508.84320068359375,532.8687133789062,0.2457814812660217,0.4801532924175262,0.0384820289909839,0.0264872796833515,reviewed,
1028,34.26756666666667,2366,2,car,0.1358145177364349,272.1052551269531,514.6438598632812,353.1748046875,548.7573852539062,0.1628333479166031,0.4923153817653656,0.0422237254679203,0.0315865986049175,reviewed,
1028,34.26756666666667,2394,2,car,0.3666242659091949,282.9448547363281,512.9122924804688,356.2921142578125,543.9733276367188,0.1664679497480392,0.4892989099025726,0.0382016971707344,0.0287602171301841,reviewed,
1028,34.26756666666667,2129,2,car,0.3551587462425232,397.2506103515625,506.3377990722656,436.8073425292969,534.8699951171875,0.217202603816986,0.4820406436920166,0.0206024646759033,0.0264187008142471,reviewed,
1028,34.26756666666667,2424,2,car,0.4478821456432342,1587.259033203125,459.0103454589844,1764.7974853515625,502.9855651855469,0.8729314208030701,0.4453684687614441,0.0924679413437843,0.0407177954912185,reviewed,
1028,34.26756666666667,2126,2,car,0.6205508708953857,60.4741096496582,508.57861328125,147.84103393554688,559.02880859375,0.0542487353086471,0.4942626953125,0.0455036088824272,0.0467131435871124,reviewed,
1028,34.26756666666667,2448,2,car,0.5790194272994995,698.115478515625,492.1535034179688,752.6580810546875,514.4639892578125,0.3778056204319,0.4660266041755676,0.0284076053649187,0.0206578578799963,reviewed,
1028,34.26756666666667,2451,2,car,0.2272582650184631,1140.3861083984375,460.5113220214844,1184.829345703125,494.6676330566406,0.6055248379707336,0.4422124922275543,0.0231475196778774,0.0316262133419513,reviewed,
1028,34.26756666666667,2359,2,car,0.1028175055980682,1601.137451171875,460.0777893066406,1825.8040771484373,503.1677856445313,0.8924326300621033,0.4459470510482788,0.1170138642191886,0.03989814594388,reviewed,
1028,34.26756666666667,2318,2,car,0.5288178324699402,769.4627685546875,487.1240539550781,824.7097778320312,511.5569458007813,0.4151491224765777,0.4623523354530334,0.0287744831293821,0.0226230472326278,reviewed,
1028,34.26756666666667,2459,2,car,0.4038361608982086,306.41082763671875,511.8727111816406,358.3778686523437,539.97802734375,0.1731220632791519,0.486967921257019,0.0270661674439907,0.0260234400629997,reviewed,
1028,34.26756666666667,2460,2,car,0.1472522020339965,217.4920654296875,515.5993041992188,297.6172790527344,548.927978515625,0.1341430693864822,0.4928367435932159,0.0417318828403949,0.0308598838746547,reviewed,
1028,34.26756666666667,2463,2,car,0.1900603026151657,738.6598510742188,491.1343688964844,761.2241821289062,512.375732421875,0.3905948102474212,0.4645880162715912,0.0117522561922669,0.0196679290384054,reviewed,
1029,34.30093333333333,749,2,car,0.943960189819336,775.5897827148438,430.8980407714844,1245.70556640625,762.077392578125,0.5263789892196655,0.5523034334182739,0.2448519766330719,0.3066475391387939,reviewed,
1029,34.30093333333333,1292,2,car,0.8184452056884766,1286.9564208984375,467.3677062988281,1420.6234130859375,522.0703735351562,0.7050989270210266,0.4580731987953186,0.0696182250976562,0.0506506189703941,reviewed,
1029,34.30093333333333,2036,2,car,0.4494655728340149,438.876953125,502.9498596191406,518.1734619140625,532.2459716796875,0.2492318749427795,0.4792573153972626,0.0413002632558345,0.0271260291337966,reviewed,
1029,34.30093333333333,2394,2,car,0.3376868963241577,283.44793701171875,512.873046875,356.8869934082031,546.2421264648438,0.1667539030313491,0.4903311133384704,0.0382495075464248,0.030897295102477,reviewed,
1029,34.30093333333333,2129,2,car,0.2531335353851318,400.872802734375,505.8238220214844,438.3511352539063,533.4554443359375,0.2185478955507278,0.481147825717926,0.0195199642330408,0.0255848355591297,reviewed,
1029,34.30093333333333,2424,2,car,0.5864890813827515,1581.802490234375,461.5093078613281,1736.247802734375,502.3927001953125,0.8640756011009216,0.4462509155273437,0.080440267920494,0.0378549918532371,reviewed,
1029,34.30093333333333,2126,2,car,0.5806669592857361,63.41751480102539,507.376220703125,150.22430419921875,557.7459106445312,0.0556358881294727,0.4931120574474334,0.0452118702232837,0.0466386005282402,reviewed,
1029,34.30093333333333,2448,2,car,0.5595845580101013,699.4743041992188,492.3424377441406,755.1318969726562,514.23583984375,0.3788037002086639,0.4660084545612335,0.028988329693675,0.0202716682106256,reviewed,
1029,34.30093333333333,2451,2,car,0.1810675412416458,1142.08935546875,461.3709716796875,1179.93212890625,495.1451416015625,0.6046931147575378,0.4428315460681915,0.0197097770869731,0.0312723778188228,reviewed,
1029,34.30093333333333,2318,2,car,0.603034496307373,775.6033935546875,486.2026062011719,832.5750122070312,511.5050659179688,0.4187964797019958,0.4619016945362091,0.0296727176755666,0.0234282035380601,reviewed,
1029,34.30093333333333,2459,2,car,0.3167552947998047,309.3382263183594,510.7921752929688,359.7474670410156,539.2294921875,0.1742410659790039,0.4861211776733398,0.0262548122555017,0.0263308491557836,reviewed,
1029,34.30093333333333,2460,2,car,0.1232051327824592,219.40023803710932,515.031982421875,289.9025573730469,547.9114379882812,0.1326309293508529,0.4921033978462219,0.0367199592292308,0.0304439403116703,reviewed,
1029,34.30093333333333,2463,2,car,0.1737470626831054,743.3005981445312,491.7995910644531,759.8438110351562,511.9438171386719,0.3914438486099243,0.4646960198879242,0.0086162565276026,0.0186520610004663,reviewed,
1029,34.30093333333333,2446,2,car,0.326412945985794,437.7971801757813,505.2002868652344,499.51025390625,531.7918701171875,0.2440904825925827,0.4800889790058136,0.0321422256529331,0.0246218368411064,reviewed,
1030,34.3343,749,2,car,0.9434993267059326,776.83056640625,430.7518615722656,1247.359619140625,761.9064331054688,0.5271328687667847,0.5521566271781921,0.2450672090053558,0.3066245913505554,reviewed,
1030,34.3343,1292,2,car,0.7566123008728027,1288.5692138671875,466.94635009765625,1422.2744140625,523.1371459960938,0.7059488892555237,0.4583719968795776,0.0696381255984306,0.052028514444828,reviewed,
1030,34.3343,2036,2,car,0.4967029690742492,442.3976440429688,503.4186096191406,519.2340087890625,531.8037109375,0.2504249215126037,0.4792695641517639,0.0400189384818077,0.026282500475645,reviewed,
1030,34.3343,2394,2,car,0.1160446256399154,285.9081420898437,513.0064086914062,358.68365478515625,544.4661254882812,0.1678624451160431,0.4895706176757812,0.0379039123654365,0.0291293673217296,reviewed,
1030,34.3343,2129,2,car,0.2939724326133728,401.9074401855469,505.1890258789063,439.9788818359375,533.5354614257812,0.2192412316799163,0.4808909595012665,0.0198288764804601,0.0262467004358768,reviewed,
1030,34.3343,2424,2,car,0.6750112771987915,1574.0921630859375,462.8605346679688,1719.7294921875,502.0911254882813,0.8577660918235779,0.4467368721961975,0.0758527740836143,0.0363246202468872,reviewed,
1030,34.3343,2126,2,car,0.5790954828262329,65.51718139648438,507.2853698730469,152.0408935546875,557.8405151367188,0.0566557496786117,0.4931138157844543,0.0450644344091415,0.0468103215098381,reviewed,
1030,34.3343,2448,2,car,0.550825834274292,700.4314575195312,492.4423522949219,755.13916015625,514.2512817382812,0.379054844379425,0.4660618603229522,0.0284935943782329,0.0201934538781642,reviewed,
1030,34.3343,2318,2,car,0.6644750237464905,781.5853271484375,485.88519287109375,836.6544799804688,511.5559692382813,0.4214166104793548,0.461778312921524,0.0286818500608205,0.023769237101078,reviewed,
1030,34.3343,2459,2,car,0.4295006394386291,311.86260986328125,510.6022033691406,363.2429809570313,539.2935180664062,0.1758087426424026,0.4860628545284271,0.0267606098204851,0.026566032320261,reviewed,
1030,34.3343,2460,2,car,0.1716516017913818,220.7719116210937,514.4730834960938,304.0394897460937,548.0258178710938,0.136669635772705,0.4918976426124573,0.0433685295283794,0.0310673471540212,reviewed,
1030,34.3343,2463,2,car,0.3312523961067199,743.529296875,491.9143371582031,760.0590209960938,510.8771362304688,0.3915594816207886,0.4642553329467773,0.0086092315614223,0.0175581481307744,reviewed,
1031,34.367666666666665,749,2,car,0.9436050057411194,779.0596923828125,430.9948425292969,1248.53857421875,761.8037109375,0.5280203819274902,0.5522215962409973,0.2445202469825744,0.3063045144081116,reviewed,
1031,34.367666666666665,1292,2,car,0.8029902577400208,1290.9285888671875,466.68310546875,1425.1517333984375,523.446044921875,0.7073125839233398,0.4583931267261505,0.0699078887701034,0.0525582768023014,reviewed,
1031,34.367666666666665,2036,2,car,0.6043596863746643,444.6693420410156,503.538818359375,517.9769897460938,531.6546020507812,0.250689148902893,0.4792561829090118,0.0381810665130615,0.0260331332683563,reviewed,
1031,34.367666666666665,2129,2,car,0.2426794171333313,402.6654357910156,504.81353759765625,440.2080078125,533.5753784179688,0.2194982916116714,0.4807355999946594,0.0195534229278564,0.0266313347965478,reviewed,
1031,34.367666666666665,2424,2,car,0.644105076789856,1567.7445068359375,463.7850341796875,1715.314208984375,503.1514587402344,0.8549631834030151,0.4476557970046997,0.0768592208623886,0.0364503934979438,reviewed,
1031,34.367666666666665,2126,2,car,0.5161505341529846,68.04890441894531,507.2492980957031,155.14784240722656,558.1996459960938,0.0581241510808467,0.4932634234428406,0.0453640297055244,0.0471762493252754,reviewed,
1031,34.367666666666665,2448,2,car,0.5751113295555115,702.4934692382812,492.6036376953125,756.8772583007812,514.223388671875,0.3800444602966308,0.4661236107349396,0.0283248908817768,0.0200182888656854,reviewed,
1031,34.367666666666665,2318,2,car,0.618147611618042,787.0303344726562,485.5856323242188,840.3455810546875,511.6934509277344,0.4237958192825317,0.4617032706737518,0.0277683567255735,0.0241739060729742,reviewed,
1031,34.367666666666665,2459,2,car,0.3619686663150787,321.6629943847656,510.9738159179688,365.2501220703125,539.3330688476562,0.1788836121559143,0.4862532019615173,0.0227016285061836,0.0262585673481225,reviewed,
1031,34.367666666666665,2460,2,car,0.1009580567479133,221.80416870117188,513.8334350585938,295.6516418457031,547.9263916015625,0.1347541213035583,0.4915554523468017,0.0384622253477573,0.0315675511956214,reviewed,
1031,34.367666666666665,2463,2,car,0.3342979848384857,744.6539916992188,491.3128051757813,761.8748779296875,510.9708251953125,0.392325222492218,0.4640201926231384,0.0089692119508981,0.0182018708437681,reviewed,
1031,34.367666666666665,2475,2,car,0.5139243006706238,1761.760009765625,460.7082824707031,1849.7796630859373,505.2474670410156,0.9405050873756408,0.4472017288208008,0.0458435676991939,0.0412399843335151,reviewed,
1032,34.40103333333333,749,2,car,0.942524790763855,780.6011962890625,431.8117065429688,1249.6402587890625,761.9468994140625,0.5287086963653564,0.5526660084724426,0.2442911714315414,0.3056807219982147,reviewed,
1032,34.40103333333333,1292,2,car,0.787679135799408,1292.783447265625,467.3271179199219,1425.8570556640625,523.8378295898438,0.7079793214797974,0.4588726460933685,0.0693091675639152,0.0523247346282005,reviewed,
1032,34.40103333333333,2036,2,car,0.5689743757247925,446.0622863769531,502.9787292480469,522.0908813476562,531.5570678710938,0.2521232366561889,0.4789517521858215,0.0395982265472412,0.026461424306035,reviewed,
1032,34.40103333333333,2129,2,car,0.3087500929832458,403.1232604980469,504.6542053222656,442.3639831542969,532.849609375,0.2201789766550064,0.4803258180618286,0.0204378757625818,0.0261068549007177,reviewed,
1032,34.40103333333333,2424,2,car,0.6723766326904297,1562.9761962890625,463.40618896484375,1704.5572509765625,503.0612487792969,0.8509201407432556,0.4474386274814605,0.0737401321530342,0.0367176495492458,reviewed,
1032,34.40103333333333,2126,2,car,0.5175742506980896,69.49615478515625,507.8352966308594,157.6640167236328,558.4109497070312,0.0591562949120998,0.4936324954032898,0.0459207631647586,0.0468293093144893,reviewed,
1032,34.40103333333333,2448,2,car,0.6275888681411743,703.2179565429688,492.67376708984375,758.2313842773438,514.5458984375,0.3805857598781585,0.4663054049015045,0.0286528263241052,0.0202519726008176,reviewed,
1032,34.40103333333333,2318,2,car,0.6551311016082764,792.9568481445312,484.9016723632813,845.5078125,511.85064697265625,0.4266834855079651,0.4614593982696533,0.0273702945560216,0.0249527543783187,reviewed,
1032,34.40103333333333,2459,2,car,0.3222905397415161,324.4768371582031,511.5423278808594,365.9762878417969,539.0424194335938,0.179805502295494,0.4863817989826202,0.021614296361804,0.0254630483686923,reviewed,
1032,34.40103333333333,2463,2,car,0.350356251001358,744.1611328125,491.5357971191406,763.090576171875,511.4214782714844,0.3925134539604187,0.4643320739269256,0.0098590850830078,0.0184126682579517,reviewed,
1032,34.40103333333333,2475,2,car,0.442270427942276,1776.1962890625,460.9747314453125,1855.741455078125,505.9462585449219,0.9458171129226683,0.4476486146450043,0.0414297729730606,0.0416403040289878,reviewed,
1032,34.40103333333333,2298,2,car,0.3860254287719726,607.5825805664062,497.5773620605469,674.4336547851562,519.324951171875,0.3338584005832672,0.4707881212234497,0.0348182693123817,0.0201366562396287,reviewed,
1033,34.434400000000004,749,2,car,0.943212866783142,780.795654296875,432.4688415527344,1249.84326171875,761.9296264648438,0.5288122296333313,0.5529622435569763,0.2442956268787384,0.3050562739372253,reviewed,
1033,34.434400000000004,1292,2,car,0.7444918155670166,1293.36572265625,467.8864135742188,1426.0521240234375,523.9696655273438,0.7081817388534546,0.4591926336288452,0.0691075026988983,0.0519289374351501,reviewed,
1033,34.434400000000004,2036,2,car,0.4544977247714996,446.4986877441406,502.88232421875,526.7454223632812,531.753662109375,0.2534489929676056,0.4789981544017792,0.0417951755225658,0.0267327204346656,reviewed,
1033,34.434400000000004,2129,2,car,0.2761501371860504,402.8324890136719,505.20123291015625,443.61810302734375,533.7286376953125,0.2204298377037048,0.480986088514328,0.021242506802082,0.0264142639935016,reviewed,
1033,34.434400000000004,2424,2,car,0.7121602296829224,1555.3028564453125,463.1435852050781,1694.5323486328125,502.3814086914063,0.8463112711906433,0.4470023214817047,0.0725153610110282,0.0363313183188438,reviewed,
1033,34.434400000000004,2126,2,car,0.525245189666748,70.52658081054688,508.07623291015625,158.30270385742188,558.5104370117188,0.059590958058834,0.4937901198863983,0.0457167290151119,0.046698335558176,reviewed,
1033,34.434400000000004,2448,2,car,0.6002501249313354,703.15283203125,492.67626953125,758.058349609375,514.6875,0.3805237412452698,0.4663721024990082,0.0285966228693723,0.0203807689249515,reviewed,
1033,34.434400000000004,2318,2,car,0.6046964526176453,797.049560546875,484.8728332519531,847.3540649414062,512.080810546875,0.4282301068305969,0.4615525901317596,0.0262002628296613,0.0251925718039274,reviewed,
1033,34.434400000000004,2459,2,car,0.3463221490383148,322.7999267578125,511.6642150878906,365.970458984375,538.5930786132812,0.1793672889471054,0.4862302541732788,0.02248465269804,0.0249341335147619,reviewed,
1033,34.434400000000004,2463,2,car,0.3367754518985748,744.1598510742188,491.7507934570313,763.3304443359375,511.24224853515625,0.392575591802597,0.4643486440181732,0.009984684176743,0.0180476438254117,reviewed,
1033,34.434400000000004,2475,2,car,0.3736063838005066,1795.690673828125,459.8578796386719,1857.792724609375,502.2906188964844,0.9514279961586,0.4454391300678253,0.0323448181152343,0.0392895750701427,reviewed,
1033,34.434400000000004,2298,2,car,0.3167307376861572,608.5670776367188,498.1281433105469,669.8270874023438,519.4210815429688,0.3329151570796966,0.4710876047611236,0.0319062545895576,0.0197156835347414,reviewed,
1034,34.46776666666667,749,2,car,0.9432798027992249,779.6993408203125,431.5087585449219,1249.58056640625,762.844482421875,0.528458297252655,0.5529413223266602,0.2447298020124435,0.3067923486232757,reviewed,
1034,34.46776666666667,1292,2,car,0.7942538857460022,1292.6640625,467.4571838378906,1424.4967041015625,523.3358764648438,0.7075939178466797,0.4587005078792572,0.0686628371477127,0.0517395287752151,reviewed,
1034,34.46776666666667,2036,2,car,0.5275366306304932,445.8165893554688,503.1535949707031,527.2833251953125,531.9403686523438,0.2534114420413971,0.4792101681232452,0.0424305908381938,0.0266544204205274,reviewed,
1034,34.46776666666667,2129,2,car,0.3029860854148865,402.2656555175781,505.598876953125,445.7154541015625,534.800048828125,0.2208283990621566,0.4816661775112152,0.0226301029324531,0.0270381215959787,reviewed,
1034,34.46776666666667,2424,2,car,0.68770432472229,1547.19970703125,463.0305786132813,1684.7159423828125,502.2079162597656,0.8416446447372437,0.4468697011470794,0.0716230422258377,0.0362753123044967,reviewed,
1034,34.46776666666667,2126,2,car,0.5573380589485168,67.48806762695312,508.5841064453125,156.62493896484375,558.3820190429688,0.0583627633750438,0.4939657747745514,0.0464254543185234,0.0461091771721839,reviewed,
1034,34.46776666666667,2448,2,car,0.6089960932731628,702.8306274414062,492.8132019042969,757.3253784179688,514.5535278320312,0.3802489638328552,0.466373473405838,0.028382683172822,0.02012993209064,reviewed,
1034,34.46776666666667,2318,2,car,0.657368540763855,798.2381591796875,484.9248352050781,846.2191162109375,512.1532592773438,0.4282440841197967,0.4616102576255798,0.0249900817871093,0.0252115037292242,reviewed,
1034,34.46776666666667,2459,2,car,0.3200381994247436,325.01080322265625,512.1361694335938,365.3249816894531,539.2816162109375,0.1797749549150467,0.4867674708366394,0.0209969673305749,0.0251346733421087,reviewed,
1034,34.46776666666667,2463,2,car,0.3622213304042816,743.8079223632812,491.7458190917969,763.1276245117188,510.7509765625,0.3924311399459839,0.4641188979148865,0.010062345303595,0.0175973679870367,reviewed,
1034,34.46776666666667,2475,2,car,0.1503367573022842,1809.037109375,459.8396606445313,1857.585205078125,500.1554260253906,0.9548495411872864,0.4444421827793121,0.0252854656428098,0.0373294129967689,reviewed,
1034,34.46776666666667,2298,2,car,0.2655356824398041,608.60693359375,498.98291015625,665.027587890625,519.977783203125,0.33167564868927,0.4717410504817962,0.029385756701231,0.019439697265625,reviewed,
1035,34.501133333333335,749,2,car,0.9436526894569396,778.6041870117188,431.0056762695313,1248.267333984375,763.314208984375,0.5278311371803284,0.5529258251190186,0.244616225361824,0.3076930940151214,reviewed,
1035,34.501133333333335,1292,2,car,0.8502938747406006,1291.106689453125,467.1870727539063,1424.72412109375,522.4806518554688,0.7072476148605347,0.4581795036792755,0.0695924088358879,0.0511977598071098,reviewed,
1035,34.501133333333335,2036,2,car,0.6312860250473022,443.5731506347656,504.1690673828125,520.47900390625,532.585205078125,0.2510552406311035,0.4799788296222687,0.0400551334023475,0.0263112392276525,reviewed,
1035,34.501133333333335,2129,2,car,0.3127880394458771,400.66650390625,505.9017639160156,444.1910705566406,535.5830078125,0.2200149893760681,0.4821688532829284,0.0226690452545881,0.0274826325476169,reviewed,
1035,34.501133333333335,2424,2,car,0.6561385989189148,1538.9998779296875,463.4296569824219,1664.9796142578125,501.650390625,0.8343696594238281,0.4467963278293609,0.0656144469976425,0.0353895686566829,reviewed,
1035,34.501133333333335,2126,2,car,0.5657854080200195,66.11892700195312,509.5545959472656,154.04144287109375,559.4442138671875,0.0573334284126758,0.4949068427085876,0.0457929782569408,0.0461940914392471,reviewed,
1035,34.501133333333335,2448,2,car,0.5620037317276001,702.4664306640625,492.9474182128906,754.6622924804688,514.5762939453125,0.3794606029987335,0.4664461612701416,0.0271853450685739,0.0200267359614372,reviewed,
1035,34.501133333333335,2318,2,car,0.541263222694397,800.2386474609375,484.5374450683594,845.2871704101562,512.31298828125,0.428522378206253,0.4615048468112945,0.0234627723693847,0.0257180947810411,reviewed,
1035,34.501133333333335,2459,2,car,0.3630018234252929,324.5145874023437,512.4332275390625,364.4024963378906,540.1931762695312,0.1794054955244064,0.4873270690441131,0.0207749530673027,0.0257036555558443,reviewed,
1035,34.501133333333335,2463,2,car,0.3310517370700836,743.371826171875,491.6534118652344,762.5087890625,510.30072021484375,0.3921564221382141,0.4638676345348358,0.0099671678617596,0.0172660257667303,reviewed,
1035,34.501133333333335,2298,2,car,0.3870210945606231,608.1118774414062,499.2682495117188,665.8899536132812,520.5115356445312,0.3317713141441345,0.4721202850341797,0.0300927478820085,0.019669709727168,reviewed,
1035,34.501133333333335,2483,2,car,0.4560425877571106,1375.373046875,462.8186340332031,1464.319091796875,505.7926025390625,0.7395031452178955,0.4484311044216156,0.0463260635733604,0.0397907122969627,reviewed,
1036,34.5345,749,2,car,0.9409353733062744,776.1439208984375,430.7911071777344,1246.7161865234375,763.1339721679688,0.5267865061759949,0.5527430772781372,0.2450897246599197,0.3077248632907867,reviewed,
1036,34.5345,1292,2,car,0.8368332982063293,1288.716064453125,467.1559753417969,1423.4481201171875,522.2398071289062,0.7062927484512329,0.4580535888671875,0.070172943174839,0.0510035492479801,reviewed,
1036,34.5345,2129,2,car,0.5191813707351685,399.3243713378906,504.8069458007813,440.9911193847656,535.345947265625,0.2188321650028228,0.481552243232727,0.021701430901885,0.0282768532633781,reviewed,
1036,34.5345,2424,2,car,0.6747145652770996,1528.9439697265625,462.9940490722656,1654.8701171875,501.0068664550781,0.8291181921958923,0.4462967216968536,0.0655865371227264,0.035197053104639,reviewed,
1036,34.5345,2126,2,car,0.5070805549621582,64.70891571044922,509.7576599121094,152.99510192871094,560.675048828125,0.0566937513649463,0.4955707192420959,0.0459823869168758,0.0471457317471504,reviewed,
1036,34.5345,2448,2,car,0.5935229659080505,701.1964111328125,493.05560302734375,751.9324340820312,514.7711791992188,0.3784189820289612,0.4665864706039428,0.0264250114560127,0.0201070141047239,reviewed,
1036,34.5345,2318,2,car,0.5643294453620911,792.1514892578125,484.105712890625,843.7233276367188,511.6305236816406,0.4260090589523315,0.4609889984130859,0.0268603321164846,0.0254859365522861,reviewed,
1036,34.5345,2459,2,car,0.2488647401332855,326.3877258300781,514.301025390625,363.7300109863281,541.0291137695312,0.1797181665897369,0.488578736782074,0.0194491073489189,0.0247482303529977,reviewed,
1036,34.5345,2463,2,car,0.2951041162014007,741.5299072265625,492.000244140625,761.1163330078125,510.947509765625,0.3913141191005707,0.4643276631832123,0.0102012632414698,0.0175437647849321,reviewed,
1036,34.5345,2298,2,car,0.3454935252666473,607.2010498046875,499.6820983886719,664.0145263671875,520.5968017578125,0.3310457170009613,0.4723513424396515,0.0295903515070676,0.0193654652684927,reviewed,
1036,34.5345,2483,2,car,0.469571590423584,1379.9730224609375,462.6369018554688,1469.3052978515625,505.5184020996094,0.7419995665550232,0.4482200443744659,0.046527225524187,0.0397050939500331,reviewed,
1036,34.5345,2366,2,car,0.3248423039913177,284.635009765625,515.1694946289062,358.1601867675781,548.7876586914062,0.1673945784568786,0.4925727546215057,0.0382943637669086,0.0311279296875,reviewed,
1036,34.5345,2446,2,car,0.654956579208374,441.5445251464844,505.9785461425781,509.9133911132813,533.2373657226562,0.2477754950523376,0.4811185002326965,0.0356087833642959,0.025239648297429,reviewed,
1037,34.56786666666667,749,2,car,0.9410347938537598,774.5897216796875,430.5870666503906,1245.3779296875,763.6029052734375,0.5260332226753235,0.5528656840324402,0.2452021986246109,0.308348000049591,reviewed,
1037,34.56786666666667,1292,2,car,0.8455203771591187,1287.7086181640625,467.1643371582031,1421.0260009765625,521.380859375,0.7053996324539185,0.4576598107814789,0.069436140358448,0.0502004846930503,reviewed,
1037,34.56786666666667,2129,2,car,0.2741520702838897,397.2035217285156,506.25531005859375,438.0217590332031,535.7095947265625,0.2175065875053405,0.4823911190032959,0.0212594978511333,0.0272724851965904,reviewed,
1037,34.56786666666667,2424,2,car,0.7455078363418579,1520.4891357421875,461.7030029296875,1649.2855224609375,500.8297729492188,0.8254621624946594,0.4456170201301574,0.0670814514160156,0.0362284891307354,reviewed,
1037,34.56786666666667,2126,2,car,0.6323728561401367,63.75260162353516,510.88665771484375,151.25711059570312,562.8655395507812,0.0559921115636825,0.4971075057983398,0.0455752648413181,0.0481285937130451,reviewed,
1037,34.56786666666667,2448,2,car,0.5758398175239563,699.305908203125,493.22802734375,751.2644653320312,515.117431640625,0.3777526915073395,0.4668265879154205,0.0270617492496967,0.0202679671347141,reviewed,
1037,34.56786666666667,2318,2,car,0.6072083711624146,787.0018920898438,483.72943115234375,842.4014892578125,511.3106384277344,0.4243237674236297,0.460666686296463,0.0288539566099643,0.0255381558090448,reviewed,
1037,34.56786666666667,2459,2,car,0.1871802657842636,326.630126953125,514.7561645507812,361.23431396484375,542.8604736328125,0.1791313588619232,0.4896373748779297,0.0180230140686035,0.0260225087404251,reviewed,
1037,34.56786666666667,2463,2,car,0.2622222006320953,740.5255737304688,491.9837036132813,759.0013427734375,510.9464416503906,0.3905017971992492,0.4643195271492004,0.0096227964386343,0.0175580903887748,reviewed,
1037,34.56786666666667,2298,2,car,0.4319185614585876,606.5512084960938,499.6233825683594,661.9896850585938,520.5485229492188,0.3303491771221161,0.4723017811775207,0.0288742072880268,0.019375130534172,reviewed,
1037,34.56786666666667,2483,2,car,0.6366183757781982,1381.783447265625,462.7286071777344,1477.444580078125,504.8399353027344,0.7445906400680542,0.4479483962059021,0.0498235076665878,0.0389919690787792,reviewed,
1037,34.56786666666667,2366,2,car,0.5185437798500061,282.0356750488281,514.9681396484375,358.96710205078125,550.0279541015625,0.1669278144836425,0.4930537343025207,0.0400684513151645,0.032462790608406,reviewed,
1038,34.60123333333333,749,2,car,0.9418914914131165,773.24560546875,431.7430114746094,1243.767822265625,762.537109375,0.5252639055252075,0.5529074668884277,0.2450636476278305,0.3062908351421356,reviewed,
1038,34.60123333333333,1292,2,car,0.881694495677948,1286.42431640625,466.7311096191406,1419.062744140625,520.7346801757812,0.7045539021492004,0.4571601152420044,0.0690825134515762,0.0500033050775527,reviewed,
1038,34.60123333333333,2129,2,car,0.2975935339927673,395.43695068359375,508.0169677734375,434.6325073242188,535.7820434570312,0.2161639183759689,0.4832403063774109,0.0204143524169921,0.0257084034383296,reviewed,
1038,34.60123333333333,2424,2,car,0.7526614665985107,1509.39013671875,461.1856689453125,1641.8458251953125,500.397216796875,0.8206343054771423,0.4451772570610046,0.0689873397350311,0.0363069884479045,reviewed,
1038,34.60123333333333,2126,2,car,0.5825244188308716,62.278656005859375,511.5611572265625,149.5284423828125,563.8558959960938,0.0551580972969532,0.497878223657608,0.045442596077919,0.0484210550785064,reviewed,
1038,34.60123333333333,2448,2,car,0.5794582962989807,697.9835815429688,493.67486572265625,750.8443603515625,515.1158447265625,0.3772989213466644,0.4670327305793762,0.0275316555052995,0.0198527574539184,reviewed,
1038,34.60123333333333,2318,2,car,0.6759881377220154,781.4126586914062,483.3220520019531,840.5016479492188,511.0322265625,0.422373503446579,0.4603492021560669,0.0307755153626203,0.0256575681269168,reviewed,
1038,34.60123333333333,2459,2,car,0.2121145576238632,322.7842102050781,514.9299926757812,359.3132019042969,543.4474487304688,0.1776295304298401,0.4899895489215851,0.0190255157649517,0.0264050513505935,reviewed,
1038,34.60123333333333,2463,2,car,0.2944235503673553,736.179443359375,492.1980590820313,757.4061279296875,512.2650146484375,0.3889545798301697,0.4650292098522186,0.011055564507842,0.0185805149376392,reviewed,
1038,34.60123333333333,2298,2,car,0.3129469156265259,606.7394409179688,500.04150390625,658.4614868164062,520.8612060546875,0.3294793963432312,0.4726401567459106,0.0269385650753974,0.0192775018513202,reviewed,
1038,34.60123333333333,2483,2,car,0.7112670540809631,1386.0001220703125,462.0158386230469,1485.77099609375,504.3009033203125,0.7478570342063904,0.4473688900470733,0.0519639961421489,0.0391528382897377,reviewed,
1038,34.60123333333333,2366,2,car,0.5619797706604004,279.4592590332031,514.8214111328125,357.7523803710937,550.1522827148438,0.1659405380487442,0.4930433630943298,0.0407776683568954,0.032713770866394,reviewed,
1038,34.60123333333333,2036,2,car,0.5764201879501343,440.317138671875,506.9693908691406,509.4734802246094,533.6465454101562,0.2473413199186325,0.4817666411399841,0.0360189266502857,0.0247010681778192,reviewed,
1039,34.6346,749,2,car,0.939501404762268,772.4363403320312,431.1744384765625,1243.10302734375,763.8164672851562,0.524880051612854,0.5532365441322327,0.2451388984918594,0.3080018758773803,reviewed,
1039,34.6346,1292,2,car,0.8777008056640625,1285.489013671875,466.6932067871094,1418.178955078125,520.4959716796875,0.7040802240371704,0.4570320546627044,0.0691093429923057,0.0498173758387565,reviewed,
1039,34.6346,2129,2,car,0.3469258248806,394.5699768066406,509.4972839355469,433.1169738769531,536.158203125,0.2155434787273407,0.4840997755527496,0.0200765617191791,0.0246860366314649,reviewed,
1039,34.6346,2424,2,car,0.7780392169952393,1503.427734375,461.2937927246094,1632.09423828125,498.8221740722656,0.8165422081947327,0.4444981217384338,0.0670138075947761,0.0347485020756721,reviewed,
1039,34.6346,2126,2,car,0.4067367911338806,58.21659851074219,511.8107299804688,148.19619750976562,564.164794921875,0.0537533313035965,0.4981368482112884,0.0468643754720687,0.0484759844839572,reviewed,
1039,34.6346,2448,2,car,0.5404359698295593,697.0744018554688,493.732177734375,745.7858276367188,514.9116821289062,0.3757448494434356,0.4669647514820099,0.0253705345094203,0.0196106527000665,reviewed,
1039,34.6346,2318,2,car,0.5921010375022888,777.6708984375,483.5439453125,837.7415771484375,510.5339050292969,0.4206803441047668,0.4602212309837341,0.0312868133187294,0.0249907039105892,reviewed,
1039,34.6346,2459,2,car,0.1408954262733459,320.9905090332031,515.6807861328125,359.3134460449219,543.5469970703125,0.1771624833345413,0.4903832376003265,0.0199598632752895,0.0258020479232072,reviewed,
1039,34.6346,2463,2,car,0.3339162766933441,734.9307861328125,492.1319580078125,756.7780151367188,512.8228759765625,0.3884658217430115,0.4652568697929382,0.0113787651062011,0.0191582571715116,reviewed,
1039,34.6346,2298,2,car,0.3633712828159332,610.03369140625,500.0596923828125,655.1478271484375,520.2310791015625,0.3294743597507477,0.4723568260669708,0.0234969463199377,0.0186772104352712,reviewed,
1039,34.6346,2483,2,car,0.6986546516418457,1392.0728759765625,461.6073303222656,1491.615478515625,503.6168518066406,0.7509605288505554,0.446863055229187,0.0518451072275638,0.0388977043330669,reviewed,
1039,34.6346,2366,2,car,0.4180870354175567,277.6688232421875,514.9669799804688,356.74859619140625,549.4890747070312,0.165212869644165,0.4928037226200104,0.0411873832345008,0.0319649018347263,reviewed,
1039,34.6346,2490,7,truck,0.3764778077602386,55.81006240844727,510.4764404296875,147.6437530517578,563.4769287109375,0.0529827624559402,0.4972006380558014,0.0478300489485263,0.0490745268762111,reviewed,
1039,34.6346,2036,2,car,0.5665085315704346,437.0119934082031,507.042236328125,508.476806640625,533.8217163085938,0.2462210357189178,0.4818814992904663,0.0372212566435337,0.0247958153486251,reviewed,
1040,34.667966666666665,749,2,car,0.9424574971199036,772.736572265625,431.0949401855469,1243.305908203125,764.3939819335938,0.5250110626220703,0.5534670948982239,0.2450881898403167,0.3086102306842804,reviewed,
1040,34.667966666666665,1292,2,car,0.8711184859275818,1285.7109375,466.60107421875,1418.779541015625,520.3919677734375,0.7042943835258484,0.4569412171840668,0.0693065673112869,0.0498063825070858,reviewed,
1040,34.667966666666665,2129,2,car,0.3605393767356872,394.861572265625,509.2854309082031,432.950927734375,536.2105102539062,0.215576171875,0.4840259253978729,0.0198382064700126,0.0249306298792362,reviewed,
1040,34.667966666666665,2424,2,car,0.7630813717842102,1498.599853515625,461.6058654785156,1623.622314453125,499.6335754394531,0.8130787014961243,0.4450182616710663,0.0651158615946769,0.0352108441293239,reviewed,
1040,34.667966666666665,2126,2,car,0.4356180429458618,57.78761672973633,511.8023376464844,148.27096557617188,564.100341796875,0.0536610893905162,0.4981031119823456,0.0471267476677894,0.0484240762889385,reviewed,
1040,34.667966666666665,2448,2,car,0.5400394797325134,697.2281494140625,493.7467346191406,742.91455078125,514.7893676757812,0.3750371634960174,0.4669148623943329,0.0237950012087821,0.019483920186758,reviewed,
1040,34.667966666666665,2318,2,car,0.5146964192390442,775.3934936523438,483.5924987792969,830.0516357421875,510.0357971191406,0.4180846512317657,0.4600130915641784,0.0284677818417549,0.0244845356792211,reviewed,
1040,34.667966666666665,2459,2,car,0.1341580152511596,321.3795471191406,515.7341918945312,359.7675476074219,543.4673461914062,0.1773820519447326,0.4903710782527923,0.0199937503784894,0.0256788469851017,reviewed,
1040,34.667966666666665,2463,2,car,0.326811671257019,735.1619262695312,492.1902465820313,756.972412109375,512.9337158203125,0.3885766267776489,0.4653351604938507,0.0113596282899379,0.019206915050745,reviewed,
1040,34.667966666666665,2298,2,car,0.3884725570678711,612.734130859375,499.8943786621094,653.5086669921875,519.804931640625,0.3297507166862488,0.472083032131195,0.0212367381900548,0.0184356980025768,reviewed,
1040,34.667966666666665,2483,2,car,0.7048195004463196,1397.9273681640625,461.7693786621094,1498.8338623046875,503.7574768066406,0.7543649077415466,0.4470031857490539,0.052555464208126,0.0388778671622276,reviewed,
1040,34.667966666666665,2366,2,car,0.4290541410446167,277.2762756347656,514.8822631835938,356.45269775390625,549.2432250976562,0.1650335937738418,0.4926506876945495,0.0412377193570137,0.0318157039582729,reviewed,
1040,34.667966666666665,2490,7,truck,0.379826009273529,55.67514801025391,510.5379943847656,147.86459350585938,563.4346313476562,0.0530051402747631,0.4972095489501953,0.0480153374373912,0.0489783659577369,reviewed,
1040,34.667966666666665,2036,2,car,0.5496729612350464,437.0723876953125,507.0462341308594,508.3306579589844,533.7615966796875,0.2461987137794494,0.4818554818630218,0.037113681435585,0.0247364472597837,reviewed,
1041,34.70133333333333,749,2,car,0.9422042965888976,773.4379272460938,430.8608093261719,1244.1949462890625,764.3692016601562,0.5254251956939697,0.5533472299575806,0.2451859414577484,0.3088040649890899,reviewed,
1041,34.70133333333333,1292,2,car,0.8714772462844849,1287.1041259765625,466.48583984375,1419.7127685546875,520.0343017578125,0.7049002051353455,0.4567222893238067,0.0690670013427734,0.0495819076895713,reviewed,
1041,34.70133333333333,2129,2,car,0.3283948004245758,395.88818359375,509.8892822265625,433.6285400390625,535.85791015625,0.2160199731588363,0.4841422140598297,0.0196564365178346,0.0240450259298086,reviewed,
1041,34.70133333333333,2424,2,car,0.778167188167572,1502.9107666015625,461.8192138671875,1617.410400390625,499.9447326660156,0.8125836849212646,0.4452610611915588,0.0596352256834507,0.0353014059364795,reviewed,
1041,34.70133333333333,2126,2,car,0.4658465981483459,59.65998840332031,511.7021789550781,149.31622314453125,563.9063110351562,0.0544208884239196,0.4979669153690338,0.0466959550976753,0.0483371578156948,reviewed,
1041,34.70133333333333,2448,2,car,0.5774895548820496,698.30322265625,493.4313354492188,748.1703491210938,514.716552734375,0.3766858279705047,0.4667351245880127,0.0259724613279104,0.0197085347026586,reviewed,
1041,34.70133333333333,2318,2,car,0.4307447373867035,773.6691284179688,483.2761840820313,825.4754028320312,509.7018127441406,0.4164438843727112,0.4597120583057403,0.0269824340939521,0.0244681742042303,reviewed,
1041,34.70133333333333,2459,2,car,0.1794075220823288,323.33648681640625,515.4815063476562,360.130615234375,543.4837036132812,0.1779862195253372,0.4902616739273071,0.0191636085510253,0.0259279608726501,reviewed,
1041,34.70133333333333,2463,2,car,0.2720175683498382,735.3035278320312,492.15924072265625,757.3533935546875,512.6563720703125,0.3887127637863159,0.4651924073696136,0.0114843053743243,0.0189788248389959,reviewed,
1041,34.70133333333333,2298,2,car,0.337827056646347,612.270751953125,499.6924133300781,653.7574462890625,519.4755249023438,0.3296948373317718,0.4718370139598846,0.0216076541692018,0.0183176957070827,reviewed,
1041,34.70133333333333,2483,2,car,0.6785383224487305,1402.95361328125,461.668212890625,1513.271484375,503.5491333007813,0.7594336271286011,0.4468598961830139,0.057457223534584,0.0387786291539669,reviewed,
1041,34.70133333333333,2366,2,car,0.5012674331665039,277.7635192871094,514.5459594726562,357.3930053710937,549.4396362304688,0.1654053330421447,0.4925859272480011,0.0414736904203891,0.0323089584708213,reviewed,
1041,34.70133333333333,2490,7,truck,0.3370859026908874,57.79986953735352,510.6681213378906,148.587646484375,563.1524658203125,0.0537467487156391,0.4971391558647156,0.0472853034734725,0.048596616834402,reviewed,
1041,34.70133333333333,2036,2,car,0.5752208232879639,440.2808227539063,507.0164794921875,508.3887634277344,533.4551391601562,0.2470493614673614,0.4816998541355133,0.035472884774208,0.024480240419507,reviewed,
1042,34.734700000000004,749,2,car,0.9430816769599916,774.2247924804688,430.2568054199219,1244.865234375,764.1681518554688,0.5258046984672546,0.5529745221138,0.2451252341270446,0.3091771602630615,reviewed,
1042,34.734700000000004,1292,2,car,0.8619890213012695,1288.405517578125,466.4372863769531,1420.6474609375,520.10498046875,0.705482542514801,0.4567325115203857,0.0688760131597518,0.0496923103928566,reviewed,
1042,34.734700000000004,2129,2,car,0.2665956914424896,397.06744384765625,509.84613037109375,435.3776550292969,535.6646118164062,0.2167825698852539,0.4840327501296997,0.0199532341212034,0.0239060018211603,reviewed,
1042,34.734700000000004,2424,2,car,0.6789671182632446,1506.3465576171875,462.6422424316406,1610.0159912109375,500.1022644042969,0.8115527629852295,0.4457150399684906,0.053994495421648,0.0346852056682109,reviewed,
1042,34.734700000000004,2126,2,car,0.5709320902824402,61.28184509277344,511.5382385253906,150.0315399169922,563.4708862304688,0.0550295263528823,0.497689425945282,0.0462238006293773,0.0480857864022254,reviewed,
1042,34.734700000000004,2448,2,car,0.5937447547912598,698.88623046875,493.2270202636719,750.263671875,514.729248046875,0.3773827850818634,0.4666464328765869,0.0267590843141078,0.019909469410777,reviewed,
1042,34.734700000000004,2318,2,car,0.4375784397125244,770.724853515625,483.6192321777344,820.5602416992188,509.5887451171875,0.4143971800804138,0.4598185122013092,0.0259559322148561,0.0240458454936742,reviewed,
1042,34.734700000000004,2459,2,car,0.2113880366086959,324.2310485839844,514.7713623046875,360.93402099609375,543.3560791015625,0.1784283965826034,0.4898738265037536,0.0191161315888166,0.0264673307538032,reviewed,
1042,34.734700000000004,2463,2,car,0.238108217716217,739.6541137695312,491.6990356445313,759.3043212890625,511.9193115234375,0.3903537690639496,0.4646381139755249,0.0102344835177063,0.018722478300333,reviewed,
1042,34.734700000000004,2298,2,car,0.3492130041122436,614.9312744140625,499.6109619140625,653.4335327148438,518.6979370117188,0.3303033113479614,0.4714393019676208,0.0200532600283622,0.0176731254905462,reviewed,
1042,34.734700000000004,2483,2,car,0.6824464201927185,1398.7681884765625,461.1173400878906,1521.459228515625,503.4977722167969,0.7604759335517883,0.4465810656547546,0.0639015808701515,0.0392411425709724,reviewed,
1042,34.734700000000004,2366,2,car,0.4917922019958496,278.0246887207031,514.1106567382812,359.6475830078125,549.7220458984375,0.1660604774951934,0.4925151765346527,0.0425119251012802,0.0329735092818737,reviewed,
1042,34.734700000000004,2490,7,truck,0.3333862125873565,60.00424575805664,511.0397644042969,148.8569793701172,562.2977905273438,0.0543909445405006,0.4969155192375183,0.046277467161417,0.0474611334502697,reviewed,
1042,34.734700000000004,2036,2,car,0.5466419458389282,441.42327880859375,506.8330078125,508.4590148925781,533.1663818359375,0.247365191578865,0.4814811944961548,0.0349144451320171,0.0243827532976865,reviewed,
1042,34.734700000000004,2493,2,car,0.364352285861969,569.0147094726562,503.0531005859375,622.19482421875,525.0462646484375,0.3102107942104339,0.4759719371795654,0.0276979766786098,0.0203640405088663,reviewed,
1043,34.76806666666667,749,2,car,0.946052312850952,775.0396728515625,429.653564453125,1245.2696533203125,763.892578125,0.5261222124099731,0.5525676608085632,0.2449114471673965,0.3094805777072906,reviewed,
1043,34.76806666666667,1292,2,car,0.844406247138977,1289.413818359375,466.5691223144531,1421.1226806640625,520.140625,0.7058688998222351,0.4568100571632385,0.0685983672738075,0.0496032424271106,reviewed,
1043,34.76806666666667,2129,2,car,0.2223096191883087,397.7974243164063,510.29437255859375,436.5245361328125,535.82080078125,0.2172713428735733,0.4843125939369201,0.0201703701168298,0.0236355811357498,reviewed,
1043,34.76806666666667,2424,2,car,0.708946943283081,1503.2098388671875,462.2013244628906,1603.887451171875,500.0240478515625,0.8091399073600769,0.4454746842384338,0.0524362549185752,0.0350210405886173,reviewed,
1043,34.76806666666667,2126,2,car,0.5944273471832275,63.50458908081055,511.8161315917969,150.95150756835938,563.3178100585938,0.055847942829132,0.4977471828460693,0.0455452688038349,0.0476867407560348,reviewed,
1043,34.76806666666667,2448,2,car,0.6311808228492737,699.6126098632812,492.83990478515625,749.4567260742188,514.8073120117188,0.3773618042469024,0.4665033519268036,0.0259604770690202,0.0203401912003755,reviewed,
1043,34.76806666666667,2318,2,car,0.3512876033782959,767.143310546875,484.7150573730469,812.4523315429688,509.7022399902344,0.411353051662445,0.4603783786296844,0.0235984493046998,0.0231362804770469,reviewed,
1043,34.76806666666667,2459,2,car,0.2233080714941024,324.8001708984375,514.5694580078125,362.2955017089844,543.5738525390625,0.178931176662445,0.489881157875061,0.0195288173854351,0.0268559213727712,reviewed,
1043,34.76806666666667,2463,2,car,0.2543441653251648,742.3492431640625,491.60400390625,760.5264892578125,511.5311279296875,0.3913739025592804,0.4644144177436828,0.0094673158600926,0.018451040610671,reviewed,
1043,34.76806666666667,2298,2,car,0.2124974727630615,620.1986694335938,499.3047180175781,653.8628540039062,518.00537109375,0.3317868411540985,0.4709768891334533,0.017533428966999,0.0173154193907976,reviewed,
1043,34.76806666666667,2483,2,car,0.7724093198776245,1401.7230224609375,461.9219055175781,1531.533203125,503.3389892578125,0.7638688683509827,0.446880042552948,0.067609466612339,0.0383491516113281,reviewed,
1043,34.76806666666667,2366,2,car,0.5516621470451355,279.70281982421875,514.3502807617188,360.8869934082031,549.8185424804688,0.1668202728033065,0.4926707446575165,0.0422834232449531,0.0328409820795059,reviewed,
1043,34.76806666666667,2490,7,truck,0.2977063655853271,63.22274398803711,511.5536804199219,149.93177795410156,561.9376831054688,0.0555089898407459,0.4969867169857025,0.0451609529554843,0.0466518551111221,reviewed,
1043,34.76806666666667,2036,2,car,0.5612972378730774,440.98089599609375,506.454345703125,509.698486328125,533.486083984375,0.2475727498531341,0.4814538955688476,0.0357904098927974,0.0250293873250484,reviewed,
1043,34.76806666666667,2493,2,car,0.192285805940628,570.4006958007812,500.1551513671875,626.9157104492188,524.6640625,0.3118011355400085,0.474453330039978,0.0294349025934934,0.0226934365928173,reviewed,
1044,34.801433333333335,749,2,car,0.9452658891677856,775.5181884765625,429.2602844238281,1245.4278564453125,763.8240966796875,0.5262880325317383,0.5523538589477539,0.2447446137666702,0.3097813129425049,reviewed,
1044,34.801433333333335,1292,2,car,0.838549792766571,1289.7044677734375,466.8065185546875,1422.2686767578125,520.3223266601562,0.7062429785728455,0.4570041000843048,0.0690438598394393,0.049551673233509,reviewed,
1044,34.801433333333335,2129,2,car,0.3041621446609497,398.9119262695313,510.7555236816406,437.3117980957031,535.5986938476562,0.217766597867012,0.4844232499599457,0.0199999324977397,0.0230029355734586,reviewed,
1044,34.801433333333335,2424,2,car,0.6402495503425598,1503.223388671875,461.8980102539063,1597.3494873046875,499.5229797363281,0.8074408173561096,0.445102334022522,0.0490240082144737,0.0348379351198673,reviewed,
1044,34.801433333333335,2126,2,car,0.6249913573265076,65.205078125,511.26605224609375,151.42813110351562,563.4141235351562,0.0564148984849453,0.4975371062755584,0.0449078418314456,0.048285249620676,reviewed,
1044,34.801433333333335,2448,2,car,0.6398782730102539,700.1004028320312,492.748779296875,748.4925537109375,514.8446655273438,0.3772377669811249,0.4664784371852875,0.0252042450010776,0.0204591546207666,reviewed,
1044,34.801433333333335,2318,2,car,0.3595947027206421,763.3894653320312,486.2140502929688,802.6441040039062,509.72698974609375,0.4078212380409241,0.4610838294029236,0.0204451251775026,0.021771240979433,reviewed,
1044,34.801433333333335,2459,2,car,0.2604476809501648,327.0511474609375,514.4794921875,361.9978332519531,543.1588745117188,0.179439827799797,0.4896474182605743,0.0182013995945453,0.0265549831092357,reviewed,
1044,34.801433333333335,2463,2,car,0.2839387953281402,743.5303955078125,491.5423583984375,761.89501953125,511.387451171875,0.3920378684997558,0.4643193483352661,0.009564908221364,0.0183750856667757,reviewed,
1044,34.801433333333335,2298,2,car,0.186143159866333,624.2719116210938,499.8095703125,653.9454345703125,517.9229736328125,0.3328690826892853,0.4711724817752838,0.0154549600556492,0.0167716704308986,reviewed,
1044,34.801433333333335,2483,2,car,0.731573760509491,1404.7178955078125,461.252685546875,1539.7857666015625,503.7345581054688,0.7667978405952454,0.4467533528804779,0.0703478530049324,0.0393350683152675,reviewed,
1044,34.801433333333335,2366,2,car,0.4621610641479492,281.3972473144531,514.6782836914062,360.1041259765625,549.4047241210938,0.1670576483011245,0.4926310181617737,0.0409931652247905,0.0321541130542755,reviewed,
1044,34.801433333333335,2036,2,car,0.5743998885154724,440.2380676269531,506.3589172363281,510.0054626464844,533.7359008789062,0.2474592477083206,0.4815253913402557,0.0363371856510639,0.0253490582108497,reviewed,
1044,34.801433333333335,2493,2,car,0.2193070501089096,570.9826049804688,498.8680419921875,630.2456665039062,524.7730712890625,0.3128198683261871,0.4739079177379608,0.030866177752614,0.0239861384034156,reviewed,
1044,34.801433333333335,2494,2,car,0.4038919508457184,358.7958679199219,515.5442504882812,420.214111328125,541.4332885742188,0.2028671950101852,0.4893414676189422,0.0319886691868305,0.0239713322371244,reviewed,
1045,34.8348,749,2,car,0.9443541169166564,775.4567260742188,429.1551208496094,1245.2088623046875,763.86962890625,0.5262149572372437,0.5523262619972229,0.2446625679731369,0.3099208474159241,reviewed,
1045,34.8348,1292,2,car,0.8485883474349976,1289.4837646484375,466.8701477050781,1422.1490478515625,520.2457275390625,0.7061544060707092,0.4569980800151825,0.0690964981913566,0.0494218319654464,reviewed,
1045,34.8348,2129,2,car,0.249278724193573,399.5425720214844,510.6651611328125,437.4060974121094,535.716552734375,0.2179553806781768,0.4844359755516052,0.0197205860167741,0.0231957323849201,reviewed,
1045,34.8348,2424,2,car,0.282024085521698,1503.017822265625,461.9493713378906,1587.5079345703125,498.4113159179688,0.8048244714736938,0.4446114301681518,0.0440052673220634,0.0337610580027103,reviewed,
1045,34.8348,2126,2,car,0.6254445910453796,65.8466567993164,511.25140380859375,151.33016967773438,563.5559692382812,0.0565564632415771,0.4975959956645965,0.0445226617157459,0.0484301522374153,reviewed,
1045,34.8348,2448,2,car,0.6501419544219971,700.029052734375,492.71331787109375,747.7108764648438,514.9251098632812,0.377015620470047,0.4664992690086365,0.0248342826962471,0.0205664746463298,reviewed,
1045,34.8348,2318,2,car,0.3994830548763275,761.2755126953125,485.77642822265625,803.4713134765625,509.5738525390625,0.4074861407279968,0.4608103036880493,0.0219769794493913,0.022034652531147,reviewed,
1045,34.8348,2459,2,car,0.2648358345031738,322.2511901855469,514.1860961914062,361.7214660644531,542.94140625,0.178117886185646,0.4894108474254608,0.0205574352294206,0.0266252867877483,reviewed,
1045,34.8348,2463,2,car,0.3177460134029388,743.5256958007812,491.6095581054688,762.1312255859375,511.3894653320313,0.3920981585979461,0.4643513858318329,0.0096903797239065,0.01831472851336,reviewed,
1045,34.8348,2298,2,car,0.1384936422109604,625.4573974609375,500.7021484375,653.9013061523438,518.7818603515625,0.3331663012504577,0.4719833433628082,0.0148145360872149,0.0167404748499393,reviewed,
1045,34.8348,2483,2,car,0.5401657223701477,1411.9600830078125,460.73779296875,1571.5335693359375,503.2743835449219,0.7769514918327332,0.4463019371032715,0.0831111893057823,0.0393857322633266,reviewed,
1045,34.8348,2366,2,car,0.4970774948596954,281.3124389648437,514.8969116210938,359.51055908203125,549.5441284179688,0.1668809950351715,0.492796778678894,0.0407281890511512,0.0320807546377182,reviewed,
1045,34.8348,2036,2,car,0.5736473798751831,439.8538208007813,506.2764587402344,509.8402099609375,533.860107421875,0.2473161518573761,0.4815447330474853,0.0364512428641319,0.0255404151976108,reviewed,
1045,34.8348,2493,2,car,0.1122744753956794,572.727294921875,498.384033203125,632.6649780273438,524.9344482421875,0.3139042556285858,0.4737585484981537,0.0312175434082746,0.0245837178081274,reviewed,
1045,34.8348,2494,2,car,0.4178654849529266,358.7130432128906,515.35302734375,419.758544921875,541.731201171875,0.2027269750833511,0.4893908500671386,0.0317945331335067,0.0244242344051599,reviewed,
1046,34.86816666666667,749,2,car,0.94333815574646,774.8018188476562,429.6415710449219,1244.491455078125,762.7777099609375,0.5258576273918152,0.552046000957489,0.2446300238370895,0.3084594011306762,reviewed,
1046,34.86816666666667,1292,2,car,0.8650875687599182,1288.7681884765625,466.5937194824219,1421.407958984375,520.1829833984375,0.7057750821113586,0.4568410813808441,0.0690832138061523,0.0496196895837783,reviewed,
1046,34.86816666666667,2129,2,car,0.2457734644412994,398.4156799316406,511.5743408203125,436.4578552246094,536.1998291015625,0.217414990067482,0.4850806295871734,0.0198136325925588,0.0228013787418603,reviewed,
1046,34.86816666666667,2126,2,car,0.6324990391731262,64.07440185546875,511.9395446777344,150.9820556640625,564.1051635742188,0.0560042858123779,0.4981688261032104,0.0452644042670726,0.0483014993369579,reviewed,
1046,34.86816666666667,2448,2,car,0.6167393326759338,699.5630493164062,493.043701171875,746.9215698242188,515.1375122070312,0.376688688993454,0.4667505621910095,0.0246658958494663,0.0204572323709726,reviewed,
1046,34.86816666666667,2318,2,car,0.426568865776062,757.3449096679688,486.7488403320313,798.286376953125,510.1181945800781,0.4051123261451721,0.4615125358104706,0.0213236808776855,0.0216382909566164,reviewed,
1046,34.86816666666667,2459,2,car,0.2412180304527282,321.0261535644531,514.6373901367188,362.1584777832031,543.4724731445312,0.1779126673936844,0.4898656904697418,0.0214230846613645,0.0266991518437862,reviewed,
1046,34.86816666666667,2463,2,car,0.2463755309581756,742.6962280273438,491.7350769042969,760.8344116210938,511.6753540039063,0.3915444314479828,0.4645418524742126,0.0094469701871275,0.0184632204473018,reviewed,
1046,34.86816666666667,2483,2,car,0.6543250679969788,1418.242919921875,459.99212646484375,1579.393798828125,503.0811462402344,0.7806345820426941,0.4458672404289245,0.0839327499270439,0.0398972406983375,reviewed,
1046,34.86816666666667,2366,2,car,0.5866921544075012,280.0069885253906,514.9634399414062,360.5163269042969,550.1947021484375,0.1668029427528381,0.4931288063526153,0.0419319458305835,0.0326215401291847,reviewed,
1046,34.86816666666667,2036,2,car,0.5421785116195679,438.85687255859375,506.5504760742188,509.2106018066406,534.2659301757812,0.2468925863504409,0.4818594455718994,0.0366425663232803,0.0256624575704336,reviewed,
1046,34.86816666666667,2493,2,car,0.1103335171937942,570.7706909179688,497.9180603027344,646.1080932617188,524.8706665039062,0.3168955147266388,0.4735132753849029,0.039238229393959,0.0249561164528131,reviewed,
1046,34.86816666666667,2494,2,car,0.2332215011119842,358.7733154296875,515.4251098632812,418.532470703125,542.0266723632812,0.2024233788251876,0.4895610213279724,0.031124560162425,0.0246310755610466,reviewed,
1046,34.86816666666667,2437,2,car,0.4213486015796661,603.2203979492188,502.6450805664063,651.8344116210938,523.7317504882812,0.3268371820449829,0.4751744568347931,0.0253197979182004,0.0195246934890747,reviewed,
1047,34.90153333333333,749,2,car,0.9413753747940063,773.7229614257812,430.54400634765625,1243.7615966796875,762.4589233398438,0.5253866314888,0.5523161888122559,0.2448117882013321,0.3073286414146423,reviewed,
1047,34.90153333333333,1292,2,car,0.8716232776641846,1287.928955078125,466.3817443847656,1420.209716796875,520.0342407226562,0.7052444219589233,0.4566740691661834,0.0688962265849113,0.049678236246109,reviewed,
1047,34.90153333333333,2129,2,car,0.1778918951749801,399.0735168457031,511.7673950195313,435.0888671875,536.4966430664062,0.2172297835350036,0.4853074252605438,0.0187579952180385,0.0228974521160125,reviewed,
1047,34.90153333333333,2126,2,car,0.5734477639198303,62.03042602539063,512.3606567382812,149.09274291992188,564.3900146484375,0.0549799911677837,0.4984956979751587,0.0453449562191963,0.0481753312051296,reviewed,
1047,34.90153333333333,2448,2,car,0.5682269930839539,698.6727294921875,493.83502197265625,745.9324340820312,515.2507934570312,0.3761992752552032,0.4671693444252014,0.0246144291013479,0.0198294185101985,reviewed,
1047,34.90153333333333,2318,2,car,0.2787947356700897,755.8789672851562,488.9870300292969,795.979248046875,510.6193237304688,0.4041297137737274,0.4627807140350342,0.0208855625241994,0.0200299024581909,reviewed,
1047,34.90153333333333,2459,2,car,0.1374916434288025,324.097900390625,516.0125122070312,360.9455261230469,543.9210815429688,0.1783967316150665,0.4907099902629852,0.0191914718598127,0.0258412677794694,reviewed,
1047,34.90153333333333,2463,2,car,0.2262669950723648,741.6436157226562,492.031005859375,760.123779296875,511.7174987792969,0.3910852372646332,0.4646984040737152,0.0096250856295228,0.0182282347232103,reviewed,
1047,34.90153333333333,2483,2,car,0.6343551278114319,1423.9951171875,460.7673034667969,1579.3414306640625,503.0202331542969,0.7821188569068909,0.4461979269981384,0.0809095352888107,0.0391230843961238,reviewed,
1047,34.90153333333333,2366,2,car,0.6464331746101379,279.2403564453125,514.848876953125,358.9361877441406,551.1500854492188,0.1661918014287948,0.493518054485321,0.0415082462131977,0.0336122289299964,reviewed,
1047,34.90153333333333,2036,2,car,0.5610055327415466,440.5354614257813,506.5399169921875,508.2746887207031,534.9371948242188,0.2470859885215759,0.4821653068065643,0.0352808460593223,0.0262937750667333,reviewed,
1047,34.90153333333333,2494,2,car,0.2882686555385589,357.7525634765625,514.391845703125,418.9415588378906,542.9317626953125,0.2022640854120254,0.4895016849040985,0.0318692699074745,0.0264258496463298,reviewed,
1047,34.90153333333333,2499,7,truck,0.3731516897678375,60.82648086547852,512.21923828125,148.50474548339844,563.1222534179688,0.0545133389532566,0.497843325138092,0.0456657633185386,0.047132421284914,reviewed,
1047,34.90153333333333,2437,2,car,0.5602765679359436,596.832763671875,502.7003784179688,650.3257446289062,524.3273315429688,0.3247808516025543,0.4754757881164551,0.0278609283268451,0.0200249571353197,reviewed,
1048,34.9349,749,2,car,0.9431113004684448,773.0361328125,430.8567810058594,1243.34814453125,762.4625854492188,0.52510005235672,0.552462637424469,0.2449541687965393,0.3070424199104309,reviewed,
1048,34.9349,1292,2,car,0.8735036253929138,1287.322021484375,466.4118041992188,1419.4481201171875,519.9798583984375,0.7048880457878113,0.4566628038883209,0.068815678358078,0.0496000498533248,reviewed,
1048,34.9349,2129,2,car,0.2070775032043457,398.7003173828125,510.9800720214844,433.95318603515625,536.3089599609375,0.2168368548154831,0.4848560392856598,0.0183608699589967,0.0234526731073856,reviewed,
1048,34.9349,2126,2,car,0.5689269304275513,59.99606704711914,512.9609375,149.5998992919922,564.5604248046875,0.0545822829008102,0.4988524913787842,0.0466686636209487,0.0477773025631904,reviewed,
1048,34.9349,2448,2,car,0.5588633418083191,698.0332641601562,494.6510009765625,744.601806640625,515.4002685546875,0.3756861984729767,0.467616319656372,0.0242544487118721,0.0192122850567102,reviewed,
1048,34.9349,2318,2,car,0.3788405060768127,755.5691528320312,487.9290161132813,792.3003540039062,510.8738708496094,0.4030910134315491,0.4624087214469909,0.0191308334469795,0.0212452355772256,reviewed,
1048,34.9349,2459,2,car,0.2415845990180969,320.81414794921875,515.56982421875,359.74859619140625,544.173828125,0.1772298812866211,0.4906220734119415,0.0202783588320016,0.0264851879328489,reviewed,
1048,34.9349,2463,2,car,0.3167010247707367,736.1646118164062,492.8093566894531,758.4503173828125,512.5155029296875,0.389222651720047,0.4654281735420227,0.0116071384400129,0.0182464309036731,reviewed,
1048,34.9349,2483,2,car,0.8180950880050659,1433.0594482421875,460.061279296875,1584.3662109375,503.74163818359375,0.7857879400253296,0.4462050497531891,0.0788056030869484,0.0404447764158248,reviewed,
1048,34.9349,2366,2,car,0.5637459754943848,279.1709289550781,515.166259765625,357.62335205078125,550.7798461914062,0.1658318489789962,0.4934935271739959,0.0408606380224227,0.0329755432903766,reviewed,
1048,34.9349,2036,2,car,0.5243478417396545,438.17877197265625,506.7349548339844,508.8253173828125,534.8330078125,0.2466156482696533,0.4822074174880981,0.036795075982809,0.026016715914011,reviewed,
1048,34.9349,2494,2,car,0.1841209530830383,356.63629150390625,514.0029296875,419.3550109863281,543.8683471679688,0.2020810693502426,0.489755243062973,0.0326660014688968,0.0276531651616096,reviewed,
1048,34.9349,2499,7,truck,0.3305841088294983,58.39707946777344,512.66552734375,148.85462951660156,563.5137329101562,0.0539718009531497,0.4982311129570007,0.0471133068203926,0.047081671655178,reviewed,
1048,34.9349,2437,2,car,0.632684051990509,592.7233276367188,502.21002197265625,648.9745483398438,524.604248046875,0.3233588337898254,0.4753769338130951,0.0292975101619958,0.0207353942096233,reviewed,
1048,34.9349,2501,2,car,0.4343059360980987,698.8680419921875,496.437255859375,733.5115356445312,515.5368041992188,0.3730155229568481,0.4685065150260925,0.0180434864014387,0.0176847670227289,reviewed,
1049,34.968266666666665,749,2,car,0.9416835308074952,772.4489135742188,431.4129028320313,1242.5008544921875,762.9398803710938,0.5247265100479126,0.552941083908081,0.2448187172412872,0.3069694340229034,reviewed,
1049,34.968266666666665,1292,2,car,0.8819488286972046,1286.1318359375,466.582763671875,1418.2607421875,520.1026000976562,0.7042688727378845,0.456798791885376,0.068817138671875,0.0495554022490978,reviewed,
1049,34.968266666666665,2129,2,car,0.3283089995384216,397.0826110839844,510.5997924804688,433.4286193847656,536.3976440429688,0.2162789702415466,0.4847210347652435,0.0189302135258913,0.0238869003951549,reviewed,
1049,34.968266666666665,2126,2,car,0.5242213010787964,56.99867630004883,512.7788696289062,148.57763671875,564.58544921875,0.0535354986786842,0.4987797439098358,0.0476973764598369,0.0479690544307231,reviewed,
1049,34.968266666666665,2448,2,car,0.5287133455276489,697.1556396484375,494.8404235839844,740.1954956054688,515.4959106445312,0.374310165643692,0.4677482843399048,0.0224165916442871,0.0191254504024982,reviewed,
1049,34.968266666666665,2318,2,car,0.3653940856456756,754.001708984375,486.549072265625,796.7115478515625,511.2524108886719,0.4038315713405609,0.4619451463222503,0.0222447086125612,0.0228734612464904,reviewed,
1049,34.968266666666665,2459,2,car,0.1412998139858245,323.2054748535156,516.5601196289062,358.6134338378906,544.1557006835938,0.1775570064783096,0.4910721480846405,0.0184416454285383,0.025551464408636,reviewed,
1049,34.968266666666665,2463,2,car,0.3891495168209076,734.2444458007812,492.3189697265625,757.4680786132812,513.0300903320312,0.3884668052196502,0.4654393792152405,0.0120956422761082,0.0191769637167453,reviewed,
1049,34.968266666666665,2483,2,car,0.7848193645477295,1435.1494140625,459.9197692871094,1591.4007568359375,504.044921875,0.7881641387939453,0.4462799727916717,0.0813809111714363,0.040856622159481,reviewed,
1049,34.968266666666665,2366,2,car,0.481076717376709,278.25933837890625,515.8911743164062,355.888671875,549.9168701171875,0.1651427149772644,0.4934296905994415,0.0404319427907466,0.0315052755177021,reviewed,
1049,34.968266666666665,2036,2,car,0.5137540102005005,436.4515380859375,506.945068359375,508.32330322265625,535.0028076171875,0.2460351139307022,0.4823832809925079,0.0374332107603549,0.0259793885052204,reviewed,
1049,34.968266666666665,2494,2,car,0.3437873721122741,355.3944091796875,512.8128051757812,425.0458068847656,543.4800415039062,0.2032396346330642,0.4890244603157043,0.0362767688930034,0.028395589441061,reviewed,
1049,34.968266666666665,2499,7,truck,0.3890889585018158,55.30139923095703,511.8772888183594,148.0411376953125,563.6521606445312,0.0529537834227085,0.4979302883148193,0.0483019463717937,0.047939695417881,reviewed,
1049,34.968266666666665,2437,2,car,0.5981975793838501,591.523681640625,501.9671020507813,648.8103637695312,524.3353881835938,0.3230036497116089,0.4751400351524353,0.0298368129879236,0.020711375400424,reviewed,
1050,35.00163333333333,749,2,car,0.942517340183258,772.0065307617188,432.2190551757813,1241.9049072265625,763.0565185546875,0.5244560837745667,0.553368330001831,0.2447387427091598,0.3063309788703918,reviewed,
1050,35.00163333333333,1292,2,car,0.8902926445007324,1285.2193603515625,466.8194580078125,1416.9951171875,520.3746337890625,0.7037016749382019,0.4570342898368835,0.0686332061886787,0.0495881251990795,reviewed,
1050,35.00163333333333,2129,2,car,0.3558245003223419,396.15814208984375,510.7977294921875,432.7269287109375,536.5401000976562,0.2158554941415786,0.484878659248352,0.0190462432801723,0.0238355286419391,reviewed,
1050,35.00163333333333,2126,2,car,0.5301827788352966,54.13579559326172,512.9620361328125,147.14378356933594,564.5186157226562,0.052416555583477,0.4988336563110351,0.0484416596591472,0.0477375723421573,reviewed,
1050,35.00163333333333,2448,2,car,0.5054807662963867,696.74609375,494.5766296386719,739.3248901367188,515.3436889648438,0.3739768266677856,0.4675557017326355,0.0221764557063579,0.01922875829041,reviewed,
1050,35.00163333333333,2318,2,car,0.4756371974945068,751.5662841796875,487.2103576660156,793.2420043945312,511.6515197753906,0.4022938311100006,0.4624360501766205,0.0217061042785644,0.0226307064294815,reviewed,
1050,35.00163333333333,2459,2,car,0.1228570416569709,313.6803894042969,516.2788696289062,358.441650390625,543.9569702148438,0.1750317960977554,0.4908499121665954,0.0233131572604179,0.0256278701126575,reviewed,
1050,35.00163333333333,2463,2,car,0.3301798403263092,733.53662109375,491.9090270996094,757.1082763671875,513.1622924804688,0.3881887793540954,0.4653107821941376,0.0122769037261605,0.0196789503097534,reviewed,
1050,35.00163333333333,2483,2,car,0.7451584935188293,1443.5118408203125,461.2752380371094,1600.773193359375,504.1636657714844,0.7927826046943665,0.44696244597435,0.0819069519639015,0.0397115088999271,reviewed,
1050,35.00163333333333,2366,2,car,0.26629838347435,276.915283203125,515.9994506835938,355.55419921875,550.687744140625,0.1647055894136428,0.4938367009162903,0.0409577675163745,0.0321187898516655,reviewed,
1050,35.00163333333333,2036,2,car,0.5548134446144104,434.5011291503906,507.15423583984375,507.875244140625,534.7628784179688,0.2454105019569397,0.4823690354824066,0.0382156856358051,0.02556355856359,reviewed,
1050,35.00163333333333,2494,2,car,0.4294660687446594,354.0575866699219,512.9142456054688,419.2198791503906,543.0259399414062,0.2013743370771408,0.4888612031936645,0.0339386947453022,0.0278811976313591,reviewed,
1050,35.00163333333333,2499,7,truck,0.3507946133613586,53.02248001098633,511.7535095214844,146.41009521484375,563.8359985351562,0.0519355647265911,0.497958093881607,0.0486393831670284,0.0482245273888111,reviewed,
1050,35.00163333333333,2437,2,car,0.5950741767883301,590.5795288085938,500.8680419921875,648.500732421875,524.6807861328125,0.3226771652698517,0.4747911095619201,0.0301672928035259,0.0220488365739583,reviewed,
1050,35.00163333333333,2092,2,car,0.4460700750350952,286.6485900878906,515.43701171875,357.73712158203125,544.1619262695312,0.167808786034584,0.4905550479888916,0.0370252765715122,0.0265971422195434,reviewed,
1051,35.035000000000004,749,2,car,0.9426771998405457,772.5801391601562,432.5178833007813,1242.736083984375,763.8560791015625,0.524821937084198,0.5538768768310547,0.2448728829622268,0.3067946135997772,reviewed,
1051,35.035000000000004,1292,2,car,0.8840984106063843,1285.21337890625,467.2398071289063,1416.9151611328125,520.6817016601562,0.7036792635917664,0.4573710560798645,0.068594679236412,0.049483235925436,reviewed,
1051,35.035000000000004,2129,2,car,0.3735615313053131,395.9983520507813,511.4953308105469,432.6440124511719,536.7697143554688,0.2157922685146331,0.4853078722953796,0.019086280837655,0.0234022065997123,reviewed,
1051,35.035000000000004,2126,2,car,0.5016884803771973,53.81090545654297,512.8724365234375,147.07220458984375,564.245849609375,0.0523133128881454,0.4986658692359924,0.0485735945403575,0.0475679747760295,reviewed,
1051,35.035000000000004,2448,2,car,0.4641718864440918,696.7651977539062,494.4577941894531,740.8209838867188,515.4551391601562,0.3743714094161987,0.4675523042678833,0.0229457225650548,0.0194419864565134,reviewed,
1051,35.035000000000004,2318,2,car,0.3733968436717987,750.0112915039062,488.4205017089844,790.123046875,511.95550537109375,0.4010766446590423,0.4631370306015014,0.0208915397524833,0.0217916704714298,reviewed,
1051,35.035000000000004,2459,2,car,0.1129572689533233,314.1570739746094,515.8644409179688,359.3824462890625,543.6620483398438,0.1754009276628494,0.4905215203762054,0.0235548820346593,0.025738526135683,reviewed,
1051,35.035000000000004,2463,2,car,0.2728036940097809,734.0676879882812,492.1365966796875,756.1823120117188,513.3824462890625,0.3880859315395355,0.4655180871486664,0.011518033221364,0.0196720827370882,reviewed,
1051,35.035000000000004,2483,2,car,0.7650989294052124,1457.555908203125,461.8385925292969,1609.6356201171875,504.2487487792969,0.7987477779388428,0.4472626447677612,0.0792081803083419,0.0392686650156974,reviewed,
1051,35.035000000000004,2366,2,car,0.3054417371749878,279.055419921875,515.4555053710938,356.2748107910156,547.86962890625,0.1654505729675293,0.4922801852226257,0.0402184315025806,0.0300130769610404,reviewed,
1051,35.035000000000004,2036,2,car,0.5818677544593811,433.6272888183594,507.8498229980469,506.7703552246094,535.1483154296875,0.2448952198028564,0.4828695356845855,0.0380953475832939,0.025276381522417,reviewed,
1051,35.035000000000004,2494,2,car,0.464446097612381,353.157958984375,512.9625244140625,413.8681640625,542.4765014648438,0.1997463852167129,0.4886291623115539,0.0316198989748954,0.0273277573287487,reviewed,
1051,35.035000000000004,2499,7,truck,0.3558446168899536,52.664100646972656,511.7393798828125,146.54946899414062,563.6619262695312,0.0518785305321216,0.4978710114955902,0.0488986298441886,0.048076432198286,reviewed,
1051,35.035000000000004,2437,2,car,0.6070668697357178,592.0919799804688,501.6935729980469,650.3234252929688,524.89501953125,0.3235456645488739,0.4752725064754486,0.0303288772702217,0.0214828215539455,reviewed,
1051,35.035000000000004,2092,2,car,0.2893636524677276,293.71923828125,515.1425170898438,357.4736022949219,543.6880493164062,0.1695814728736877,0.490199327468872,0.033205397427082,0.0264310482889413,reviewed,
1052,35.06836666666667,749,2,car,0.9406917095184326,772.854248046875,432.34814453125,1242.895751953125,763.5724487304688,0.5249348878860474,0.5536669492721558,0.2448132783174514,0.3066891729831695,reviewed,
1052,35.06836666666667,1292,2,car,0.8775633573532104,1285.772705078125,467.4928894042969,1416.9117431640625,521.2612915039062,0.7038241028785706,0.4577565491199493,0.0683015808463096,0.0497855581343174,reviewed,
1052,35.06836666666667,2129,2,car,0.2703346014022827,397.2024230957031,511.1401977539063,433.2341613769531,536.4732055664062,0.2162595242261886,0.4850062131881714,0.0187665298581123,0.0234564878046512,reviewed,
1052,35.06836666666667,2126,2,car,0.5165771245956421,57.18668746948242,512.2108764648438,147.24501037597656,563.849609375,0.0532374233007431,0.4981761872768402,0.0469053760170936,0.0478136427700519,reviewed,
1052,35.06836666666667,2448,2,car,0.4806171953678131,697.1643676757812,494.345703125,740.19970703125,515.2874145507812,0.3743135333061218,0.467422753572464,0.0224142391234636,0.0193904731422662,reviewed,
1052,35.06836666666667,2318,2,car,0.3200024962425232,749.9719848632812,488.8335876464844,789.3232421875,511.0287780761719,0.4008581042289734,0.46289923787117,0.0204954463988542,0.0205511022359132,reviewed,
1052,35.06836666666667,2459,2,car,0.2951418161392212,313.9967346191406,515.148681640625,358.7499389648437,543.6832885742188,0.1751944571733474,0.490200012922287,0.0233089607208967,0.0264209322631359,reviewed,
1052,35.06836666666667,2463,2,car,0.3273408412933349,735.1934814453125,491.7560424804688,757.0457763671875,513.2717895507812,0.3886039853096008,0.4652906656265259,0.011381403543055,0.019921988248825,reviewed,
1052,35.06836666666667,2483,2,car,0.7405373454093933,1468.400146484375,461.8311462402344,1620.6337890625,504.1456909179688,0.8044359087944031,0.4472114741802215,0.0792883560061454,0.0391801334917545,reviewed,
1052,35.06836666666667,2366,2,car,0.4430675804615021,278.68927001953125,515.1624755859375,356.8383178710937,548.2692260742188,0.165501981973648,0.4923294484615326,0.0407026298344135,0.0306543987244367,reviewed,
1052,35.06836666666667,2036,2,car,0.5805318355560303,434.7635498046875,507.1102600097656,508.0259704589844,534.249755859375,0.2455181181430816,0.4821110963821411,0.0381575115025043,0.0251291636377573,reviewed,
1052,35.06836666666667,2494,2,car,0.414725661277771,353.2054748535156,513.4168701171875,410.9787292480469,542.2149047851562,0.1990063041448593,0.4887184500694275,0.0300902370363473,0.0266648475080728,reviewed,
1052,35.06836666666667,2499,7,truck,0.3538687825202942,55.7811164855957,511.1600036621094,146.74598693847656,563.08984375,0.0527414306998252,0.4973379075527191,0.0473775379359722,0.0480831861495971,reviewed,
1052,35.06836666666667,2437,2,car,0.6293046474456787,594.2894897460938,501.6452026367188,654.2427368164062,525.1397705078125,0.3251385986804962,0.4753633737564087,0.0312256496399641,0.0217542294412851,reviewed,
1052,35.06836666666667,2510,2,car,0.5280497670173645,1413.0709228515625,465.55474853515625,1481.7352294921875,501.2005615234375,0.7538557648658752,0.4475719034671783,0.0357626602053642,0.0330053828656673,reviewed,
1053,35.101733333333335,749,2,car,0.9433807730674744,773.2319946289062,432.1397705078125,1243.268798828125,763.5960693359375,0.5251303911209106,0.5535814166069031,0.2448108345270156,0.30690398812294,reviewed,
1053,35.101733333333335,1292,2,car,0.876316487789154,1286.4569091796875,467.5516662597656,1417.5399169921875,521.479736328125,0.7041658163070679,0.4578849077224731,0.0682723969221115,0.0499334000051021,reviewed,
1053,35.101733333333335,2129,2,car,0.2842076122760772,396.8911437988281,510.96484375,434.3771362304688,536.3671264648438,0.2164761275053024,0.4848759472370147,0.0195239540189504,0.0235206317156553,reviewed,
1053,35.101733333333335,2126,2,car,0.632301926612854,60.62932586669922,510.97802734375,147.89361572265625,563.3052368164062,0.0543028526008129,0.4973533451557159,0.0454501509666442,0.048451118171215,reviewed,
1053,35.101733333333335,2448,2,car,0.4736236929893493,697.47607421875,494.52294921875,740.4802856445312,515.2647705078125,0.3744677901268005,0.4674943089485168,0.0223980266600847,0.0192053895443677,reviewed,
1053,35.101733333333335,2318,2,car,0.415117859840393,749.43212890625,488.7967224121094,788.097412109375,510.7687072753906,0.400398313999176,0.4627617597579956,0.0201381687074899,0.0203444305807352,reviewed,
1053,35.101733333333335,2459,2,car,0.2726553976535797,311.6656494140625,514.2117309570312,358.7909240722656,543.3237915039062,0.1745980530977249,0.4895997643470764,0.0245444141328334,0.0269556120038032,reviewed,
1053,35.101733333333335,2463,2,car,0.2382186353206634,734.529052734375,492.1462097167969,756.8766479492188,513.1253051757812,0.3883869051933288,0.4654034674167633,0.0116393724456429,0.0194250885397195,reviewed,
1053,35.101733333333335,2483,2,car,0.7576606273651123,1479.1644287109375,461.9386291503906,1631.84375,504.1730041503906,0.8101584315299988,0.4472739100456238,0.0795204788446426,0.0391059033572673,reviewed,
1053,35.101733333333335,2366,2,car,0.410232663154602,278.920654296875,514.6931762695312,357.11767578125,548.7527465820312,0.1656349748373031,0.4923360645771026,0.0407276153564453,0.0315366387367248,reviewed,
1053,35.101733333333335,2036,2,car,0.553494930267334,436.517333984375,506.8577270507813,508.61724853515625,533.8922729492188,0.2461287975311279,0.4818286895751953,0.0375520400702953,0.0250319875776767,reviewed,
1053,35.101733333333335,2494,2,car,0.2804479598999023,354.8401794433594,513.731689453125,411.03900146484375,541.43408203125,0.1994476914405822,0.4885026812553406,0.0292702205479145,0.0256503634154796,reviewed,
1053,35.101733333333335,2437,2,car,0.597761332988739,600.6783447265625,502.0118408203125,658.2432861328125,523.95068359375,0.3278441727161407,0.4749826490879059,0.0299817398190498,0.0203137435019016,reviewed,
1053,35.101733333333335,2510,2,car,0.6394498348236084,1412.615966796875,465.57122802734375,1488.46875,501.1413879394531,0.7554908394813538,0.4475521445274353,0.039506658911705,0.032935332506895,reviewed,
1053,35.101733333333335,2298,2,car,0.3691149652004242,623.9544677734375,503.282470703125,660.1885375976562,521.4603881835938,0.3344122469425201,0.4744180142879486,0.0188719108700752,0.0168314054608345,reviewed,
1053,35.101733333333335,2092,2,car,0.2615050971508026,291.3251342773437,514.0767822265625,357.7135925292969,543.7094116210938,0.1690204888582229,0.4897158145904541,0.0345773212611675,0.0274376198649406,reviewed,
1054,35.1351,749,2,car,0.9432057738304138,774.0822143554688,432.4029235839844,1243.777099609375,763.0906982421875,0.5254842042922974,0.5534693002700806,0.244632750749588,0.306192398071289,reviewed,
1054,35.1351,1292,2,car,0.8505185842514038,1287.091796875,467.529296875,1419.6448974609375,521.256591796875,0.7048794031143188,0.4577712416648865,0.0690380707383155,0.049747496843338,reviewed,
1054,35.1351,2129,2,car,0.3199298679828644,398.0335998535156,511.0447387695313,434.5001831054688,536.0010375976562,0.2168056815862655,0.4847434163093567,0.0189930126070976,0.0231076832860708,reviewed,
1054,35.1351,2126,2,car,0.5168412327766418,62.312896728515625,510.3118286132813,148.55792236328125,563.0849609375,0.0549142770469188,0.496942937374115,0.0449192859232425,0.048864010721445,reviewed,
1054,35.1351,2448,2,car,0.4540047645568847,697.8718872070312,494.45654296875,742.0650024414062,515.1254272460938,0.3749835789203644,0.4673990607261657,0.0230172481387853,0.0191378556191921,reviewed,
1054,35.1351,2318,2,car,0.4825138747692108,749.53564453125,488.0094909667969,786.607666015625,510.5071716308594,0.4000373184680938,0.4622762203216553,0.0193083453923463,0.0208311863243579,reviewed,
1054,35.1351,2459,2,car,0.3308635652065277,312.3787536621094,513.7232666015625,359.8612670898437,542.52880859375,0.1750624924898147,0.4890055954456329,0.0247304756194353,0.0266717988997697,reviewed,
1054,35.1351,2463,2,car,0.2117404192686081,731.8811645507812,492.522216796875,756.3097534179688,512.9967651367188,0.3875497281551361,0.465518057346344,0.0127232233062386,0.0189579147845506,reviewed,
1054,35.1351,2483,2,car,0.7240192890167236,1491.49462890625,462.1487731933594,1642.8929443359375,504.11859130859375,0.8162468075752258,0.4473460018634796,0.0788532868027687,0.0388609431684017,reviewed,
1054,35.1351,2366,2,car,0.3187725245952606,279.14581298828125,514.5182495117188,358.5743408203125,548.6495361328125,0.1660729497671127,0.4922072887420654,0.0413690246641635,0.0316030420362949,reviewed,
1054,35.1351,2036,2,car,0.5479493141174316,436.9151611328125,506.6907653808594,508.57611083984375,533.6187744140625,0.2462216913700103,0.4816248118877411,0.0373234115540981,0.0249333418905735,reviewed,
1054,35.1351,2494,2,car,0.1612459272146225,356.2419738769531,515.0496215820312,406.8077697753906,540.9283447265625,0.1987108737230301,0.4888787269592285,0.0263363514095544,0.0239617805927991,reviewed,
1054,35.1351,2437,2,car,0.6216407418251038,606.7908325195312,502.4084777832031,662.61181640625,522.8115234375,0.3305735886096954,0.4746388792991638,0.0290734283626079,0.0188917089253664,reviewed,
1054,35.1351,2510,2,car,0.6514529585838318,1412.0479736328125,465.9639587402344,1497.1207275390625,501.1524353027344,0.7575960159301758,0.4477390646934509,0.0443087257444858,0.0325819216668605,reviewed,
1054,35.1351,2092,2,car,0.2875852882862091,293.1952819824219,513.9434204101562,358.7410888671875,543.9253540039062,0.1697750985622406,0.4897540509700775,0.0341384410858154,0.0277610495686531,reviewed,
1054,35.1351,2501,2,car,0.3438822627067566,698.2246704101562,495.9470825195313,731.093994140625,515.2565307617188,0.3722184002399444,0.4681498110294342,0.0171194393187761,0.0178791191428899,reviewed,
1055,35.16846666666667,749,2,car,0.9419869780540466,774.2907104492188,432.4322814941406,1243.8883056640625,762.8147583007812,0.5255674123764038,0.5533550977706909,0.2445820868015289,0.3059096932411194,reviewed,
1055,35.16846666666667,1292,2,car,0.858160674571991,1287.2744140625,467.5513305664063,1419.78173828125,521.1350708007812,0.7049625515937805,0.4577251970767975,0.0690142288804054,0.0496145747601985,reviewed,
1055,35.16846666666667,2129,2,car,0.365738034248352,397.9019470214844,511.0889892578125,434.16644287109375,535.95068359375,0.2166844755411148,0.4847405850887298,0.0188877582550048,0.0230200868099927,reviewed,
1055,35.16846666666667,2126,2,car,0.5215475559234619,63.12250900268555,510.4098205566406,148.77407836914062,563.2239379882812,0.0551814027130603,0.4970526695251465,0.0446101911365985,0.0489019602537155,reviewed,
1055,35.16846666666667,2448,2,car,0.4795910716056824,697.9968872070312,494.6862487792969,743.455322265625,515.1451416015625,0.3753781616687774,0.4675145447254181,0.0236762687563896,0.0189434196799993,reviewed,
1055,35.16846666666667,2318,2,car,0.4367536306381225,747.4520874023438,487.6045837402344,785.4795532226562,510.46783447265625,0.3992009460926056,0.4620705544948578,0.01980597153306,0.0211696773767471,reviewed,
1055,35.16846666666667,2459,2,car,0.3371737003326416,313.02099609375,513.6296997070312,360.4595947265625,542.69287109375,0.1753855645656585,0.4890381991863251,0.0247076041996479,0.0269103441387414,reviewed,
1055,35.16846666666667,2463,2,car,0.3408817052841186,726.3626098632812,494.802734375,755.8494262695312,514.0442504882812,0.3859927058219909,0.467058777809143,0.0153577169403433,0.0178162194788455,reviewed,
1055,35.16846666666667,2483,2,car,0.7134819030761719,1500.589599609375,461.9040832519531,1652.015380859375,504.505615234375,0.8209908604621887,0.4474118947982788,0.0788675919175148,0.0394458621740341,reviewed,
1055,35.16846666666667,2366,2,car,0.3468497395515442,278.85498046875,514.6351928710938,359.02557373046875,548.8380737304688,0.1661147326231002,0.4923487305641174,0.0417555160820484,0.031669333577156,reviewed,
1055,35.16846666666667,2036,2,car,0.5270457863807678,435.1307373046875,506.802490234375,508.3264465332031,533.7761840820312,0.2456919699907302,0.4817493557929992,0.0381227657198905,0.0249756425619125,reviewed,
1055,35.16846666666667,2494,2,car,0.1378794312477111,356.7029724121094,515.192626953125,406.4510192871094,540.1765747070312,0.1987380236387252,0.4885968267917633,0.0259104408323764,0.023133285343647,reviewed,
1055,35.16846666666667,2437,2,car,0.759026825428009,610.1017456054688,502.3240966796875,666.4238891601562,523.0302124023438,0.3324285447597503,0.4747010469436645,0.0293344501405954,0.019172329455614,reviewed,
1055,35.16846666666667,2510,2,car,0.6913252472877502,1411.450439453125,466.9118957519531,1501.80126953125,501.5106201171875,0.758659303188324,0.4483437538146972,0.0470577254891395,0.0320358574390411,reviewed,
1055,35.16846666666667,2092,2,car,0.29997119307518,294.3158264160156,513.98193359375,359.125732421875,544.4828491210938,0.1701670587062835,0.4900300204753876,0.0337551608681678,0.0282415878027677,reviewed,
1055,35.16846666666667,2520,7,truck,0.3707209229469299,61.86829376220703,509.6669616699219,148.1915740966797,562.1893920898438,0.0547030940651893,0.4962297677993774,0.0449600405991077,0.0486318804323673,reviewed,
1055,35.16846666666667,2501,2,car,0.3467177450656891,698.6578979492188,496.1060791015625,730.357421875,515.3262329101562,0.372139424085617,0.4682556986808777,0.0165101680904626,0.0177964381873607,reviewed,
1056,35.20183333333333,749,2,car,0.9430802464485168,774.2503662109375,432.0193481445313,1244.235107421875,763.6985473632812,0.5256472826004028,0.5535730719566345,0.2447837144136428,0.3071103692054748,reviewed,
1056,35.20183333333333,1292,2,car,0.847237765789032,1287.2503662109375,467.5235595703125,1419.53857421875,521.0575561523438,0.7048929929733276,0.4576764404773712,0.0689001083374023,0.0495685152709484,reviewed,
1056,35.20183333333333,2129,2,car,0.3607491850852966,398.0510559082031,511.0237426757813,433.9664611816406,535.904296875,0.2166712284088134,0.4846888780593872,0.018705939874053,0.0230375509709119,reviewed,
1056,35.20183333333333,2126,2,car,0.5185652375221252,63.58642959594727,510.61761474609375,148.80752563476562,563.3751831054688,0.0553109236061573,0.4972188770771026,0.0443859882652759,0.0488496012985706,reviewed,
1056,35.20183333333333,2448,2,car,0.4571428596973419,697.869873046875,494.8692321777344,746.8985595703125,515.19775390625,0.3762417733669281,0.467623621225357,0.0255357734858989,0.0188227053731679,reviewed,
1056,35.20183333333333,2318,2,car,0.1656112968921661,745.8133544921875,489.34765625,780.5189208984375,510.8439636230469,0.3974823653697967,0.4630516767501831,0.0180758163332939,0.0199039876461029,reviewed,
1056,35.20183333333333,2459,2,car,0.3499194383621216,313.4486389160156,513.647216796875,360.7161865234375,542.9310302734375,0.1755637526512146,0.4891566038131714,0.0246185138821601,0.0271146427839994,reviewed,
1056,35.20183333333333,2463,2,car,0.3533514738082886,724.1329345703125,495.9165649414063,755.6045532226562,514.5301513671875,0.3853483200073242,0.4677993953227997,0.0163914673030376,0.0172348022460937,reviewed,
1056,35.20183333333333,2483,2,car,0.6056849360466003,1509.3914794921875,461.5965881347656,1652.168701171875,504.3281555175781,0.8233229517936707,0.4471873939037323,0.0743631348013877,0.0395662672817707,reviewed,
1056,35.20183333333333,2366,2,car,0.3189612329006195,278.6168518066406,514.7405395507812,359.0496826171875,549.0404052734375,0.1660589873790741,0.492491215467453,0.0418921001255512,0.0317591354250907,reviewed,
1056,35.20183333333333,2036,2,car,0.5138457417488098,434.919189453125,506.96185302734375,508.1481018066406,533.7810668945312,0.2455904334783554,0.4818254113197326,0.038140058517456,0.0248326063156127,reviewed,
1056,35.20183333333333,2494,2,car,0.1294229328632354,356.6563415527344,515.3070068359375,406.1929626464844,540.1605224609375,0.198658674955368,0.4886423647403717,0.025800323113799,0.0230125151574611,reviewed,
1056,35.20183333333333,2437,2,car,0.6035982966423035,609.8593139648438,503.0821533203125,670.2261962890625,523.0685424804688,0.333355575799942,0.4750697314739227,0.0314410850405693,0.0185059159994125,reviewed,
1056,35.20183333333333,2510,2,car,0.631417453289032,1407.156494140625,466.3465270996094,1499.968017578125,501.519775390625,0.7570636868476868,0.4480862617492676,0.0483393333852291,0.0325678214430809,reviewed,
1056,35.20183333333333,2520,7,truck,0.382462590932846,62.0953254699707,509.7591247558594,148.18438720703125,562.287841796875,0.0547603406012058,0.4963180422782898,0.0448380559682846,0.0486376993358135,reviewed,
1056,35.20183333333333,2501,2,car,0.3225941359996795,698.6323852539062,496.336669921875,729.8854370117188,515.3421630859375,0.3720098435878753,0.4683698415756225,0.0162776317447423,0.0175976790487766,reviewed,
1057,35.2352,749,2,car,0.9420103430747986,774.0203247070312,431.88323974609375,1244.0238037109375,763.416259765625,0.5255323648452759,0.5533794164657593,0.2447934746742248,0.3069750070571899,reviewed,
1057,35.2352,1292,2,car,0.8320697546005249,1287.2073974609375,467.4588317871094,1419.518798828125,521.1839599609375,0.7048766016960144,0.457705020904541,0.0689121857285499,0.0497454889118671,reviewed,
1057,35.2352,2129,2,car,0.3297533094882965,398.9503173828125,511.31683349609375,434.0553283691406,536.0020141601562,0.2169285416603088,0.4848698377609253,0.0182838607579469,0.0228566490113735,reviewed,
1057,35.2352,2126,2,car,0.5147914290428162,62.421634674072266,510.53948974609375,148.9189910888672,563.5014038085938,0.0550366193056106,0.4972411692142486,0.0450507067143917,0.0490388087928295,reviewed,
1057,35.2352,2448,2,car,0.4449990689754486,697.934814453125,494.8963317871094,750.2685546875,515.266357421875,0.3771362900733948,0.4676679372787475,0.0272571556270122,0.0188611354678869,reviewed,
1057,35.2352,2318,2,car,0.154361680150032,752.3257446289062,490.93011474609375,777.6463012695312,510.5997619628906,0.3984302282333374,0.4636712670326233,0.0131877902895212,0.0182126369327306,reviewed,
1057,35.2352,2459,2,car,0.3172923922538757,313.2750244140625,513.8001098632812,360.7203369140625,543.18408203125,0.1755196303129196,0.4893445074558258,0.024711100384593,0.0272073820233345,reviewed,
1057,35.2352,2463,2,car,0.3747395277023315,722.1998291015625,496.0555419921875,756.4213256835938,514.6337280273438,0.3850575685501098,0.4679116904735565,0.0178236961364746,0.0172020234167575,reviewed,
1057,35.2352,2483,7,truck,0.3436251878738403,1518.24560546875,460.2125244140625,1669.0355224609375,503.9167785644531,0.8300211429595947,0.4463561475276947,0.0785364136099815,0.0404669009149074,reviewed,
1057,35.2352,2366,2,car,0.3565846979618072,278.5753479003906,514.7509155273438,359.0111389160156,549.0570068359375,0.1660381406545639,0.4925036430358886,0.0418936423957347,0.0317648984491825,reviewed,
1057,35.2352,2036,2,car,0.5086590051651001,435.600830078125,507.2852478027344,508.06396484375,533.884521484375,0.2457460463047027,0.4820230603218078,0.0377412177622318,0.0246289577335119,reviewed,
1057,35.2352,2494,2,car,0.1152766495943069,355.9608764648437,515.4458618164062,406.6619567871094,541.952392578125,0.1985996812582016,0.4895361959934234,0.0264068134129047,0.0245430842041969,reviewed,
1057,35.2352,2437,2,car,0.5465388894081116,613.4347534179688,502.74310302734375,674.1582641601562,522.502685546875,0.3353106677532196,0.4746508598327636,0.0316268280148506,0.0182959102094173,reviewed,
1057,35.2352,2510,2,car,0.5487450361251831,1402.010986328125,465.00732421875,1494.1444091796875,500.9173583984375,0.7542070746421814,0.4471873641014099,0.0479861572384834,0.0332500301301479,reviewed,
1057,35.2352,2520,7,truck,0.3531360030174255,60.88551330566406,509.7613220214844,148.348876953125,562.526611328125,0.0544881224632263,0.4964296221733093,0.0455538369715213,0.0488567501306533,reviewed,
1057,35.2352,2501,2,car,0.2655195295810699,698.5804443359375,496.5626220703125,729.2300415039062,515.3471069335938,0.3718256652355194,0.4684767127037048,0.0159633327275514,0.0173930414021015,reviewed,
1057,35.2352,2524,2,car,0.3909525871276855,646.9503784179688,503.8462219238281,675.2076416015625,520.4534912109375,0.3443119823932647,0.4742128252983093,0.0147173246368765,0.0153771014884114,reviewed,
1057,35.2352,2092,2,car,0.3101270794868469,294.70465087890625,514.1340942382812,358.9887084960937,544.9259643554688,0.1702326387166977,0.4903055727481842,0.0334812812507152,0.0285109914839267,reviewed,
1058,35.268566666666665,749,2,car,0.9410027861595154,774.5777587890625,431.6676940917969,1244.5,763.242431640625,0.5258014798164368,0.5531991720199585,0.2447511702775955,0.3070136606693268,reviewed,
1058,35.268566666666665,1292,2,car,0.8167387843132019,1287.706787109375,467.57818603515625,1420.03662109375,521.53857421875,0.7051414847373962,0.4579244256019592,0.0689217895269393,0.0499633215367794,reviewed,
1058,35.268566666666665,2129,2,car,0.3257800340652466,401.7176818847656,511.46295166015625,435.0340881347656,536.0867919921875,0.2179041057825088,0.4849767684936523,0.0173522941768169,0.022799851372838,reviewed,
1058,35.268566666666665,2126,2,car,0.5755903124809265,62.90339279174805,511.2301635742188,149.7900848388672,563.4170532226562,0.0553889274597168,0.4975218474864959,0.0452534817159175,0.0483211949467659,reviewed,
1058,35.268566666666665,2448,2,car,0.5292301774024963,698.7393798828125,495.2371826171875,751.2129516601562,515.2596435546875,0.3775917589664459,0.4678226113319397,0.0273299850523471,0.0185393150895833,reviewed,
1058,35.268566666666665,2318,2,car,0.1003128588199615,755.6820678710938,491.5791320800781,775.6104125976562,510.6325988769531,0.3987740874290466,0.4639869034290313,0.0103793460875749,0.0176420994102954,reviewed,
1058,35.268566666666665,2459,2,car,0.2328258901834488,309.85528564453125,513.7213745117188,361.2941284179688,543.268798828125,0.1747784912586212,0.4893473386764526,0.026791064068675,0.0273587256669998,reviewed,
1058,35.268566666666665,2483,2,car,0.5540534257888794,1527.8363037109375,459.10986328125,1685.194580078125,505.2499694824219,0.8367267847061157,0.4464628994464874,0.0819574370980262,0.0427223220467567,reviewed,
1058,35.268566666666665,2366,2,car,0.5067654252052307,279.5321044921875,514.3858642578125,359.57696533203125,549.6611328125,0.1664346605539322,0.4926143586635589,0.041690032929182,0.0326622873544693,reviewed,
1058,35.268566666666665,2036,2,car,0.5461678504943848,437.5791015625,507.617919921875,508.36865234375,534.0414428710938,0.2463405579328537,0.4822497367858886,0.0368695594370365,0.0244662258774042,reviewed,
1058,35.268566666666665,2437,2,car,0.5894542336463928,617.520263671875,502.46087646484375,678.6273193359375,522.8628540039062,0.3375384211540222,0.4746869206428528,0.0318265929818153,0.0188907198607921,reviewed,
1058,35.268566666666665,2510,2,car,0.6790587902069092,1398.9912109375,466.6502075195313,1488.120849609375,500.7629089355469,0.7518520951271057,0.4478764235973358,0.0464216880500316,0.0315858349204063,reviewed,
1058,35.268566666666665,2520,7,truck,0.3375261127948761,61.6063232421875,510.64556884765625,149.03030395507812,562.3258666992188,0.0548532865941524,0.4967460334300995,0.0455333217978477,0.0478521287441253,reviewed,
1058,35.268566666666665,2501,2,car,0.3029353320598602,699.3351440429688,497.2164611816406,730.552001953125,515.4674072265625,0.3723664581775665,0.4688351154327392,0.016258779913187,0.0168990232050418,reviewed,
1059,35.30193333333333,749,2,car,0.9413870573043824,775.0271606445312,431.5988464355469,1244.881103515625,763.232421875,0.5260177850723267,0.5531626343727112,0.2447156012058258,0.3070681393146515,reviewed,
1059,35.30193333333333,1292,2,car,0.8266571164131165,1288.0550537109375,467.5079956054688,1421.0792236328125,521.5341186523438,0.7055037021636963,0.4578898549079895,0.0692834183573722,0.0500241890549659,reviewed,
1059,35.30193333333333,2129,2,car,0.314164787530899,403.0385437011719,512.3009033203125,436.8257141113281,535.9846801757812,0.2187146544456482,0.4853174388408661,0.0175974853336811,0.0219294223934412,reviewed,
1059,35.30193333333333,2126,2,car,0.5656434893608093,63.15517044067383,511.60784912109375,151.34823608398438,563.9675903320312,0.055860262364149,0.4979515969753265,0.0459338910877704,0.0484812408685684,reviewed,
1059,35.30193333333333,2448,2,car,0.5056242942810059,699.1377563476562,495.3675231933594,754.6890869140625,515.4005737304688,0.3786007463932037,0.467948168516159,0.0289329849183559,0.0185491200536489,reviewed,
1059,35.30193333333333,2318,2,car,0.1894900351762771,751.0048217773438,492.0328369140625,774.0062866210938,510.8534240722656,0.3971382975578308,0.4642991721630096,0.0119799291715025,0.0174264702945947,reviewed,
1059,35.30193333333333,2459,2,car,0.2369470447301864,311.35992431640625,514.3339233398438,361.7850341796875,543.7302856445312,0.1752981692552566,0.4898445308208465,0.026263078674674,0.0272188540548086,reviewed,
1059,35.30193333333333,2483,2,car,0.5546513795852661,1538.6494140625,458.1098937988281,1699.7176513671875,505.1827087402344,0.8433247804641724,0.4459688067436218,0.0838897079229354,0.0435859411954879,reviewed,
1059,35.30193333333333,2366,2,car,0.4120717048645019,280.9725341796875,514.6228637695312,360.166748046875,550.355712890625,0.1669633537530899,0.4930455982685089,0.0412469878792762,0.0330859720706939,reviewed,
1059,35.30193333333333,2036,2,car,0.5677900910377502,437.899658203125,507.1271057128906,508.9684143066406,534.8319091796875,0.2465802133083343,0.4823884069919586,0.0370149761438369,0.0256525967270135,reviewed,
1059,35.30193333333333,2437,2,car,0.5200273990631104,618.7073364257812,502.3493347167969,685.1970825195312,522.9308471679688,0.3395584523677826,0.4746667444705963,0.034630075097084,0.0190569553524255,reviewed,
1059,35.30193333333333,2510,2,car,0.6139361262321472,1396.3182373046875,466.8002624511719,1480.5244140625,500.8004760742188,0.7491778135299683,0.4479632973670959,0.0438573844730854,0.0314816795289516,reviewed,
1059,35.30193333333333,2520,7,truck,0.3562460839748382,62.06504440307617,511.3077392578125,150.50302124023438,562.7427368164062,0.0553562678396701,0.4972456097602844,0.0460614450275898,0.0476249977946281,reviewed,
1059,35.30193333333333,2501,2,car,0.2451319694519043,699.6942749023438,497.4563598632813,732.8959350585938,515.6891479492188,0.3730703592300415,0.4690488576889038,0.0172925312072038,0.0168822109699249,reviewed,
1059,35.30193333333333,2092,2,car,0.2566370964050293,295.23150634765625,514.3369140625,360.7638549804688,545.334228515625,0.1708321273326873,0.4905884861946106,0.0341314300894737,0.0287012178450822,reviewed,
1060,35.335300000000004,749,2,car,0.9435068368911744,775.2217407226562,431.37835693359375,1245.22705078125,764.0646362304688,0.5261585116386414,0.5534458160400391,0.2447944283485412,0.3080428540706634,reviewed,
1060,35.335300000000004,1292,2,car,0.8073503375053406,1288.6571044921875,467.3672790527344,1422.02783203125,521.4037475585938,0.7059075832366943,0.4577643573284149,0.0694639235734939,0.0500337667763233,reviewed,
1060,35.335300000000004,2129,2,car,0.3095509707927704,401.2313537597656,512.0270385742188,437.2555541992188,536.0755615234375,0.2183559685945511,0.4852326512336731,0.0187626052647829,0.0222671516239643,reviewed,
1060,35.335300000000004,2126,2,car,0.586477518081665,63.04806900024414,512.9890747070312,151.34327697753906,564.2532348632812,0.0558310784399509,0.4987232983112335,0.0459870882332325,0.0474668145179748,reviewed,
1060,35.335300000000004,2448,2,car,0.4839089512825012,700.0953369140625,495.6325988769531,751.901123046875,515.5333862304688,0.3781240880489349,0.4681324064731598,0.0269821807742118,0.0184266548603773,reviewed,
1060,35.335300000000004,2318,2,car,0.2101303935050964,746.8716430664062,492.6006774902344,771.4908447265625,511.4000244140625,0.3954069018363952,0.4648151397705078,0.0128225004300475,0.017406802624464,reviewed,
1060,35.335300000000004,2459,2,car,0.2492358833551406,320.25323486328125,515.5743408203125,362.7016906738281,543.777099609375,0.1778528541326522,0.4904404878616333,0.0221085716038942,0.0261136647313833,reviewed,
1060,35.335300000000004,2483,2,car,0.5634419918060303,1549.7274169921875,457.5587158203125,1711.32421875,504.5278015136719,0.8492322564125061,0.4454104304313659,0.0841649994254112,0.043489895761013,reviewed,
1060,35.335300000000004,2366,2,car,0.2130659967660904,279.3495483398437,515.7118530273438,358.6724548339844,551.7071533203125,0.1661515533924102,0.4941754341125488,0.0413140133023262,0.0333289802074432,reviewed,
1060,35.335300000000004,2036,2,car,0.5711920857429504,438.1895751953125,507.5091552734375,509.3362426757813,534.8246459960938,0.2467515170574188,0.4825619161128998,0.0370555557310581,0.025292120873928,reviewed,
1060,35.335300000000004,2437,2,car,0.4626478254795074,619.3793334960938,501.48724365234375,690.66943359375,522.9179077148438,0.3411585390567779,0.4742616415023803,0.0371302589774131,0.0198432076722383,reviewed,
1060,35.335300000000004,2510,2,car,0.6680713891983032,1393.7100830078125,466.5929260253906,1473.730712890625,500.5924377441406,0.7467294335365295,0.4477710127830505,0.0416774116456508,0.0314810276031494,reviewed,
1060,35.335300000000004,2520,7,truck,0.4090524911880493,61.89585494995117,512.35498046875,151.01527404785156,563.09326171875,0.0554456077516078,0.4978927075862884,0.0464163608849048,0.0469798892736434,reviewed,
1060,35.335300000000004,2501,2,car,0.1275334060192108,700.1282958984375,498.0154724121094,734.0906982421875,515.9331665039062,0.3734945356845855,0.4694206416606903,0.0176887512207031,0.0165904574096202,reviewed,
1060,35.335300000000004,2092,2,car,0.2697373628616333,296.4245910644531,515.0059204101562,360.3336486816406,545.9500732421875,0.1710307896137237,0.4911833703517914,0.0332859680056571,0.0286519937217235,reviewed,
1061,35.36866666666667,749,2,car,0.943964421749115,775.2021484375,431.360107421875,1245.1065673828125,764.3619995117188,0.5261220335960388,0.5535750985145569,0.2447418868541717,0.3083350956439972,reviewed,
1061,35.36866666666667,1292,2,car,0.8392754793167114,1288.7567138671875,467.2574157714844,1421.65869140625,521.1497802734375,0.7058373689651489,0.457595944404602,0.0692197829484939,0.0499003380537033,reviewed,
1061,35.36866666666667,2129,2,car,0.2964949011802673,402.4078063964844,512.6016235351562,437.7182922363281,536.197021484375,0.2187828421592712,0.4855549037456512,0.0183908771723508,0.0218475908041,reviewed,
1061,35.36866666666667,2126,2,car,0.5706645250320435,62.162109375,512.9440307617188,150.89247131347656,564.8353881835938,0.0554829649627208,0.498971939086914,0.0462137311697006,0.0480475537478923,reviewed,
1061,35.36866666666667,2448,2,car,0.4708615839481354,700.6343383789062,495.7177734375,747.23681640625,515.7423706054688,0.3770497739315033,0.4682685732841491,0.0242721233516931,0.0185412932187318,reviewed,
1061,35.36866666666667,2318,2,car,0.1819390058517456,741.4658203125,494.5511169433594,765.0538940429688,512.602294921875,0.3923228681087494,0.4662747383117676,0.0122854551300406,0.0167140532284975,reviewed,
1061,35.36866666666667,2459,2,car,0.2894935011863708,321.4276428222656,515.922119140625,362.6028442382813,543.84521484375,0.178132951259613,0.4906330108642578,0.0214454177767038,0.025854717940092,reviewed,
1061,35.36866666666667,2483,2,car,0.4875149428844452,1558.9449462890625,457.1022033691406,1722.9232177734375,503.6118774414063,0.8546531796455383,0.4447750449180603,0.0854053497314453,0.0430645123124122,reviewed,
1061,35.36866666666667,2366,2,car,0.2836211323738098,283.4820251464844,516.03955078125,359.6428527832031,551.190185546875,0.1674804389476776,0.4940878450870514,0.0396670959889888,0.0325468853116035,reviewed,
1061,35.36866666666667,2036,2,car,0.5821918249130249,439.3615112304688,507.6333923339844,509.5171203613281,535.1207885742188,0.2471038252115249,0.4827565550804138,0.0365393795073032,0.0254512932151556,reviewed,
1061,35.36866666666667,2437,2,car,0.3633028864860534,622.4297485351562,502.2878723144531,689.089111328125,522.6810302734375,0.3415413498878479,0.4745226204395294,0.0347184166312217,0.0188825540244579,reviewed,
1061,35.36866666666667,2510,2,car,0.5818554162979126,1389.1497802734375,467.23541259765625,1465.6644287109375,500.3212585449219,0.7434412240982056,0.4479428827762604,0.0398513786494731,0.0306350421160459,reviewed,
1061,35.36866666666667,2520,7,truck,0.39165860414505,61.61214065551758,512.9913940429688,150.74757385253906,563.6716918945312,0.055302008986473,0.498455137014389,0.0464247055351734,0.046926200389862,reviewed,
1061,35.36866666666667,2092,2,car,0.4120074808597564,298.3629455566406,515.422607421875,360.9322814941406,546.162841796875,0.1716914623975753,0.4914747476577759,0.0325881950557231,0.0284631792455911,reviewed,
1061,35.36866666666667,2494,2,car,0.3436580896377563,359.7395935058594,516.7083740234375,417.0515441894531,543.7993774414062,0.2022893577814102,0.4909758269786834,0.029849974438548,0.0250842627137899,reviewed,
1062,35.402033333333335,749,2,car,0.9422955513000488,774.5606079101562,431.6161193847656,1244.3895263671875,763.6253051757812,0.5257682800292969,0.5533525347709656,0.2447025626897812,0.3074159026145935,reviewed,
1062,35.402033333333335,1292,2,car,0.8647598624229431,1288.869873046875,467.02734375,1420.734375,520.3781127929688,0.7056261301040649,0.4571321606636047,0.068679429590702,0.0493988618254661,reviewed,
1062,35.402033333333335,2129,2,car,0.3188992738723755,400.4029846191406,512.7772827148438,437.5130615234375,536.20361328125,0.21820729970932,0.4856393337249756,0.0193281657993793,0.021691046655178,reviewed,
1062,35.402033333333335,2126,2,car,0.6224965453147888,62.08001708984375,513.349609375,150.02879333496094,565.1568603515625,0.0552366711199283,0.4993085563182831,0.0458066537976264,0.047969676554203,reviewed,
1062,35.402033333333335,2448,2,car,0.5244229435920715,699.6963500976562,496.21337890625,744.1428833007812,516.3910522460938,0.3759998083114624,0.4687983393669128,0.0231492351740598,0.0186830312013626,reviewed,
1062,35.402033333333335,2318,2,car,0.2199064642190933,739.4404296875,495.3694152832031,762.5996704101562,513.1161499023438,0.391156256198883,0.4668914675712585,0.0120621044188737,0.016432162374258,reviewed,
1062,35.402033333333335,2459,2,car,0.3669401407241821,316.6991577148437,515.9517211914062,362.0380859375,543.9814453125,0.1767544895410537,0.4907097816467285,0.0236140247434377,0.025953447446227,reviewed,
1062,35.402033333333335,2483,2,car,0.6130660176277161,1568.162353515625,457.042724609375,1734.522216796875,503.2788391113281,0.8600741028785706,0.4445933103561401,0.0866457596421241,0.0428112186491489,reviewed,
1062,35.402033333333335,2366,2,car,0.2229202836751938,284.4771728515625,516.3079223632812,359.9533996582031,551.1735229492188,0.1678204536437988,0.4942043721675873,0.0393105335533618,0.0322829633951187,reviewed,
1062,35.402033333333335,2036,2,car,0.5467877984046936,440.0763244628906,507.5216369628906,509.67724609375,535.2210693359375,0.2473316490650177,0.4827512502670288,0.0362504795193672,0.0256476234644651,reviewed,
1062,35.402033333333335,2437,2,car,0.10763581097126,610.921875,502.62493896484375,677.0786743164062,523.7718505859375,0.3354167938232422,0.4751836657524109,0.0344566665589809,0.0195804741233587,reviewed,
1062,35.402033333333335,2510,2,car,0.541806161403656,1386.717529296875,466.6302185058594,1457.7039794921875,500.655029296875,0.7407347559928894,0.4478172659873962,0.0369721092283725,0.0315044559538364,reviewed,
1062,35.402033333333335,2520,7,truck,0.3262816965579986,61.99837112426758,513.5407104492188,149.9923553466797,564.0021362304688,0.0552059188485145,0.4988624155521393,0.045830201357603,0.0467235408723354,reviewed,
1062,35.402033333333335,2494,2,car,0.3323711454868316,359.5776672363281,517.1687622070312,416.5281982421875,544.2708740234375,0.2021109014749527,0.4914072751998901,0.0296617355197668,0.0250945482403039,reviewed,
1062,35.402033333333335,2524,2,car,0.380067765712738,643.418212890625,503.4656982421875,677.797119140625,521.4246826171875,0.3440665006637573,0.4744862914085388,0.017905680462718,0.0166286900639534,reviewed,
1063,35.4354,749,2,car,0.9435003399848938,774.0394897460938,431.3886413574219,1244.373046875,764.5242919921875,0.5256282687187195,0.553663432598114,0.2449653893709182,0.308458924293518,reviewed,
1063,35.4354,1292,2,car,0.8862302303314209,1288.6138916015625,467.038818359375,1420.178955078125,519.8991088867188,0.7054148316383362,0.4569157063961029,0.0685234740376472,0.0489447116851806,reviewed,
1063,35.4354,2129,2,car,0.3453961014747619,398.4671020507813,511.898681640625,436.8619995117188,536.2821655273438,0.2175336182117462,0.4852689504623413,0.0199973415583372,0.0225773006677627,reviewed,
1063,35.4354,2126,2,car,0.6190258264541626,61.83298110961914,514.0675659179688,149.85574340820312,565.5125122070312,0.0551272705197334,0.499805599451065,0.045845191925764,0.0476342104375362,reviewed,
1063,35.4354,2448,2,car,0.5060357451438904,699.1581420898438,495.9459533691406,749.2940673828125,516.4906616210938,0.3772010803222656,0.4687206745147705,0.0261124614626169,0.0190228782594203,reviewed,
1063,35.4354,2318,2,car,0.239611804485321,734.25048828125,494.868408203125,760.1790771484375,513.9905395507812,0.3891743719577789,0.4670643210411072,0.0135044734925031,0.0177056770771741,reviewed,
1063,35.4354,2459,2,car,0.3044906556606293,313.863037109375,516.7033081054688,361.1601867675781,543.8157348632812,0.1757872849702835,0.4909810423851013,0.0246339328587055,0.0251040980219841,reviewed,
1063,35.4354,2483,2,car,0.6019473075866699,1578.4053955078125,457.1470031738281,1742.7652587890625,502.7508850097656,0.8648881912231445,0.4443971812725067,0.0856040939688682,0.0422258153557777,reviewed,
1063,35.4354,2366,2,car,0.108343631029129,283.5140686035156,516.7802734375,357.9095153808594,552.2117919921875,0.1670373976230621,0.4949037432670593,0.0387476272881031,0.0328069627285003,reviewed,
1063,35.4354,2036,2,car,0.4931067526340484,440.6832275390625,507.4662780761719,509.4954528808594,535.4624633789062,0.2474423795938491,0.4828373789787292,0.0358396992087364,0.025922393426299,reviewed,
1063,35.4354,2510,2,car,0.466957151889801,1381.8863525390625,465.7296142578125,1449.0135498046875,498.2207336425781,0.7372134923934937,0.4462732970714569,0.0349620804190635,0.0300843697041273,reviewed,
1063,35.4354,2494,2,car,0.251953661441803,358.9849548339844,517.3623046875,413.8460388183594,544.5198974609375,0.2012580782175064,0.4916121363639831,0.0285734813660383,0.0251459199935197,reviewed,
1063,35.4354,2535,2,car,0.3341759741306305,602.5694580078125,501.5957336425781,650.0059814453125,524.136474609375,0.3261915147304535,0.4748760163784027,0.0247065220028162,0.0208710562437772,reviewed,
1063,35.4354,2537,2,car,0.3699145913124084,645.650390625,503.5991821289063,700.5917358398438,521.978759765625,0.3505839109420776,0.4748045802116394,0.0286152847111225,0.0170181281864643,reviewed,
1063,35.4354,2524,2,car,0.3138952553272247,644.3737182617188,503.2984313964844,681.8607177734375,522.587158203125,0.3453735411167145,0.4749470353126526,0.0195244792848825,0.0178599320352077,reviewed,
1064,35.46876666666667,749,2,car,0.9434159994125366,773.906494140625,431.3093872070313,1244.4805908203125,764.9253540039062,0.5256216526031494,0.5538123846054077,0.2450906783342361,0.3089036643505096,reviewed,
1064,35.46876666666667,1292,2,car,0.8822180032730103,1288.381591796875,466.6331481933594,1419.67919921875,519.4440307617188,0.7052241563796997,0.4565171897411346,0.0683841705322265,0.0488989651203155,reviewed,
1064,35.46876666666667,2129,2,car,0.3574323654174804,397.6750793457031,511.764892578125,436.6940612792969,536.4675903320312,0.2172836363315582,0.4852927923202514,0.020322386175394,0.022872868925333,reviewed,
1064,35.46876666666667,2126,2,car,0.6343300938606262,61.3253173828125,514.35302734375,149.56008911132812,565.5493774414062,0.054918073117733,0.4999547898769378,0.0459556095302104,0.0474040284752845,reviewed,
1064,35.46876666666667,2448,2,car,0.4523561298847198,700.648681640625,495.48150634765625,747.9186401367188,516.7011108398438,0.37723109126091,0.4686030745506286,0.0246197693049907,0.0196477826684713,reviewed,
1064,35.46876666666667,2318,2,car,0.2651727795600891,729.5966796875,493.9368896484375,758.3430786132812,514.109130859375,0.3874842822551727,0.4666879773139953,0.0149720823392272,0.0186780001968145,reviewed,
1064,35.46876666666667,2459,2,car,0.2853235304355621,313.9836730957031,516.879150390625,360.6263122558594,543.2789916992188,0.1756796836853027,0.4908139705657959,0.024293040856719,0.0244442969560623,reviewed,
1064,35.46876666666667,2483,2,car,0.6302840709686279,1588.4224853515625,456.3179626464844,1747.1436767578125,502.70159912109375,0.8686370253562927,0.4439905285835266,0.0826672837138176,0.0429478101432323,reviewed,
1064,35.46876666666667,2366,2,car,0.1136163771152496,283.0867004394531,516.798583984375,356.92291259765625,552.513427734375,0.1666691750288009,0.4950518608093261,0.0384563617408275,0.0330693013966083,reviewed,
1064,35.46876666666667,2036,2,car,0.4507078230381012,441.65716552734375,507.2818298339844,509.39849853515625,535.440673828125,0.2476707398891449,0.4827419221401214,0.0352819450199604,0.0260730031877756,reviewed,
1064,35.46876666666667,2510,2,car,0.3331196308135986,1374.873779296875,466.76275634765625,1441.3348388671875,495.9445495605469,0.7333876490592957,0.4456978142261505,0.0346151366829872,0.0270201787352561,reviewed,
1064,35.46876666666667,2494,2,car,0.3027100265026092,358.81201171875,517.2373046875,414.3471374511719,544.5013427734375,0.2013435363769531,0.4915456771850586,0.0289245452731847,0.0252444799989461,reviewed,
1064,35.46876666666667,2535,2,car,0.2483221143484115,602.7890014648438,501.4568786621094,652.1264038085938,524.1310424804688,0.3268008828163147,0.4748091995716095,0.0256965644657611,0.0209945961833,reviewed,
1064,35.46876666666667,2537,2,car,0.4208845496177673,649.478515625,502.6832885742188,706.27880859375,521.1563110351562,0.3530617952346802,0.4739998281002044,0.0295834857970476,0.0171046499162912,reviewed,
1064,35.46876666666667,2540,2,car,0.3255012631416321,438.7140197753906,508.7590026855469,492.714111328125,536.1904907226562,0.242559403181076,0.4837729036808014,0.0281250476837158,0.0253995265811681,reviewed,
1064,35.46876666666667,2092,2,car,0.2677586078643799,303.086181640625,516.3931274414062,359.5675048828125,546.9681396484375,0.172566071152687,0.4922969043254852,0.0294173564761877,0.0283101964741945,reviewed,
1065,35.50213333333333,749,2,car,0.9410392045974731,774.0679931640625,431.2337341308594,1244.245849609375,763.9802856445312,0.5256025791168213,0.5533398389816284,0.2448842972517013,0.3080986440181732,reviewed,
1065,35.50213333333333,1292,2,car,0.8693830370903015,1288.5660400390625,466.3665161132813,1419.5447998046875,519.3412475585938,0.7052372097969055,0.456346184015274,0.0682181045413017,0.0490506775677204,reviewed,
1065,35.50213333333333,2129,2,car,0.3589512705802917,397.6923522949219,512.0101928710938,436.7460632324219,536.2443237304688,0.2173016667366027,0.4853030145168304,0.0203404743224382,0.0224390104413032,reviewed,
1065,35.50213333333333,2126,2,car,0.5966020822525024,61.57444763183594,513.8718872070312,150.146240234375,565.2781982421875,0.0551355965435504,0.4996065497398376,0.0461311414837837,0.0475984364748001,reviewed,
1065,35.50213333333333,2448,2,car,0.4106448292732239,701.91455078125,494.0927429199219,753.7845458984375,515.6842651367188,0.3790883123874664,0.4674893319606781,0.0270156227052211,0.0199921503663063,reviewed,
1065,35.50213333333333,2318,2,car,0.2553913593292236,727.8065795898438,493.3460998535156,756.8314819335938,514.2867431640625,0.3866244852542877,0.4664966762065887,0.0151171367615461,0.019389484077692,reviewed,
1065,35.50213333333333,2459,2,car,0.3066864013671875,313.48095703125,516.542724609375,361.1095886230469,543.573486328125,0.175674632191658,0.4907945394515991,0.0248065795749425,0.025028483942151,reviewed,
1065,35.50213333333333,2483,2,car,0.6053215861320496,1598.019775390625,455.7569885253906,1749.952392578125,501.0757446289063,0.8718677759170532,0.4429781436920166,0.0791315734386444,0.0419618114829063,reviewed,
1065,35.50213333333333,2366,2,car,0.1704691648483276,287.5836486816406,516.5743408203125,358.5525207519531,549.3853759765625,0.168264627456665,0.4934998750686645,0.0369629524648189,0.0303805880248546,reviewed,
1065,35.50213333333333,2036,2,car,0.4454817175865173,441.2672424316406,507.1505737304688,510.4429016113281,535.1854858398438,0.2478411793708801,0.4825629889965057,0.0360289886593818,0.0259582512080669,reviewed,
1065,35.50213333333333,2510,2,car,0.4049770832061767,1378.9613037109375,468.2938537597656,1436.04248046875,494.2466735839844,0.7330739498138428,0.4456206262111664,0.0297297798097133,0.0240303892642259,reviewed,
1065,35.50213333333333,2494,2,car,0.2444878816604614,359.1766357421875,517.0021362304688,415.2565002441406,544.2708129882812,0.2016752809286117,0.4913300573825836,0.0292082633823156,0.0252487752586603,reviewed,
1065,35.50213333333333,2535,2,car,0.291379451751709,601.8709716796875,501.0699157714844,657.59521484375,523.5986938476562,0.3279859721660614,0.4743835926055908,0.0290230438113212,0.0208599790930748,reviewed,
1065,35.50213333333333,2537,2,car,0.2734707295894623,652.83056640625,502.4421997070313,709.742919921875,520.9055786132812,0.3548368513584137,0.4737721085548401,0.0296418499201536,0.0170957203954458,reviewed,
1065,35.50213333333333,2540,2,car,0.2645505368709564,438.5389404296875,508.8501892089844,495.0422058105469,536.0032348632812,0.2431201040744781,0.4837284088134765,0.0294287838041782,0.0251417085528373,reviewed,
1065,35.50213333333333,2543,2,car,0.5328196883201599,1794.5633544921875,463.6281127929688,1848.445068359375,492.85455322265625,0.9487000703811646,0.4428160488605499,0.0280633922666311,0.0270615182816982,reviewed,
1066,35.5355,749,2,car,0.9433433413505554,774.567138671875,430.4655456542969,1244.728515625,763.4845581054688,0.5258582234382629,0.5527546405792236,0.2448757141828537,0.3083509504795074,reviewed,
1066,35.5355,1292,2,car,0.8223092555999756,1289.3135986328125,465.71478271484375,1421.244140625,519.2079467773438,0.7058743834495544,0.4559827446937561,0.0687138214707374,0.0495307072997093,reviewed,
1066,35.5355,2129,2,car,0.2916758954524994,398.0714416503906,511.6404724121094,436.994873046875,536.0543823242188,0.2174651771783828,0.4850439131259918,0.0202726200222969,0.0226054713129997,reviewed,
1066,35.5355,2126,2,car,0.6198214888572693,61.73416519165039,513.9407348632812,150.4949493408203,565.2498779296875,0.0552679970860481,0.4996253252029419,0.0462295785546302,0.0475084669888019,reviewed,
1066,35.5355,2448,2,car,0.478061705827713,704.3753051757812,493.4167175292969,756.3023071289062,515.30419921875,0.3803848028182983,0.4670004248619079,0.0270453132688999,0.0202661864459514,reviewed,
1066,35.5355,2318,2,car,0.3199570477008819,720.1563110351562,492.7774353027344,757.1705322265625,513.9522705078125,0.3847205340862274,0.4660785794258117,0.0192782394587993,0.0196063295006752,reviewed,
1066,35.5355,2483,2,car,0.4665519595146179,1609.405517578125,455.2477111816406,1773.3778076171875,501.7681274414063,0.8809331059455872,0.4430629014968872,0.0854022353887558,0.0430744588375091,reviewed,
1066,35.5355,2366,2,car,0.1823069155216217,288.0492858886719,516.1846313476562,360.0465087890625,549.3148193359375,0.1687749475240707,0.4932868182659149,0.03749855235219,0.0306761004030704,reviewed,
1066,35.5355,2036,2,car,0.5407431721687317,441.0105285644531,507.4482727050781,510.4298400878906,534.8516845703125,0.2477709352970123,0.4825462698936462,0.0361558906733989,0.0253735296428203,reviewed,
1066,35.5355,2494,2,car,0.191813439130783,359.9942932128906,516.7593994140625,422.4399108886719,543.9360961914062,0.2037589102983474,0.4910627603530884,0.0325237587094306,0.0251636076718568,reviewed,
1066,35.5355,2535,2,car,0.3156302869319916,604.9976196289062,501.2336120605469,660.65185546875,522.6079711914062,0.3295961916446686,0.4740007221698761,0.0289865806698799,0.0197910740971565,reviewed,
1066,35.5355,2537,2,car,0.3158676624298095,656.0260620117188,500.4010009765625,714.0471801757812,520.5643310546875,0.3567899167537689,0.4726691246032715,0.0302193332463502,0.0186697505414485,reviewed,
1066,35.5355,2540,2,car,0.1478132754564285,448.42333984375,510.0669555664063,507.0997314453125,533.2490844726562,0.2488341331481933,0.483016699552536,0.0305606201291084,0.0214649345725774,reviewed,
1066,35.5355,2543,2,car,0.4267321228981018,1785.7955322265625,465.28460693359375,1842.4759521484373,493.0274963378906,0.9448623657226562,0.4436630308628082,0.0295210517942905,0.0256878603249788,reviewed,
1066,35.5355,2524,2,car,0.4063571691513061,653.5154418945312,502.5722351074219,690.6084594726562,521.2945556640625,0.3500322699546814,0.4740124046802521,0.0193192791193723,0.0173354819416999,reviewed,
1066,35.5355,2092,2,car,0.3506287038326263,308.3439025878906,515.4884033203125,361.4954833984375,545.5889282226562,0.174437329173088,0.4912395477294922,0.0276831146329641,0.0278708562254905,reviewed,
1067,35.568866666666665,749,2,car,0.942528486251831,775.1832885742188,430.33404541015625,1245.07275390625,763.2061767578125,0.5261083841323853,0.5525649189949036,0.2447340935468673,0.30821493268013,reviewed,
1067,35.568866666666665,1292,2,car,0.7742180228233337,1289.9036865234375,465.7210388183594,1421.8834228515625,519.276611328125,0.7061945796012878,0.4560174345970154,0.0687394440174102,0.049588494002819,reviewed,
1067,35.568866666666665,2129,2,car,0.3141271770000458,398.7467346191406,510.0903930664063,437.7534790039063,536.103271484375,0.2178386002779007,0.4843488931655884,0.0203160122036933,0.0240859985351562,reviewed,
1067,35.568866666666665,2126,2,car,0.6602917313575745,62.98374938964844,513.0072631835938,151.3212890625,565.4131469726562,0.0558086037635803,0.4992687106132507,0.0460091345012187,0.0485239662230014,reviewed,
1067,35.568866666666665,2448,2,car,0.3602619767189026,709.7794799804688,493.1870727539063,753.6133422851562,515.188232421875,0.3810918927192688,0.4668404161930084,0.0228301361203193,0.0203714445233345,reviewed,
1067,35.568866666666665,2483,2,car,0.3309733867645263,1622.115478515625,454.9245300292969,1788.7393798828125,501.361572265625,0.8882434964179993,0.4427250623703003,0.0867832824587822,0.0429972596466541,reviewed,
1067,35.568866666666665,2366,2,car,0.1762991696596145,284.6888427734375,516.6188354492188,357.7690734863281,551.7362060546875,0.1673067361116409,0.4946087896823883,0.0380626209080219,0.0325160846114158,reviewed,
1067,35.568866666666665,2036,2,car,0.5524031519889832,440.7629089355469,507.2027282714844,510.26947021484375,534.7608642578125,0.247664675116539,0.4823905527591705,0.0362013354897499,0.0255167931318283,reviewed,
1067,35.568866666666665,2494,2,car,0.2465397268533706,360.5943603515625,516.718994140625,425.29302978515625,543.6582641601562,0.2046581804752349,0.4909153580665588,0.0336972251534462,0.0249437689781188,reviewed,
1067,35.568866666666665,2535,2,car,0.2710455060005188,604.0299072265625,500.6919860839844,658.0092163085938,522.203125,0.3286560177803039,0.4735625684261322,0.0281142238527536,0.0199177209287881,reviewed,
1067,35.568866666666665,2537,2,car,0.5237395763397217,659.8776245117188,495.6648254394531,719.8648681640625,520.6185302734375,0.3593079149723053,0.4705015420913696,0.0312433559447526,0.0231052823364734,reviewed,
1067,35.568866666666665,2543,2,car,0.2343561500310897,1782.7813720703125,465.3394165039063,1835.8087158203125,492.1323547363281,0.942341148853302,0.4432739913463592,0.027618408203125,0.0248082764446735,reviewed,
1067,35.568866666666665,2524,2,car,0.4578501284122467,658.69677734375,497.1000671386719,699.4384765625,521.2055053710938,0.3536810576915741,0.4714377522468567,0.0212196353822946,0.0223198495805263,reviewed,
1067,35.568866666666665,2092,2,car,0.4075601994991302,301.781005859375,515.4451293945312,362.3703002929688,545.5098266601562,0.1729560643434524,0.4911828637123108,0.0315569229423999,0.0278376825153827,reviewed,
1067,35.568866666666665,2459,2,car,0.263240784406662,318.4402770996094,515.964111328125,363.0409240722656,543.32568359375,0.1774690598249435,0.4904119372367859,0.0232295040041208,0.0253347884863615,reviewed,
1068,35.60223333333333,749,2,car,0.9436789751052856,776.0756225585938,429.6590576171875,1245.79443359375,764.0895385742188,0.5265286564826965,0.5526613593101501,0.244645208120346,0.3096578419208526,reviewed,
1068,35.60223333333333,1292,2,car,0.8443521857261658,1290.6768798828125,465.9329223632813,1423.3939208984375,519.0625,0.7067892551422119,0.4560163915157318,0.0691234618425369,0.0491940528154373,reviewed,
1068,35.60223333333333,2129,2,car,0.3799623847007751,399.7158203125,510.49066162109375,438.83978271484375,535.8270874023438,0.2183738499879837,0.4844063520431518,0.0203770641237497,0.0234596543014049,reviewed,
1068,35.60223333333333,2126,2,car,0.6907239556312561,63.96079635620117,513.2571411132812,153.17750549316406,565.0465698242188,0.0565464347600936,0.4992146790027618,0.0464670322835445,0.0479531735181808,reviewed,
1068,35.60223333333333,2448,2,car,0.1387401819229126,714.3911743164062,494.0367431640625,750.8284912109375,515.0595092773438,0.3815676271915436,0.4671742022037506,0.0189777687191963,0.0194655247032642,reviewed,
1068,35.60223333333333,2483,2,car,0.2825745940208435,1633.27392578125,455.2118225097656,1811.84814453125,501.8245239257813,0.8971672058105469,0.4430724084377289,0.0930074080824852,0.0431599095463752,reviewed,
1068,35.60223333333333,2366,2,car,0.2794565558433532,283.2055358886719,516.546630859375,356.2963562011719,552.3259887695312,0.1665369570255279,0.4948484003543854,0.0380681343376636,0.0331290364265441,reviewed,
1068,35.60223333333333,2036,2,car,0.6177243590354919,440.592529296875,506.8799133300781,511.2559814453125,533.9811401367188,0.2478772103786468,0.4818801283836365,0.0368038825690746,0.0250937286764383,reviewed,
1068,35.60223333333333,2494,2,car,0.1149703487753868,360.8254699707031,512.1676025390625,430.62744140625,543.3148803710938,0.2061075270175933,0.4886492788791656,0.0363551937043666,0.028840072453022,reviewed,
1068,35.60223333333333,2535,2,car,0.4040257930755615,606.26025390625,500.63873291015625,656.9829711914062,522.2905883789062,0.3289695680141449,0.47357839345932,0.0264180824160575,0.020048014819622,reviewed,
1068,35.60223333333333,2537,2,car,0.5651452541351318,665.2011108398438,495.5133972167969,723.9874877929688,520.1826171875,0.3617678582668304,0.4702296555042267,0.0306179039180278,0.0228418707847595,reviewed,
1068,35.60223333333333,2524,2,car,0.1338719129562378,663.0126953125,497.6802978515625,701.4576416015625,520.4943237304688,0.3553308248519897,0.4713771343231201,0.0200234092772007,0.0211240984499454,reviewed,
1068,35.60223333333333,2092,2,car,0.3236802518367767,295.1337890625,515.4053344726562,362.0762023925781,546.99267578125,0.1711484342813491,0.4918509125709533,0.0348658412694931,0.0292475391179323,reviewed,
1068,35.60223333333333,2459,2,car,0.2185680419206619,321.9678039550781,515.9086303710938,363.550537109375,543.8556518554688,0.1785203963518142,0.4906316101551056,0.0216576736420393,0.025876872241497,reviewed,
1068,35.60223333333333,2318,2,car,0.2729174196720123,719.4651489257812,493.6773681640625,755.9689331054688,514.5057983398438,0.3842276334762573,0.4667514562606811,0.0190123878419399,0.0192855838686227,reviewed,
1069,35.635600000000004,749,2,car,0.9430500864982604,776.4889526367188,429.2984313964844,1246.2086181640625,764.2691040039062,0.5267441272735596,0.552577555179596,0.2446456551551818,0.3101580440998077,reviewed,
1069,35.635600000000004,1292,2,car,0.8433331847190857,1291.0166015625,465.83148193359375,1423.84375,519.0464477539062,0.706994891166687,0.4559620022773742,0.0691808089613914,0.0492731146514415,reviewed,
1069,35.635600000000004,2129,2,car,0.2995780408382416,400.3653564453125,511.0570068359375,439.4660034179688,535.6824951171875,0.2187060862779617,0.484601616859436,0.0203649196773767,0.0228013787418603,reviewed,
1069,35.635600000000004,2126,2,car,0.6127763390541077,64.4383544921875,513.04541015625,154.16693115234375,564.8038940429688,0.0569284595549106,0.4990043342113495,0.0467336326837539,0.0479245223104953,reviewed,
1069,35.635600000000004,2483,2,car,0.2874110341072082,1654.8736572265625,455.4906005859375,1820.8212890625,502.1440734863281,0.9051288366317748,0.4433493614196777,0.0864310562610626,0.0431976616382598,reviewed,
1069,35.635600000000004,2366,2,car,0.1875120252370834,280.3029479980469,516.057373046875,357.7956237792969,551.9952392578125,0.1661715060472488,0.4944688081741333,0.0403607673943042,0.0332758016884326,reviewed,
1069,35.635600000000004,2036,2,car,0.5858142375946045,440.5270080566406,506.7102966308594,511.7451171875,533.6893310546875,0.2479875236749649,0.4816665053367615,0.0370927639305591,0.0249805878847837,reviewed,
1069,35.635600000000004,2494,2,car,0.1922406256198883,360.9595031738281,514.341064453125,425.7317504882813,543.32080078125,0.2048675268888473,0.4896582663059234,0.0337355472147464,0.0268330890685319,reviewed,
1069,35.635600000000004,2535,2,car,0.3914945125579834,603.3722534179688,500.1731262207031,656.2434692382812,522.201904296875,0.3280249238014221,0.4733217656612396,0.027537090703845,0.0203970167785882,reviewed,
1069,35.635600000000004,2537,2,car,0.6473391652107239,669.2296142578125,496.2126159667969,728.419677734375,519.7030029296875,0.3639711737632751,0.4703313112258911,0.0308281574398279,0.021750358864665,reviewed,
1069,35.635600000000004,2092,2,car,0.2639842629432678,294.8829650878906,515.3333129882812,361.8532104492188,547.1190795898438,0.1710250526666641,0.4918760955333709,0.0348803363740444,0.029431264847517,reviewed,
1069,35.635600000000004,2459,2,car,0.2039362639188766,321.4554748535156,515.8111572265625,363.8446350097656,543.965087890625,0.1784635633230209,0.4906371533870697,0.0220776870846748,0.0260684546083211,reviewed,
1069,35.635600000000004,2556,7,truck,0.3353187441825866,64.53981018066406,513.0614013671875,154.51797485351562,563.735107421875,0.0570462979376316,0.4985168874263763,0.0468636266887187,0.0469200983643531,reviewed,
1069,35.635600000000004,2318,2,car,0.3179562985897064,720.0017700195312,493.6173400878906,756.92529296875,514.4840698242188,0.3846164047718048,0.4667136371135711,0.0192310009151697,0.0193210467696189,reviewed,
1070,35.66896666666667,749,2,car,0.9440073370933532,776.3448486328125,429.706787109375,1246.4105224609375,763.1704711914062,0.5267592072486877,0.5522579550743103,0.2448258697986602,0.3087626695632934,reviewed,
1070,35.66896666666667,1292,2,car,0.8530204892158508,1290.909912109375,465.589599609375,1424.136962890625,519.0570068359375,0.707043468952179,0.4558549225330353,0.0693890899419784,0.0495068579912185,reviewed,
1070,35.66896666666667,2129,2,car,0.3234573006629944,401.0256042480469,511.4688415527344,439.8250732421875,535.7418823242188,0.2189715355634689,0.4848197698593139,0.0202080570161342,0.0224750377237796,reviewed,
1070,35.66896666666667,2126,2,car,0.6121007204055786,64.56981658935547,512.5269775390625,154.6849365234375,564.7347412109375,0.0570975951850414,0.4987322688102722,0.0469349585473537,0.0483405217528343,reviewed,
1070,35.66896666666667,2483,2,car,0.5423735976219177,1667.2447509765625,455.22662353515625,1830.9310302734373,502.0903625488281,0.9109832644462584,0.4432023167610168,0.0852532684803009,0.0433923527598381,reviewed,
1070,35.66896666666667,2366,2,car,0.1998297572135925,276.6978454589844,515.8170166015625,358.6665954589844,551.907958984375,0.1654594838619232,0.4943171143531799,0.042692057788372,0.0334175378084182,reviewed,
1070,35.66896666666667,2036,2,car,0.5669897794723511,440.4598083496094,506.4446411132813,512.5340576171875,533.606689453125,0.2481754869222641,0.4815052151679992,0.0375386700034141,0.0251500438898801,reviewed,
1070,35.66896666666667,2494,2,car,0.223944216966629,361.1027526855469,515.1111450195312,423.567626953125,543.3212890625,0.204341247677803,0.4900150001049042,0.0325337871909141,0.0261205043643713,reviewed,
1070,35.66896666666667,2535,2,car,0.4896174073219299,602.3895263671875,499.8536376953125,655.9141845703125,522.4953002929688,0.3276832699775696,0.4733096957206726,0.0278774257749319,0.020964503288269,reviewed,
1070,35.66896666666667,2537,2,car,0.6193203926086426,673.04638671875,496.5774841308594,734.19677734375,519.7610473632812,0.3664695620536804,0.4705270826816559,0.0318491607904434,0.0214662626385688,reviewed,
1070,35.66896666666667,2092,2,car,0.2756500244140625,295.4967041015625,515.2803955078125,362.2588195800781,547.6237182617188,0.1712904870510101,0.4920852184295654,0.0347719341516494,0.0299475211650133,reviewed,
1070,35.66896666666667,2459,2,car,0.2102312296628952,320.7188720703125,515.4334106445312,364.57415771484375,544.12109375,0.1784617304801941,0.4905344545841217,0.0228412952274084,0.0265626702457666,reviewed,
1070,35.66896666666667,2556,7,truck,0.3023327589035034,64.65039825439453,512.6798706054688,154.7530517578125,563.796875,0.0571363121271133,0.498368889093399,0.0469284653663635,0.0473305583000183,reviewed,
1070,35.66896666666667,2318,2,car,0.1962464153766632,718.5032958984375,492.9971618652344,753.4088745117188,513.918212890625,0.3833104372024536,0.4661645293235779,0.0181799884885549,0.0193713437765836,reviewed,
1071,35.702333333333335,749,2,car,0.9441470503807068,776.2132568359375,429.945068359375,1246.356201171875,762.7830810546875,0.5267108082771301,0.5521889328956604,0.2448661178350448,0.308183342218399,reviewed,
1071,35.702333333333335,1292,2,car,0.8456091284751892,1288.8367919921875,465.67327880859375,1424.0955810546875,519.029541015625,0.7064927816390991,0.4558809399604797,0.0704472884535789,0.0494039468467235,reviewed,
1071,35.702333333333335,2129,2,car,0.3211896419525146,401.1778259277344,511.6331176757813,439.7844543457031,535.745361328125,0.2190005928277969,0.4848974049091339,0.0201076194643974,0.0223261509090662,reviewed,
1071,35.702333333333335,2126,2,car,0.6234330534934998,64.44657897949219,512.3218994140625,154.83238220214844,564.7577514648438,0.0571038946509361,0.4986479580402374,0.0470759384334087,0.0485517159104347,reviewed,
1071,35.702333333333335,2483,2,car,0.6908630728721619,1672.03662109375,455.1763916015625,1844.0638427734373,501.5216369628906,0.9156512022018432,0.4429157376289367,0.0895975083112716,0.0429122634232044,reviewed,
1071,35.702333333333335,2366,2,car,0.1926930099725723,276.4052429199219,515.8668212890625,358.4543151855469,551.9248657226562,0.1653280109167099,0.4943480193614959,0.0427338927984237,0.033387079834938,reviewed,
1071,35.702333333333335,2036,2,car,0.5708325505256653,440.3931274414063,506.3939514160156,512.7998046875,533.5892333984375,0.2482273280620575,0.4814736843109131,0.0377118103206157,0.0251808166503906,reviewed,
1071,35.702333333333335,2494,2,car,0.2191745787858963,361.0838623046875,515.4893188476562,422.4884338378906,543.3585815429688,0.2040552794933319,0.4902073740959167,0.0319815464317798,0.0258048735558986,reviewed,
1071,35.702333333333335,2535,2,car,0.4806524515151977,602.7510375976562,499.8013000488281,655.6683349609375,522.7615356445312,0.3277134001255035,0.4734087288379669,0.027561092749238,0.0212594773620367,reviewed,
1071,35.702333333333335,2537,2,car,0.5677266716957092,677.1544799804688,496.48095703125,739.1106567382812,519.4841918945312,0.3688190579414367,0.4703542292118072,0.0322688408195972,0.0212992914021015,reviewed,
1071,35.702333333333335,2092,2,car,0.2656197547912597,295.8672790527344,515.352294921875,362.1252136230469,547.9475708007812,0.171352207660675,0.4922684133052826,0.0345093421638011,0.030180811882019,reviewed,
1071,35.702333333333335,2459,2,car,0.218932643532753,322.01007080078125,515.4378051757812,364.84466552734375,544.2427368164062,0.1788684278726577,0.4905928373336792,0.022309685125947,0.0266712326556444,reviewed,
1071,35.702333333333335,2318,2,car,0.1061270609498024,706.5800170898438,492.8748779296875,750.0250854492188,514.5792846679688,0.3793242573738098,0.4664139747619629,0.0226276405155658,0.0200966726988554,reviewed,
1072,35.7357,749,2,car,0.9436500072479248,776.0202026367188,429.5385437011719,1245.630126953125,763.6744995117188,0.5264714360237122,0.5524134039878845,0.2445885092020034,0.3093851506710052,reviewed,
1072,35.7357,1292,2,car,0.8473014235496521,1287.2593994140625,465.8108825683594,1423.718017578125,518.8659057617188,0.7059837579727173,0.4558688700199127,0.0710721984505653,0.0491250231862068,reviewed,
1072,35.7357,2129,2,car,0.3163756430149078,400.9122009277344,511.5393981933594,439.1012573242188,535.6834106445312,0.2187535017728805,0.4848253726959228,0.0198901332914829,0.022355567663908,reviewed,
1072,35.7357,2126,2,car,0.6775052547454834,64.52897644042969,513.4208374023438,152.9627227783203,565.3065185546875,0.0566384643316268,0.4994107782840729,0.0460592433810234,0.0480422973632812,reviewed,
1072,35.7357,2483,2,car,0.6697348952293396,1678.4735107421875,454.7400207519531,1851.673095703125,500.9773254394531,0.9193089604377748,0.4424617290496826,0.0902081206440925,0.0428123176097869,reviewed,
1072,35.7357,2366,2,car,0.2427946031093597,280.619384765625,517.0145263671875,355.70086669921875,552.8411865234375,0.1657083928585052,0.4953035712242126,0.03910493850708,0.0331728346645832,reviewed,
1072,35.7357,2036,2,car,0.5607213377952576,440.250732421875,507.4636535644531,511.3013610839844,534.7376098632812,0.2478000372648239,0.4825006127357483,0.0370055362582206,0.0252536628395319,reviewed,
1072,35.7357,2494,2,car,0.1609813123941421,360.9189147949219,516.7063598632812,422.2188415527344,543.9022216796875,0.2039421200752258,0.491022527217865,0.0319270454347133,0.0251813530921936,reviewed,
1072,35.7357,2535,2,car,0.4871032238006592,602.3294677734375,500.0538024902344,655.637451171875,522.8744506835938,0.3275955617427826,0.4735778868198395,0.0277645755559206,0.0211302302777767,reviewed,
1072,35.7357,2537,2,car,0.6455612778663635,680.0698852539062,494.9582214355469,746.4301147460938,519.5255126953125,0.3714843690395355,0.4696684181690216,0.0345626212656497,0.0227474924176931,reviewed,
1072,35.7357,2092,2,car,0.3066770732402801,294.51763916015625,515.8965454101562,361.432373046875,547.2498779296875,0.1708203107118606,0.4921974539756775,0.034851424396038,0.0290308631956577,reviewed,
1072,35.7357,2459,2,car,0.2513299584388733,323.68487548828125,516.091552734375,363.57470703125,544.525146484375,0.1789738535881042,0.4910262525081634,0.0207759533077478,0.0263274013996124,reviewed,
1073,35.76906666666667,749,2,car,0.944110631942749,775.01806640625,429.4895629882813,1244.6138916015625,764.1309814453125,0.5259458422660828,0.5526021122932434,0.2445811629295349,0.3098531663417816,reviewed,
1073,35.76906666666667,1292,2,car,0.8391925096511841,1279.7071533203125,465.6353149414063,1422.0048828125,518.6466674804688,0.7035707831382751,0.455686092376709,0.0741133987903595,0.049084585160017,reviewed,
1073,35.76906666666667,2129,2,car,0.2984745800495147,399.1669616699219,512.1175537109375,437.6793823242188,535.9948120117188,0.2179287225008011,0.485237181186676,0.0200585518032312,0.0221085716038942,reviewed,
1073,35.76906666666667,2126,2,car,0.6392064094543457,62.45852279663086,514.681396484375,151.21983337402344,566.026611328125,0.0556454062461853,0.5003277659416199,0.0462298467755317,0.0475418642163276,reviewed,
1073,35.76906666666667,2483,2,car,0.6480346918106079,1685.6571044921875,452.6512145996094,1854.531982421875,500.046875,0.9219242334365844,0.4410639405250549,0.0879556685686111,0.0438848696649074,reviewed,
1073,35.76906666666667,2366,2,car,0.1467968821525573,240.71939086914065,515.8507690429688,355.8115234375,554.418212890625,0.1553465873003006,0.495494931936264,0.0599438175559043,0.0357105955481529,reviewed,
1073,35.76906666666667,2036,2,car,0.5071582794189453,440.1105346679688,507.6401672363281,509.5814208984375,535.1900024414062,0.2473156154155731,0.4827917516231537,0.0361827537417411,0.0255091059952974,reviewed,
1073,35.76906666666667,2494,2,car,0.2272632867097854,360.0257263183594,517.3803100585938,418.4312133789063,544.2489624023438,0.2027231603860855,0.4914950430393219,0.0304195247590541,0.0248783826828002,reviewed,
1073,35.76906666666667,2535,2,car,0.4795469939708709,601.3824462890625,500.1880493164063,654.4324951171875,523.0106811523438,0.327035129070282,0.4737031161785126,0.0276302341371774,0.0211320668458938,reviewed,
1073,35.76906666666667,2537,2,car,0.6582568287849426,682.5149536132812,494.4081726074219,750.4890747070312,519.683837890625,0.3731781244277954,0.4694870412349701,0.0354031883180141,0.0234033931046724,reviewed,
1073,35.76906666666667,2092,2,car,0.1849715858697891,292.49761962890625,516.3368530273438,360.59674072265625,549.511962890625,0.1700766533613205,0.4934485554695129,0.03546829149127,0.0307176951318979,reviewed,
1073,35.76906666666667,2459,2,car,0.4193532466888428,312.9872741699219,516.1356201171875,361.7332153320313,544.8416748046875,0.175708457827568,0.4911932051181793,0.0253885108977556,0.0265796799212694,reviewed,
1074,35.80243333333333,749,2,car,0.9438928365707396,773.0167236328125,430.5457763671875,1243.0247802734375,763.8978271484375,0.5250108242034912,0.5529831647872925,0.2447958588600158,0.3086593151092529,reviewed,
1074,35.80243333333333,1292,2,car,0.8256235122680664,1274.3704833984375,465.0812072753906,1419.8994140625,518.21142578125,0.7016327977180481,0.4552280604839325,0.0757963210344314,0.0491946451365947,reviewed,
1074,35.80243333333333,2129,2,car,0.367188960313797,396.5660400390625,512.263671875,439.5113830566406,537.1038208007812,0.2177284806966781,0.4858182668685913,0.0223673656582832,0.0230001378804445,reviewed,
1074,35.80243333333333,2126,2,car,0.4869442880153656,62.39214706420898,514.5702514648438,148.6065216064453,566.1253662109375,0.0549475699663162,0.5003220438957214,0.0449033193290233,0.0477362163364887,reviewed,
1074,35.80243333333333,2483,2,car,0.7235240936279297,1692.5172119140625,450.5788879394531,1852.3614501953125,499.7812194824219,0.9231454730033876,0.4399815201759338,0.0832522064447403,0.045557714998722,reviewed,
1074,35.80243333333333,2036,2,car,0.519457995891571,441.40771484375,507.8241271972656,508.6824645996094,535.9058227539062,0.2474193274974823,0.4832083284854889,0.0350389331579208,0.0260015707463026,reviewed,
1074,35.80243333333333,2494,2,car,0.3302034735679626,358.113037109375,517.4893798828125,411.43450927734375,544.8075561523438,0.2004030048847198,0.4918041229248047,0.0277715995907783,0.0252946075052022,reviewed,
1074,35.80243333333333,2535,2,car,0.4259724915027618,601.2615356445312,500.4936218261719,653.0942993164062,524.1946411132812,0.3266551792621612,0.4743927121162414,0.0269962307065725,0.0219453889876604,reviewed,
1074,35.80243333333333,2537,2,car,0.658933162689209,683.1690063476562,494.1189575195313,751.5205078125,519.6156005859375,0.3736170530319214,0.4693215489387512,0.0355997420847415,0.0236080028116703,reviewed,
1074,35.80243333333333,2092,2,car,0.3739470243453979,285.2743225097656,517.1980590820312,357.8898620605469,550.737060546875,0.1674906760454177,0.4944143891334533,0.0378205925226211,0.0310546308755874,reviewed,
1074,35.80243333333333,2459,2,car,0.2251965701580047,300.8230285644531,516.6893310546875,358.7038269042969,545.72998046875,0.171751782298088,0.4918608069419861,0.0301462486386299,0.0268894899636507,reviewed,
1075,35.8358,749,2,car,0.9447394609451294,772.0380859375,431.6190490722656,1241.9134521484375,763.5473022460938,0.5244665741920471,0.5533177852630615,0.2447267472743988,0.3073409795761108,reviewed,
1075,35.8358,1292,2,car,0.8201051354408264,1267.9549560546875,464.6714782714844,1417.7935791015625,518.1863403320312,0.6994136571884155,0.4550267457962036,0.0780409500002861,0.0495507977902889,reviewed,
1075,35.8358,2129,2,car,0.3411800265312195,394.5908203125,511.6656494140625,440.7999877929688,538.0371704101562,0.2175496965646743,0.4859735667705536,0.0240672752261161,0.0244180746376514,reviewed,
1075,35.8358,2126,2,car,0.4902994632720947,61.54142379760742,514.3417358398438,147.6880340576172,565.6893920898438,0.0544868372380733,0.5000144243240356,0.0448680259287357,0.0475441254675388,reviewed,
1075,35.8358,2483,2,car,0.6709572672843933,1700.608642578125,449.8842468261719,1850.3067626953125,499.0677490234375,0.9247176051139832,0.4393296539783478,0.0779677703976631,0.0455402806401252,reviewed,
1075,35.8358,2036,2,car,0.420323759317398,438.589599609375,507.8877868652344,508.3375854492188,536.1802368164062,0.2465956211090088,0.4833648204803467,0.0363270752131938,0.0261967126280069,reviewed,
1075,35.8358,2494,2,car,0.3359124660491943,354.44775390625,518.4270629882812,401.5308532714844,545.042236328125,0.1968694329261779,0.4923468828201294,0.0245224479585886,0.0246436782181262,reviewed,
1075,35.8358,2535,2,car,0.5822069048881531,598.6728515625,500.74017333984375,651.28369140625,524.416748046875,0.3255095183849334,0.4746097028255462,0.0274014789611101,0.0219227541238069,reviewed,
1075,35.8358,2537,2,car,0.5703731775283813,681.5930786132812,494.12152099609375,753.7396240234375,519.6500244140625,0.3737845718860626,0.4693386852741241,0.037576325237751,0.0236375033855438,reviewed,
1075,35.8358,2092,2,car,0.2097302228212356,284.0714416503906,517.1954345703125,356.9449157714844,549.857177734375,0.1669313460588455,0.4940058290958404,0.0379549339413642,0.0302423555403947,reviewed,
1075,35.8358,2459,2,car,0.4186711311340332,301.05230712890625,516.7754516601562,357.0572509765625,546.1793212890625,0.1713826954364776,0.4921087324619293,0.0291692409664392,0.0272258054465055,reviewed,
1075,35.8358,2567,2,car,0.3287492990493774,438.20318603515625,508.958740234375,489.8677673339844,536.6665649414062,0.2416851371526718,0.4840857684612274,0.0269086360931396,0.0256553925573825,reviewed,
1076,35.869166666666665,749,2,car,0.9498436450958252,771.5266723632812,432.141845703125,1241.1986083984375,763.5782470703125,0.5241472125053406,0.5535741448402405,0.2446208000183105,0.3068855702877044,reviewed,
1076,35.869166666666665,1292,2,car,0.8466057777404785,1276.7967529296875,464.5574645996094,1415.930908203125,518.39111328125,0.7012311220169067,0.4550687968730926,0.0724657028913497,0.0498459711670875,reviewed,
1076,35.869166666666665,2129,2,car,0.3071469068527221,393.9653625488281,511.2428588867188,436.2741394042969,538.3058471679688,0.216208204627037,0.485902190208435,0.0220358204096555,0.0250583216547966,reviewed,
1076,35.869166666666665,2126,2,car,0.559739887714386,57.69431686401367,515.0372314453125,146.943359375,566.1494750976562,0.0532910637557506,0.5005494356155396,0.0464838743209838,0.0473261512815952,reviewed,
1076,35.869166666666665,2483,2,car,0.6727219820022583,1696.2835693359375,449.9921569824219,1848.619384765625,499.0640563964844,0.9231517910957336,0.439377874135971,0.0793415680527687,0.0454369448125362,reviewed,
1076,35.869166666666665,2036,2,car,0.4396028518676758,436.1837158203125,507.71722412109375,507.7161560058594,536.8724975585938,0.245807260274887,0.4836063385009765,0.0372564792633056,0.0269956234842538,reviewed,
1076,35.869166666666665,2494,2,car,0.3670480251312256,352.6703491210937,518.58544921875,397.7081909179688,544.7709350585938,0.1954110711812973,0.4922946393489837,0.023457208648324,0.0242458209395408,reviewed,
1076,35.869166666666665,2535,2,car,0.5839781165122986,597.512939453125,501.4183044433594,650.4359741210938,524.0590209960938,0.3249867260456085,0.4747579991817474,0.0275640804320573,0.0209636259824037,reviewed,
1076,35.869166666666665,2537,2,car,0.5831013321876526,687.2047729492188,493.9767456054688,748.9158325195312,519.1292114257812,0.3739897310733795,0.4690305292606354,0.0321411751210689,0.0232893209904432,reviewed,
1076,35.869166666666665,2092,2,car,0.1765607893466949,282.5012512207031,517.2733154296875,356.9017333984375,550.2560424804688,0.1665111929178238,0.4942265152931213,0.0387502498924732,0.0305395629256963,reviewed,
1076,35.869166666666665,2459,2,car,0.3627162873744964,301.3073425292969,516.9420166015625,356.5553894042969,546.6112060546875,0.1713184267282486,0.4923857450485229,0.0287750251591205,0.0274714715778827,reviewed,
1077,35.90253333333333,749,2,car,0.948126494884491,771.5712890625,431.9820861816406,1241.0721435546875,763.4237060546875,0.524125874042511,0.553428590297699,0.2445316910743713,0.3068903982639313,reviewed,
1077,35.90253333333333,1292,2,car,0.8479350805282593,1281.26904296875,464.5360107421875,1415.2479248046875,518.5931396484375,0.7022179961204529,0.4551523923873901,0.0697806701064109,0.0500528961420059,reviewed,
1077,35.90253333333333,2129,2,car,0.2710504233837127,394.8992309570313,511.3350830078125,434.2800598144531,538.296142578125,0.2159321159124374,0.4859403967857361,0.0205108486115932,0.0249639432877302,reviewed,
1077,35.90253333333333,2126,2,car,0.5746162533760071,55.82819366455078,515.4423828125,146.4088134765625,566.2634887695312,0.0526658855378627,0.5007897019386292,0.0471774078905582,0.0470565780997276,reviewed,
1077,35.90253333333333,2483,2,car,0.3970670700073242,1731.4041748046875,450.87017822265625,1848.7264404296875,498.5874328613281,0.9323256611824036,0.4395637214183807,0.0611053481698036,0.0441826432943344,reviewed,
1077,35.90253333333333,2036,2,car,0.3953878879547119,435.876953125,507.5018615722656,507.0925598144531,537.023193359375,0.2455649673938751,0.4835763871669769,0.0370914600789547,0.0273345671594142,reviewed,
1077,35.90253333333333,2494,2,car,0.3492686748504638,352.2055969238281,518.5562744140625,396.5110473632813,544.7088012695312,0.1949782967567443,0.492252379655838,0.0230757556855678,0.0242153033614158,reviewed,
1077,35.90253333333333,2535,2,car,0.5674341320991516,597.480224609375,501.6634521484375,650.2782592773438,523.9789428710938,0.3249371349811554,0.4748344123363495,0.0274989772588014,0.0206624921411275,reviewed,
1077,35.90253333333333,2537,2,car,0.5552936792373657,692.7098999023438,494.7369689941406,742.3430786132812,518.9876098632812,0.3737117052078247,0.4693169593811035,0.0258506145328283,0.0224542971700429,reviewed,
1077,35.90253333333333,2092,2,car,0.221440777182579,278.1767578125,517.2503662109375,356.7514953613281,552.8916625976562,0.1653458923101425,0.4954361617565155,0.0409243442118167,0.0330011993646621,reviewed,
1077,35.90253333333333,2459,2,car,0.3548453748226166,300.85955810546875,516.974365234375,356.6000366210937,546.6792602539062,0.1712134331464767,0.4924322068691253,0.0290314983576536,0.0275045316666364,reviewed,
1077,35.90253333333333,2570,7,truck,0.3527555167675018,54.63538360595703,514.978271484375,146.6204071044922,565.58984375,0.0524103641510009,0.5002630352973938,0.0479088649153709,0.046862568706274,reviewed,
1077,35.90253333333333,2571,2,car,0.5031830668449402,1242.3660888671875,464.9693908691406,1319.61083984375,498.37396240234375,0.6671815514564514,0.4459923207759857,0.0402316413819789,0.0309301596134901,reviewed,
1077,35.90253333333333,2318,2,car,0.4004390835762024,675.3085327148438,494.6357116699219,737.6732177734375,518.8861694335938,0.367963969707489,0.4692230820655823,0.0324816070497036,0.0224541276693344,reviewed,
1078,35.935900000000004,749,2,car,0.9474726319313048,772.0278930664062,431.9311828613281,1241.31591796875,763.3737182617188,0.5243082642555237,0.5533819198608398,0.2444208413362503,0.3068912327289581,reviewed,
1078,35.935900000000004,1292,2,car,0.8481082320213318,1283.4427490234375,464.6949157714844,1415.4212646484375,518.7335205078125,0.7028291821479797,0.4552909433841705,0.0687388107180595,0.0500357449054718,reviewed,
1078,35.935900000000004,2129,2,car,0.3268295228481293,394.9887390136719,511.5266418457031,433.6285705566406,538.2268676757812,0.2157857567071914,0.4859970211982727,0.0201249122619628,0.0247224308550357,reviewed,
1078,35.935900000000004,2126,2,car,0.589601457118988,55.95272445678711,515.53564453125,146.65199279785156,566.1796264648438,0.052761647850275,0.5007941126823425,0.0472391992807388,0.0468925759196281,reviewed,
1078,35.935900000000004,2483,2,car,0.1410380452871322,1749.138427734375,452.1604309082031,1847.479736328125,497.6036987304688,0.9366193413734436,0.4397056400775909,0.0512194298207759,0.0420770980417728,reviewed,
1078,35.935900000000004,2036,2,car,0.429298996925354,435.4293518066406,507.4034118652344,507.0437622070313,537.33447265625,0.2454357147216797,0.4836749732494354,0.037299171090126,0.0277139451354742,reviewed,
1078,35.935900000000004,2494,2,car,0.3471176922321319,352.1803283691406,518.4761352539062,396.64056396484375,544.5421142578125,0.1950054466724395,0.4921381175518036,0.0231563728302717,0.0241351649165153,reviewed,
1078,35.935900000000004,2535,2,car,0.5607762932777405,597.9485473632812,501.67681884765625,650.4400634765625,523.7432250976562,0.325101226568222,0.4747315049171448,0.027339331805706,0.0204318575561046,reviewed,
1078,35.935900000000004,2537,2,car,0.4170838892459869,694.7622680664062,494.645751953125,752.1339111328125,518.9096069335938,0.3767958879470825,0.4692385792732239,0.0298810638487339,0.0224665328860282,reviewed,
1078,35.935900000000004,2092,2,car,0.2535228133201599,276.58624267578125,517.2911376953125,357.2682800292969,553.931884765625,0.1650662720203399,0.4959365725517273,0.0420218929648399,0.0339266173541545,reviewed,
1078,35.935900000000004,2459,2,car,0.3683848679065704,300.9570617675781,516.9521484375,357.0808410644531,547.1300048828125,0.1713640391826629,0.4926306307315826,0.029231134802103,0.0279424600303173,reviewed,
1078,35.935900000000004,2570,7,truck,0.3609066307544708,55.29165649414063,514.922119140625,146.9810333251953,565.5252075195312,0.0526751801371574,0.5002070665359497,0.0477548837661743,0.0468547120690345,reviewed,
1078,35.935900000000004,2571,2,car,0.5955483913421631,1238.3013916015625,465.1559448242188,1324.7913818359375,498.919677734375,0.6674720644950867,0.4463312923908233,0.0450468696653842,0.0312627144157886,reviewed,
1078,35.935900000000004,2574,7,truck,0.3433071374893188,1675.587890625,450.7406005859375,1845.407958984375,498.1307373046875,0.9169260263442992,0.4392922818660736,0.0884479507803917,0.0438797548413276,reviewed,
1078,35.935900000000004,2318,2,car,0.5772852301597595,671.6048583984375,494.6354675292969,739.826416015625,519.058837890625,0.3675602376461029,0.4693029224872589,0.0355320610105991,0.0226142313331365,reviewed,
1079,35.96926666666667,749,2,car,0.9448755383491516,772.658447265625,432.2200012207031,1242.14453125,763.472900390625,0.5246883034706116,0.5535615086555481,0.2445240020751953,0.3067156374454498,reviewed,
1079,35.96926666666667,1292,2,car,0.8317159414291382,1284.8663330078125,464.7906494140625,1417.0875244140625,518.9891967773438,0.7036338448524475,0.4554536342620849,0.0688652023673057,0.0501838400959968,reviewed,
1079,35.96926666666667,2129,2,car,0.3415853083133697,395.1418151855469,512.2117919921875,434.3617858886719,538.1934204101562,0.2160165607929229,0.4862987399101257,0.0204270686954259,0.024057064205408,reviewed,
1079,35.96926666666667,2126,7,truck,0.3937059640884399,56.560646057128906,514.3474731445312,147.8480987548828,565.0634765625,0.053231444209814,0.4997272491455078,0.0475455485284328,0.0469592623412609,reviewed,
1079,35.96926666666667,2483,2,car,0.219270572066307,1752.8665771484375,452.3429565429688,1847.2801513671875,497.5096435546875,0.937538206577301,0.4397465884685516,0.0491737350821495,0.0418210066854953,reviewed,
1079,35.96926666666667,2036,2,car,0.4175212383270263,436.8190612792969,507.2261657714844,508.64105224609375,537.2257080078125,0.2462135702371597,0.4835425615310669,0.037407286465168,0.0277773533016443,reviewed,
1079,35.96926666666667,2494,2,car,0.3254749178886413,352.970947265625,517.32861328125,399.92626953125,544.643310546875,0.1960669904947281,0.4916536808013916,0.0244558975100517,0.0252913869917392,reviewed,
1079,35.96926666666667,2535,2,car,0.5885210633277893,598.7269287109375,501.2163696289063,650.8790283203125,523.6396484375,0.3254182040691376,0.4744703471660614,0.0271625518798828,0.0207622945308685,reviewed,
1079,35.96926666666667,2537,2,car,0.506508469581604,698.3143920898438,495.2900695800781,753.6456298828125,518.4710693359375,0.3781145811080932,0.4693338572978973,0.0288183521479368,0.0214638877660036,reviewed,
1079,35.96926666666667,2092,2,car,0.1989306658506393,280.1846618652344,517.0736083984375,358.2168884277344,551.6229248046875,0.1662504076957702,0.4947669208049774,0.0406417846679687,0.0319901071488857,reviewed,
1079,35.96926666666667,2459,2,car,0.3732795119285583,302.1934509277344,516.7536010742188,357.8063659667969,546.7484130859375,0.1718749552965164,0.4923620223999023,0.0289650596678257,0.0277729742228984,reviewed,
1079,35.96926666666667,2570,2,car,0.4525652229785919,57.46978759765625,514.2810668945312,147.92942810058594,565.1558837890625,0.0534893795847892,0.4997393488883972,0.0471143946051597,0.0471063107252121,reviewed,
1079,35.96926666666667,2571,2,car,0.5934553742408752,1234.28759765625,465.3125915527344,1329.384033203125,499.4828186035156,0.6676228046417236,0.4466645419597626,0.0495293922722339,0.0316390991210937,reviewed,
1079,35.96926666666667,2574,2,car,0.3286005556583404,1667.9156494140625,451.4837341308594,1845.4334716796875,497.60443115234375,0.9149346947669984,0.4393926560878753,0.0924571976065635,0.0427043475210666,reviewed,
1079,35.96926666666667,2318,2,car,0.3084224760532379,667.999755859375,494.2640686035156,745.4692993164062,518.8110961914062,0.3680908977985382,0.469016283750534,0.040348719805479,0.0227287299931049,reviewed,
1080,36.002633333333335,749,2,car,0.943978488445282,773.0094604492188,431.8509521484375,1243.094970703125,764.4456176757812,0.5250272154808044,0.5538410544395447,0.2448361963033676,0.307958036661148,reviewed,
1080,36.002633333333335,1292,2,car,0.8509194254875183,1285.8056640625,465.0169372558594,1418.3172607421875,519.1854858398438,0.7041987180709839,0.4556492567062378,0.0690164566040039,0.0501560643315315,reviewed,
1080,36.002633333333335,2129,2,car,0.2862756252288818,395.0534362792969,512.6807861328125,440.5247802734375,538.52587890625,0.2175984978675842,0.4866697490215301,0.0236829910427331,0.0239306408911943,reviewed,
1080,36.002633333333335,2126,7,truck,0.365412026643753,58.515228271484375,513.9323120117188,148.62672424316406,564.5950317382812,0.0539432168006897,0.4993182122707367,0.0469330698251724,0.046909924596548,reviewed,
1080,36.002633333333335,2036,2,car,0.345695436000824,438.2227783203125,507.4560241699219,508.5428466796875,536.6679077148438,0.2465535551309585,0.4833906888961792,0.0366250351071357,0.0270480401813983,reviewed,
1080,36.002633333333335,2494,2,car,0.3171329200267792,353.5804748535156,517.0079345703125,402.6450500488281,544.6526489257812,0.1969337314367294,0.4915095567703247,0.0255544669926166,0.0255969576537609,reviewed,
1080,36.002633333333335,2535,2,car,0.5687047243118286,598.7791748046875,501.1007690429688,651.344482421875,523.822021484375,0.3255530297756195,0.4745013117790222,0.0273777637630701,0.0210381969809532,reviewed,
1080,36.002633333333335,2537,2,car,0.4596692025661468,705.0574951171875,495.22503662109375,751.3485107421875,518.2085571289062,0.3792724013328552,0.4691822230815887,0.0241099037230014,0.021281037479639,reviewed,
1080,36.002633333333335,2092,2,car,0.2089907974004745,283.2131042480469,517.0215454101562,358.5587158203125,550.2344970703125,0.1671280860900879,0.4941000342369079,0.0392425060272216,0.0307527333498001,reviewed,
1080,36.002633333333335,2459,2,car,0.3966701030731201,302.9443054199219,516.6951293945312,358.1259155273437,546.25634765625,0.1721536964178085,0.4921071231365204,0.0287404228001832,0.027371497824788,reviewed,
1080,36.002633333333335,2570,2,car,0.4167245328426361,60.62914657592773,514.0603637695312,148.59130859375,565.0125732421875,0.0544844940304756,0.4995708465576172,0.0458136238157749,0.0471779704093933,reviewed,
1080,36.002633333333335,2571,2,car,0.6243224143981934,1228.2821044921875,465.5646667480469,1326.5404052734375,500.0601196289063,0.6653183698654175,0.4470484852790832,0.0511761978268623,0.0319402329623699,reviewed,
1080,36.002633333333335,2574,2,car,0.2917667329311371,1663.22705078125,451.2052612304688,1844.43212890625,496.9863586425781,0.913452923297882,0.4389776289463043,0.0943776443600654,0.042389903217554,reviewed,
1080,36.002633333333335,2318,2,car,0.1203047260642051,679.8384399414062,494.7587585449219,746.14892578125,518.6218872070312,0.3713508546352386,0.4691576957702636,0.0345367118716239,0.0220954902470111,reviewed,
1080,36.002633333333335,2524,2,car,0.3099689781665802,665.72314453125,494.781005859375,715.4396362304688,518.3509521484375,0.3596778213977813,0.46904256939888,0.0258940067142248,0.0218240246176719,reviewed,
1080,36.002633333333335,2567,2,car,0.3127554655075073,437.78662109375,509.2048950195313,486.0205993652344,536.9605712890625,0.2405748069286346,0.4843358993530273,0.0251218639314174,0.0256997011601924,reviewed,
1081,36.036,749,2,car,0.9444513320922852,773.2899780273438,432.1710815429688,1242.6470947265625,763.5481567382812,0.5249835848808289,0.553573727607727,0.2444568276405334,0.3068306148052215,reviewed,
1081,36.036,1292,2,car,0.8729650974273682,1286.1143798828125,465.0850830078125,1418.7100830078125,519.3095092773438,0.7043813467025757,0.4557382464408874,0.0690602585673332,0.0502078011631965,reviewed,
1081,36.036,2129,2,car,0.3167478740215301,395.0553894042969,512.7412109375,437.3503723144531,538.2979125976562,0.2167723327875137,0.4865921437740326,0.0220286361873149,0.0236636120826005,reviewed,
1081,36.036,2126,2,car,0.395814299583435,60.4985580444336,513.55712890625,148.8009033203125,564.8145751953125,0.054505068808794,0.4992461502552032,0.0459908060729503,0.0474605970084667,reviewed,
1081,36.036,2036,2,car,0.4245426952838897,437.9892883300781,507.5369567871094,508.6170349121094,536.3411254882812,0.2465120702981948,0.4832768738269806,0.0367852859199047,0.0266705267131328,reviewed,
1081,36.036,2494,2,car,0.265482485294342,354.2121887207031,516.2501220703125,408.2709655761719,544.446533203125,0.1985633224248886,0.4910632669925689,0.0281556136906147,0.0261077880859375,reviewed,
1081,36.036,2535,2,car,0.4992635250091553,601.1431274414062,500.9538879394531,651.5982666015625,523.4160766601562,0.326234757900238,0.4742453694343567,0.0262787174433469,0.0207983236759901,reviewed,
1081,36.036,2537,2,car,0.4678664207458496,712.6516723632812,495.0662536621094,754.9180297851562,518.1088256835938,0.3821796178817749,0.4690625369548797,0.0220137275755405,0.0213357154279947,reviewed,
1081,36.036,2092,2,car,0.2371248453855514,283.32745361328125,516.8925170898438,357.7329406738281,549.9534912109375,0.1669428199529647,0.4939101636409759,0.0387528575956821,0.0306120123714208,reviewed,
1081,36.036,2459,2,car,0.3369699716567993,303.3459777832031,516.5189819335938,357.6394348144531,546.2202758789062,0.1721316128969192,0.4920089244842529,0.0282778423279523,0.0275011975318193,reviewed,
1081,36.036,2570,7,truck,0.3569845855236053,63.00835800170898,513.2571411132812,148.8579559326172,564.705322265625,0.0551735199987888,0.4990566670894623,0.0447133295238018,0.0476372055709362,reviewed,
1081,36.036,2571,2,car,0.4830003976821899,1222.4427490234375,465.233154296875,1321.7275390625,499.9541015625,0.6625443696975708,0.4468459486961365,0.0517108291387558,0.0321490243077278,reviewed,
1081,36.036,2574,2,car,0.3626920878887176,1660.89111328125,451.8812561035156,1794.63525390625,497.8325805664063,0.8998766541481018,0.4396823346614837,0.0696584060788154,0.0425475239753723,reviewed,
1081,36.036,2318,2,car,0.1455419212579727,695.8839721679688,495.4696044921875,746.864501953125,518.428955078125,0.3757157623767853,0.469397485256195,0.0265523586422204,0.021258657798171,reviewed,
1081,36.036,2524,2,car,0.2907068431377411,664.180908203125,495.0137023925781,719.975341796875,517.965087890625,0.3604573607444763,0.4689716398715973,0.02905960008502,0.0212512835860252,reviewed,
1081,36.036,2567,2,car,0.1453124582767486,436.8441467285156,508.0386352539063,488.0126953125,537.0853881835938,0.2408481240272522,0.4838537275791168,0.0266502853482961,0.0268951412290334,reviewed,
1081,36.036,2483,2,car,0.6610885262489319,1770.332275390625,451.8768615722656,1848.89111328125,497.7540588378906,0.9425060749053956,0.4396439492702484,0.0409160628914833,0.0424788855016231,reviewed,
1082,36.06936666666667,749,2,car,0.9429186582565308,773.3831176757812,432.30462646484375,1242.4384765625,763.1503295898438,0.5249535441398621,0.5534513592720032,0.2442996650934219,0.3063386082649231,reviewed,
1082,36.06936666666667,1292,2,car,0.8771454095840454,1284.8646240234375,465.048095703125,1418.763671875,519.4036865234375,0.7040699124336243,0.4557647109031677,0.0697390884160995,0.0503292493522167,reviewed,
1082,36.06936666666667,2129,2,car,0.3339631557464599,394.8469848632813,512.5462646484375,436.2402648925781,538.2327270507812,0.2164289802312851,0.4864717721939087,0.0215590000152587,0.0237837620079517,reviewed,
1082,36.06936666666667,2126,7,truck,0.3184582591056824,63.63726806640625,513.7981567382812,148.87301635742188,564.8901977539062,0.0553412213921546,0.4993927478790283,0.0443936176598072,0.0473074465990066,reviewed,
1082,36.06936666666667,2036,2,car,0.4205810129642486,438.7574157714844,507.6079406738281,508.4042053222656,536.2969970703125,0.2466566711664199,0.4832893013954162,0.0362743698060512,0.0265639405697584,reviewed,
1082,36.06936666666667,2494,2,car,0.2681933641433716,354.94732666015625,516.0031127929688,407.9884033203125,544.4420776367188,0.1986811757087707,0.4909468591213226,0.027625560760498,0.0263323746621608,reviewed,
1082,36.06936666666667,2535,2,car,0.4984541237354278,602.5689086914062,500.9212951660156,651.3795776367188,523.2713012695312,0.326549082994461,0.4741632640361786,0.0254222229123115,0.0206944495439529,reviewed,
1082,36.06936666666667,2537,2,car,0.4966602921485901,719.3043212890625,494.2199401855469,759.0308227539062,517.836669921875,0.3849831223487854,0.4685447514057159,0.0206908863037824,0.0218673422932624,reviewed,
1082,36.06936666666667,2092,2,car,0.2333591431379318,282.057861328125,516.9085693359375,357.4462280273437,549.7405395507812,0.1665375232696533,0.4938190579414367,0.0392647758126258,0.0303999725729227,reviewed,
1082,36.06936666666667,2459,2,car,0.3266155421733856,302.9263610839844,516.529541015625,357.4673767089844,546.2039184570312,0.1719775348901748,0.4920062124729156,0.0284067783504724,0.0274762753397226,reviewed,
1082,36.06936666666667,2570,2,car,0.4070415198802948,64.94352722167969,513.000244140625,148.86981201171875,564.9227294921875,0.0556805580854415,0.499038428068161,0.0437116064131259,0.0480763763189315,reviewed,
1082,36.06936666666667,2571,2,car,0.6085865497589111,1215.9876708984375,465.7105712890625,1316.021728515625,499.3948974609375,0.65937739610672,0.4468080997467041,0.0521010719239711,0.031189190223813,reviewed,
1082,36.06936666666667,2574,2,car,0.4643196761608124,1648.303466796875,451.4531555175781,1775.6463623046875,496.7889404296875,0.8916535973548889,0.4390009641647339,0.0663244277238845,0.0419775769114494,reviewed,
1082,36.06936666666667,2524,2,car,0.3186892867088318,662.69287109375,495.1988220214844,722.2892456054688,517.9113159179688,0.3606724441051483,0.4690324664115906,0.0310397781431674,0.0210300870239734,reviewed,
1082,36.06936666666667,2567,2,car,0.3557591438293457,436.6462707519531,508.4712524414063,488.7009582519531,537.0020141601562,0.2409758418798446,0.48401540517807,0.027111817151308,0.0264173727482557,reviewed,
1082,36.06936666666667,2585,2,car,0.3116471767425537,0.3610973954200744,515.8878173828125,34.142337799072266,556.9388427734375,0.0089852698147296,0.4966790080070495,0.0175943952053785,0.0380102097988128,reviewed,
1082,36.06936666666667,2586,2,car,0.3651924431324005,661.5203247070312,493.8636169433594,699.5388793945312,517.6443481445312,0.3544425070285797,0.4682907164096832,0.0198013298213481,0.0220191963016986,reviewed,
1082,36.06936666666667,2483,2,car,0.5538988709449768,1780.5478515625,450.8442993164063,1848.644775390625,497.2467041015625,0.9451022744178772,0.4389310181140899,0.0354671478271484,0.0429651886224746,reviewed,
1083,36.10273333333333,749,2,car,0.9421208500862122,773.8103637695312,432.2886657714844,1242.9102783203125,763.20458984375,0.5251876711845398,0.5534691214561462,0.2443228662014007,0.306403636932373,reviewed,
1083,36.10273333333333,1292,2,car,0.8678362965583801,1285.814208984375,464.9186401367188,1419.3897705078125,519.3941650390625,0.7044802308082581,0.4557003676891327,0.0695706084370613,0.0504403002560138,reviewed,
1083,36.10273333333333,2129,2,car,0.3428948521614074,395.38323974609375,512.3698120117188,435.396240234375,537.501708984375,0.2163488268852234,0.4860516488552093,0.0208401046693325,0.0232702754437923,reviewed,
1083,36.10273333333333,2126,2,car,0.4278558790683746,62.72850799560547,513.3427124023438,149.5424041748047,565.1410522460938,0.0552788823843002,0.4992980360984802,0.0452155694365501,0.0479614250361919,reviewed,
1083,36.10273333333333,2036,2,car,0.4294277429580688,440.1742858886719,507.418212890625,507.8748779296875,535.9456787109375,0.2468878179788589,0.48303884267807,0.0352607257664203,0.0264143198728561,reviewed,
1083,36.10273333333333,2494,2,car,0.3555434346199035,356.3359069824219,516.2820434570312,405.2541809082031,544.3983764648438,0.198330745100975,0.4910557568073272,0.0254782680422067,0.026033641770482,reviewed,
1083,36.10273333333333,2535,2,car,0.4457152187824249,604.2529907226562,501.03466796875,651.501708984375,522.595703125,0.3270194232463836,0.473902940750122,0.0246087070554494,0.0199639219790697,reviewed,
1083,36.10273333333333,2537,2,car,0.51503586769104,725.0501098632812,494.3823547363281,765.8018188476562,517.3339233398438,0.3882426917552948,0.4683871865272522,0.0212248489260673,0.0212514530867338,reviewed,
1083,36.10273333333333,2092,2,car,0.3789040446281433,282.0088195800781,516.944580078125,357.7957763671875,549.38037109375,0.1666157692670822,0.4936689734458923,0.0394723750650882,0.0300331395119428,reviewed,
1083,36.10273333333333,2570,7,truck,0.1056389287114143,45.17993927001953,512.8174438476562,149.17506408691406,564.3073120117188,0.0506132841110229,0.4986688792705536,0.0541641265153884,0.0476758033037185,reviewed,
1083,36.10273333333333,2571,2,car,0.6099194884300232,1210.74951171875,465.8430480957031,1312.18017578125,500.3453674316406,0.657012939453125,0.4473094642162323,0.0528284721076488,0.0319465920329093,reviewed,
1083,36.10273333333333,2574,2,car,0.3980094492435455,1633.04736328125,453.3273010253906,1763.04833984375,498.13519287109375,0.884399950504303,0.4404919147491455,0.0677088424563407,0.0414887890219688,reviewed,
1083,36.10273333333333,2567,2,car,0.3939475119113922,436.96087646484375,508.4944763183594,489.17034912109375,536.4673461914062,0.2411800026893615,0.4837785959243774,0.0271924342960119,0.0259008053690195,reviewed,
1083,36.10273333333333,2585,2,car,0.3103738129138946,0.4670581817626953,517.373046875,34.51727294921875,556.5260009765625,0.0091105019673705,0.4971754848957062,0.0177344884723424,0.036252737045288,reviewed,
1083,36.10273333333333,2586,2,car,0.385477215051651,660.5822143554688,493.3729553222656,698.3168334960938,517.8097534179688,0.3538799583911896,0.4681401550769806,0.0196534469723701,0.0226266644895076,reviewed,
1083,36.10273333333333,2483,2,car,0.5886097550392151,1791.32763671875,453.3507690429688,1848.2412109375,497.75201416015625,0.9478043913841248,0.4403253495693207,0.0296424869447946,0.0411122627556324,reviewed,
1083,36.10273333333333,2318,2,car,0.4342305064201355,695.3624877929688,494.37603759765625,736.8495483398438,518.2266235351562,0.3729718923568725,0.4687975347042084,0.021607844159007,0.0220838766545057,reviewed,
1084,36.1361,749,2,car,0.9407062530517578,773.7319946289062,431.2952270507813,1243.824462890625,764.9248046875,0.5254052877426147,0.5538055300712585,0.2448398321866989,0.3089162707328796,reviewed,
1084,36.1361,1292,2,car,0.8550968766212463,1289.11962890625,465.1163940429688,1420.1668701171875,519.5650634765625,0.7055433988571167,0.455871045589447,0.0682537704706192,0.0504154339432716,reviewed,
1084,36.1361,2129,2,car,0.393629252910614,396.3624877929688,512.323974609375,436.5597534179688,536.7217407226562,0.2169068306684494,0.4856692850589752,0.0209360755980014,0.0225905235856771,reviewed,
1084,36.1361,2126,2,car,0.5647116303443909,63.41939926147461,513.12841796875,149.00148010253906,564.9285888671875,0.0553179383277893,0.4991004765033722,0.044573999941349,0.0479631200432777,reviewed,
1084,36.1361,2036,2,car,0.4755151867866516,441.7207946777344,507.3166809082031,508.3714904785156,535.4986572265625,0.2474198639392852,0.4827848672866821,0.0347139053046703,0.0260944217443466,reviewed,
1084,36.1361,2494,2,car,0.3408232033252716,357.3036804199219,516.5496215820312,412.5016784667969,544.4657592773438,0.2004701495170593,0.4912108182907104,0.028748957440257,0.0258482750505208,reviewed,
1084,36.1361,2535,2,car,0.3955504596233368,604.7705078125,500.93597412109375,651.948974609375,523.0245361328125,0.3272706866264343,0.4740557968616485,0.0245721172541379,0.0204523727297782,reviewed,
1084,36.1361,2537,2,car,0.5113913416862488,728.8776245117188,494.289794921875,771.0662841796875,516.8298950195312,0.3906103670597076,0.468110978603363,0.0219732597470283,0.0208704639226198,reviewed,
1084,36.1361,2092,2,car,0.3584508895874023,282.6908569335937,516.8344116210938,357.6310119628906,550.5067138671875,0.1667504906654358,0.4941393733024597,0.0390313304960727,0.0311780571937561,reviewed,
1084,36.1361,2571,2,car,0.5602596998214722,1205.6683349609375,466.1965942382813,1306.562744140625,504.5301513671875,0.6542268395423889,0.4494105279445648,0.0525491721928119,0.0354940332472324,reviewed,
1084,36.1361,2574,2,car,0.3412314653396606,1623.5107421875,456.4834899902344,1744.5570068359375,497.5744018554688,0.8771010041236877,0.4416934549808502,0.0630449280142784,0.0380471423268318,reviewed,
1084,36.1361,2567,2,car,0.3647192418575287,437.6673583984375,508.5130004882813,490.4002990722656,535.8785400390625,0.2416842728853225,0.4835146367549896,0.0274650733917951,0.0253384616225957,reviewed,
1084,36.1361,2585,2,car,0.3023206889629364,0.63714599609375,522.4757080078125,35.42171859741211,556.5090942382812,0.0093903290107846,0.499530017375946,0.0181169640272855,0.0315123945474624,reviewed,
1084,36.1361,2586,2,car,0.4499918818473816,659.2164916992188,494.1673889160156,696.1824951171875,517.1856079101562,0.3529684841632843,0.468218982219696,0.0192531272768974,0.0213131662458181,reviewed,
1084,36.1361,2318,2,car,0.4877029657363891,694.7958984375,495.539306640625,735.1683959960938,517.7449951171875,0.3723865449428558,0.4691131114959717,0.0210273433476686,0.0205608233809471,reviewed,
1085,36.169466666666665,749,2,car,0.9410486221313475,773.8258666992188,430.75537109375,1244.3358154296875,765.3910522460938,0.5255629420280457,0.5537714958190918,0.2450572699308395,0.3098478615283966,reviewed,
1085,36.169466666666665,1292,2,car,0.8683149218559265,1289.493896484375,465.3194580078125,1420.5438232421875,519.59521484375,0.7057389616966248,0.4559790194034576,0.0682551711797714,0.0502553321421146,reviewed,
1085,36.169466666666665,2129,2,car,0.3234228789806366,396.8620910644531,512.2412109375,437.4885559082031,536.5989379882812,0.2172788083553314,0.4855741262435913,0.0211596172302961,0.022553451359272,reviewed,
1085,36.169466666666665,2126,2,car,0.6007223725318909,64.47915649414062,513.3785400390625,148.6792755126953,565.150146484375,0.0555100068449974,0.4993188381195068,0.0438542291522026,0.0479366742074489,reviewed,
1085,36.169466666666665,2036,2,car,0.4573906660079956,441.6609497070313,507.51898193359375,508.9664611816406,535.4887084960938,0.2475592344999313,0.4828739166259765,0.0350549556314945,0.0258978940546512,reviewed,
1085,36.169466666666665,2494,2,car,0.2908840775489807,358.23699951171875,516.7614135742188,418.253173828125,544.5516357421875,0.2022109776735305,0.4913485944271087,0.0312584228813648,0.025731686502695,reviewed,
1085,36.169466666666665,2535,2,car,0.3871625363826751,604.4197387695312,501.3279113769531,652.5819702148438,523.2507934570312,0.3273442089557647,0.47434201836586,0.0250844955444335,0.0202989652752876,reviewed,
1085,36.169466666666665,2537,2,car,0.4640098810195923,735.3258666992188,493.1013793945313,781.957763671875,516.1722412109375,0.3951259553432464,0.4672563076019287,0.0242874454706907,0.0213619098067283,reviewed,
1085,36.169466666666665,2092,2,car,0.3915499746799469,282.8825988769531,516.6546630859375,357.8487243652344,551.6036987304688,0.1668571084737777,0.494564026594162,0.0390448570251464,0.0323602184653282,reviewed,
1085,36.169466666666665,2571,2,car,0.7198337316513062,1200.941650390625,466.8541564941406,1302.8570556640625,502.63031005859375,0.6520309448242188,0.4488354027271271,0.0530809387564659,0.0331260673701763,reviewed,
1085,36.169466666666665,2574,2,car,0.3687905669212341,1615.3841552734375,457.3241271972656,1737.7523193359375,497.8197937011719,0.8732126355171204,0.442196249961853,0.0637334212660789,0.0374959893524646,reviewed,
1085,36.169466666666665,2567,2,car,0.3415400087833404,437.95550537109375,508.7361450195313,491.44146728515625,535.9285888671875,0.242030456662178,0.483641117811203,0.0278572719544172,0.025178188458085,reviewed,
1085,36.169466666666665,2585,2,car,0.2458217144012451,0.499058187007904,524.3115234375,35.766815185546875,556.4530029296875,0.0094442376866936,0.5003539323806763,0.018368624150753,0.0297606289386749,reviewed,
1085,36.169466666666665,2586,2,car,0.3915797472000122,658.1826782226562,494.796875,698.4117431640625,517.59228515625,0.3532797992229461,0.4686986804008484,0.0209526382386684,0.0211068615317344,reviewed,
1085,36.169466666666665,2318,2,car,0.4497605562210083,695.9928588867188,496.35052490234375,737.9602661132812,517.307861328125,0.3734253048896789,0.4692862927913666,0.021858025342226,0.0194049403071403,reviewed,
1086,36.20283333333333,749,2,car,0.9411221742630004,773.7676391601562,430.4485778808594,1244.527099609375,765.5166625976562,0.5255975723266602,0.553687572479248,0.245187222957611,0.3102482259273529,reviewed,
1086,36.20283333333333,1292,2,car,0.8668575286865234,1289.8460693359375,465.53948974609375,1420.6234130859375,519.606201171875,0.7058514356613159,0.4560859799385071,0.068113200366497,0.0500617697834968,reviewed,
1086,36.20283333333333,2129,2,car,0.3115139901638031,397.2681884765625,512.4002075195312,436.98822021484375,536.4555053710938,0.2172542661428451,0.4855813384056091,0.0206875167787075,0.0222734231501817,reviewed,
1086,36.20283333333333,2126,2,car,0.6335564255714417,64.22327423095703,514.056640625,149.02340698242188,565.3349609375,0.0555329881608486,0.4997183382511139,0.0441667363047599,0.0474799275398254,reviewed,
1086,36.20283333333333,2036,2,car,0.4218307137489319,442.1767883300781,507.4936218261719,509.2081298828125,535.2182006835938,0.2477564811706543,0.4827369451522827,0.0349121578037738,0.0256709065288305,reviewed,
1086,36.20283333333333,2494,2,car,0.2801963090896606,358.7602233886719,517.0005493164062,417.5071411132813,544.578857421875,0.2021529525518417,0.491471916437149,0.0305973533540964,0.0255354698747396,reviewed,
1086,36.20283333333333,2535,2,car,0.3499736785888672,604.2738037109375,501.03021240234375,652.4743041992188,523.0250244140625,0.3272781372070312,0.4740996062755584,0.0251044277101755,0.0203655660152435,reviewed,
1086,36.20283333333333,2537,2,car,0.474665880203247,740.9175415039062,492.0968322753906,784.5673217773438,515.7185668945312,0.3972616791725158,0.4665812253952026,0.022734260186553,0.0218719765543937,reviewed,
1086,36.20283333333333,2092,2,car,0.1923032701015472,284.67401123046875,515.80224609375,359.2701110839844,552.5633544921875,0.1676937788724899,0.4946137070655823,0.0388521365821361,0.0340380631387233,reviewed,
1086,36.20283333333333,2571,2,car,0.7203311920166016,1196.1700439453125,467.1565246582031,1298.5465087890625,500.8837585449219,0.6496657729148865,0.4481667876243591,0.053321074694395,0.0312289204448461,reviewed,
1086,36.20283333333333,2574,2,car,0.4539602994918823,1607.9263916015625,456.4943542480469,1732.4322509765625,497.9773864746094,0.8698850870132446,0.4418850541114807,0.0648467987775802,0.0384102165699005,reviewed,
1086,36.20283333333333,2567,2,car,0.2992951571941376,438.497802734375,508.8486633300781,491.8175659179688,535.7919311523438,0.2422696202993393,0.4836299121379852,0.027770709246397,0.0249474700540304,reviewed,
1086,36.20283333333333,2585,2,car,0.2333934307098388,0.3097577095031738,521.0789184570312,36.090702056884766,556.5286865234375,0.0094792861491441,0.4988924264907837,0.0186359081417322,0.0328238606452941,reviewed,
1086,36.20283333333333,2586,2,car,0.3717556297779083,655.4767456054688,494.3680725097656,694.2205200195312,517.7385864257812,0.3514836728572845,0.4685679078102112,0.0201790500432252,0.0216393638402223,reviewed,
1086,36.20283333333333,2318,2,car,0.4917316734790802,696.4500732421875,496.5106506347656,743.6600341796875,517.3973388671875,0.3750286698341369,0.4694018363952636,0.0245885215699672,0.0193395260721445,reviewed,
1086,36.20283333333333,2459,2,car,0.3339179754257202,299.32037353515625,516.266357421875,359.62701416015625,547.791748046875,0.1716008782386779,0.4926194846630096,0.0314097069203853,0.0291901770979166,reviewed,
1087,36.2362,749,2,car,0.9407871961593628,773.6060791015625,431.0755615234375,1244.1146240234375,764.0762939453125,0.5254480838775635,0.5533110499382019,0.245056539773941,0.3083340227603912,reviewed,
1087,36.2362,1292,2,car,0.8641906380653381,1289.4083251953125,465.6023864746094,1420.6767578125,519.5263671875,0.7057512998580933,0.4560781419277191,0.0683689787983894,0.0499296113848686,reviewed,
1087,36.2362,2129,2,car,0.3097479045391083,397.3297729492188,512.2610473632812,436.5719299316406,536.444091796875,0.2171619087457656,0.4855116009712219,0.0204386226832866,0.0223917085677385,reviewed,
1087,36.2362,2126,2,car,0.6194804906845093,64.52153015136719,514.3471069335938,149.8617706298828,565.1770629882812,0.0558289848268032,0.4997797012329101,0.0444480404257774,0.0470647737383842,reviewed,
1087,36.2362,2036,2,car,0.4260268211364746,442.1445617675781,507.7046203613281,509.0425720214844,535.2301635742188,0.2477049827575683,0.4828401803970337,0.0348427146673202,0.0254866145551204,reviewed,
1087,36.2362,2494,2,car,0.3041898310184479,358.7119140625,517.1958618164062,416.6923522949219,544.69677734375,0.2019281983375549,0.4916169345378876,0.0301981456577777,0.0254638101905584,reviewed,
1087,36.2362,2535,2,car,0.345000296831131,605.164306640625,501.5737915039063,652.4500732421875,522.66748046875,0.3275037407875061,0.4741857349872589,0.0246280040591955,0.0195311941206455,reviewed,
1087,36.2362,2537,2,car,0.5056436061859131,743.931884765625,491.84185791015625,785.9269409179688,515.4813842773438,0.3984007537364959,0.4663533568382263,0.0218724254518747,0.0218884497880935,reviewed,
1087,36.2362,2092,2,car,0.1898146867752075,285.6810302734375,515.2319946289062,359.8141174316406,553.011962890625,0.1680976897478103,0.4945573508739471,0.0386109836399555,0.0349814519286155,reviewed,
1087,36.2362,2571,2,car,0.7295701503753662,1191.405517578125,467.7619018554688,1292.4244384765625,499.9002990722656,0.6468307375907898,0.4479917883872986,0.0526140220463275,0.0297577753663063,reviewed,
1087,36.2362,2574,2,car,0.6352465152740479,1599.4674072265625,455.9601135253906,1724.8424072265625,497.495361328125,0.865705668926239,0.4414145648479461,0.0652994811534881,0.0384585633873939,reviewed,
1087,36.2362,2567,2,car,0.3178729712963104,438.513916015625,508.9718017578125,492.0325622558594,535.9310913085938,0.2423298209905624,0.4837512969970703,0.027874294668436,0.024962306022644,reviewed,
1087,36.2362,2585,2,car,0.2133568674325943,0.1137382388114929,519.5033569335938,36.129302978515625,556.64306640625,0.0094382921233773,0.4982159733772278,0.0187581069767475,0.0343886204063892,reviewed,
1087,36.2362,2586,2,car,0.4020619392395019,652.2703857421875,494.7474365234375,697.5807495117188,518.2943115234375,0.3515237271785736,0.4690008163452148,0.0235991477966308,0.0218026619404554,reviewed,
1087,36.2362,2318,2,car,0.3900748491287231,697.7109985351562,496.26751708984375,745.2094116210938,517.3282470703125,0.3757605254650116,0.4692572951316833,0.0247387569397687,0.0195006765425205,reviewed,
1087,36.2362,2459,2,car,0.3529327809810638,299.5029602050781,516.255126953125,359.7238464355469,547.8837890625,0.1716736406087875,0.4926569163799286,0.0313650444149971,0.0292857978492975,reviewed,
1088,36.26956666666667,749,2,car,0.9417629837989808,773.3909912109375,431.0130920410156,1244.163330078125,765.1105346679688,0.5254047513008118,0.5537609457969666,0.2451939284801483,0.3093494772911072,reviewed,
1088,36.26956666666667,1292,2,car,0.8617771863937378,1288.9315185546875,465.4169006347656,1420.39599609375,519.078369140625,0.7055540680885315,0.4557848274707794,0.0684710815548896,0.0496865436434745,reviewed,
1088,36.26956666666667,2129,2,car,0.2047290205955505,396.8851623535156,512.0416259765625,436.3491516113281,536.6525268554688,0.2169881016016006,0.485506534576416,0.0205541606992483,0.0227878708392381,reviewed,
1088,36.26956666666667,2126,2,car,0.5982310771942139,65.96542358398438,514.658203125,149.9589385986328,565.236572265625,0.0562303029000759,0.4999512732028961,0.0437466241419315,0.0468318238854408,reviewed,
1088,36.26956666666667,2036,2,car,0.4251835644245147,441.4835205078125,507.964111328125,509.3661804199219,535.6742553710938,0.2476171106100082,0.4831659495830536,0.0353555530309677,0.0256575401872396,reviewed,
1088,36.26956666666667,2494,2,car,0.2740850746631622,358.5264892578125,517.2000732421875,425.1965637207031,544.7874145507812,0.2040945440530777,0.4916608929634094,0.0347239971160888,0.0255438350141048,reviewed,
1088,36.26956666666667,2535,2,car,0.3475779592990875,605.5399780273438,502.118896484375,652.2539672851562,522.50634765625,0.3275505006313324,0.4743635356426239,0.0243302024900913,0.0188772697001695,reviewed,
1088,36.26956666666667,2537,2,car,0.4766203761100769,746.2999877929688,491.9508361816406,788.95166015625,515.6184692382812,0.3998051285743713,0.4664672911167145,0.0222144126892089,0.0219144746661186,reviewed,
1088,36.26956666666667,2092,2,car,0.205417975783348,281.29034423828125,515.7952270507812,358.9665222167969,554.3610229492188,0.1667335480451584,0.4954427182674408,0.0404563434422016,0.0357090719044208,reviewed,
1088,36.26956666666667,2571,2,car,0.7290019392967224,1184.6810302734375,467.4686584472656,1285.6650390625,499.8285827636719,0.643319308757782,0.4478228092193603,0.0525958389043808,0.0299628935754299,reviewed,
1088,36.26956666666667,2574,2,car,0.6805622577667236,1591.09912109375,455.12115478515625,1717.581787109375,496.12939453125,0.8616356253623962,0.4403937757015228,0.0658763870596885,0.0379705913364887,reviewed,
1088,36.26956666666667,2567,2,car,0.3239556849002838,438.06591796875,509.060546875,492.1041870117188,536.3775634765625,0.2422318011522293,0.4839991331100464,0.0281449314206838,0.0252935346215963,reviewed,
1088,36.26956666666667,2585,2,car,0.2023565024137497,0.0,519.8002319335938,36.54304885864258,557.1826171875,0.0095164189115166,0.4986031949520111,0.0190328378230333,0.0346133187413215,reviewed,
1088,36.26956666666667,2586,2,car,0.4126468896865845,650.2483520507812,495.0174255371094,698.3984375,518.5075073242188,0.3512100875377655,0.4692244827747345,0.0250781700015068,0.0217500757426023,reviewed,
1088,36.26956666666667,2318,2,car,0.4648871123790741,697.236572265625,496.0382690429688,744.7266845703125,517.4299926757812,0.3755112588405609,0.4691982567310333,0.0247344337403774,0.0198071505874395,reviewed,
1088,36.26956666666667,2459,2,car,0.2759067714214325,298.6086730957031,516.5804443359375,358.6783447265625,548.3062133789062,0.1711684912443161,0.493003100156784,0.0312862880527973,0.0293757114559412,reviewed,
1089,36.302933333333335,749,2,car,0.9445361495018004,773.2408447265625,432.1370239257813,1243.3873291015625,763.9863891601562,0.5251635909080505,0.553760826587677,0.2448679655790329,0.3072679340839386,reviewed,
1089,36.302933333333335,1292,2,car,0.854742169380188,1288.3212890625,464.7987365722656,1420.0684814453125,518.5186157226562,0.7053098082542419,0.4552395343780517,0.0686183273792266,0.0497406274080276,reviewed,
1089,36.302933333333335,2129,2,car,0.1452447324991226,397.1202392578125,512.5192260742188,436.9798278808594,536.8875732421875,0.2172135710716247,0.4858364462852478,0.0207602027803659,0.0225632842630147,reviewed,
1089,36.302933333333335,2126,2,car,0.5886303186416626,66.37933349609375,515.4912719726562,148.9344940185547,565.2242431640625,0.0560713075101375,0.5003312826156616,0.0429974794387817,0.0460490472614765,reviewed,
1089,36.302933333333335,2036,2,car,0.4081565141677856,441.8053283691406,507.8797302246094,509.4377746582031,536.2819213867188,0.2477195560932159,0.4834081530570984,0.0352252312004566,0.0262983255088329,reviewed,
1089,36.302933333333335,2494,2,car,0.2234214097261428,358.4179992675781,517.2275390625,430.8116455078125,544.971435546875,0.2055285423994064,0.491758793592453,0.0377050228416919,0.0256887935101985,reviewed,
1089,36.302933333333335,2535,2,car,0.3478676378726959,604.3292236328125,501.8973388671875,651.5679321289062,522.4380493164062,0.3270565569400787,0.4742293655872345,0.0246034935116767,0.0190191771835088,reviewed,
1089,36.302933333333335,2537,2,car,0.2746535539627075,750.3970947265625,491.9629211425781,793.3782958984375,515.5345458984375,0.4020248353481293,0.4664340019226074,0.0223860424011945,0.0218255780637264,reviewed,
1089,36.302933333333335,2092,2,car,0.3253068029880523,282.9093322753906,517.1234130859375,358.31549072265625,552.9302368164062,0.1669856458902359,0.4953952431678772,0.0392740406095981,0.0331544652581214,reviewed,
1089,36.302933333333335,2571,2,car,0.6984086036682129,1174.6534423828125,466.722900390625,1278.3447265625,498.5864868164063,0.6388015747070312,0.4469024837017059,0.0540058761835098,0.029503321275115,reviewed,
1089,36.302933333333335,2574,2,car,0.5797515511512756,1582.4049072265625,455.65142822265625,1708.378662109375,496.1776428222656,0.8569748997688293,0.440661609172821,0.065611332654953,0.0375242717564106,reviewed,
1089,36.302933333333335,2567,2,car,0.3214978575706482,438.3505554199219,508.7766418457031,491.7731323242188,536.8388061523438,0.2422197014093399,0.4840812385082245,0.0278242584317922,0.0259834863245487,reviewed,
1089,36.302933333333335,2585,2,car,0.310850441455841,0.0,521.2296142578125,36.35709762573242,558.10498046875,0.0094679938629269,0.4996919333934784,0.0189359877258539,0.0341438576579093,reviewed,
1089,36.302933333333335,2586,2,car,0.3918901681900024,648.3991088867188,495.036376953125,699.6311645507812,518.7304077148438,0.351049542427063,0.4693364799022674,0.0266833622008562,0.0219389181584119,reviewed,
1089,36.302933333333335,2318,2,car,0.3978876769542694,697.8486938476562,495.9700317382813,746.6416015625,517.5537109375,0.3761693239212036,0.4692239463329315,0.0254129730165004,0.0199848879128694,reviewed,
1089,36.302933333333335,2459,2,car,0.204400360584259,313.37939453125,517.240478515625,359.1513977050781,546.5185546875,0.1751382201910019,0.4924810230731964,0.0238395854830741,0.0271093305200338,reviewed,
1090,36.3363,749,2,car,0.94596666097641,773.093017578125,432.3396911621094,1242.7607421875,763.438232421875,0.5249618887901306,0.5536009073257446,0.244618609547615,0.3065727353096008,reviewed,
1090,36.3363,1292,2,car,0.8531990051269531,1287.670166015625,464.4044799804688,1419.3546142578125,518.2640380859375,0.7049543857574463,0.4549391269683838,0.0685856491327285,0.0498699620366096,reviewed,
1090,36.3363,2129,2,car,0.2693798542022705,396.5705261230469,512.0416870117188,437.8528137207031,537.5748901367188,0.2172977477312088,0.4859336018562317,0.0215011909604072,0.0236418545246124,reviewed,
1090,36.3363,2126,2,car,0.5901007056236267,64.77737426757812,516.416259765625,148.81077575683594,566.3816528320312,0.0556219145655632,0.5012953281402588,0.0437673963606357,0.0462642535567283,reviewed,
1090,36.3363,2036,2,car,0.3963540196418762,440.6539306640625,508.1642150878906,507.9741821289063,536.6395263671875,0.2470385730266571,0.4837054312229156,0.0350626297295093,0.0263660289347171,reviewed,
1090,36.3363,2494,2,car,0.1247285977005958,356.81640625,516.2967529296875,428.24169921875,545.0360107421875,0.2044422179460525,0.4913577735424042,0.0372006744146347,0.0266104247421026,reviewed,
1090,36.3363,2535,2,car,0.2808526456356048,604.94287109375,501.4250793457031,650.0344848632812,521.9920654296875,0.3268170058727264,0.4738042056560516,0.0234852153807878,0.0190435051918029,reviewed,
1090,36.3363,2537,2,car,0.3596201837062835,757.3640747070312,491.45123291015625,800.2197265625,515.282958984375,0.4056207537651062,0.4660806357860565,0.0223206523805856,0.0220664124935865,reviewed,
1090,36.3363,2092,2,car,0.2239629626274109,284.68017578125,517.0748291015625,358.40582275390625,553.2032470703125,0.1674703061580658,0.4954991042613983,0.0383987762033939,0.0334522388875484,reviewed,
1090,36.3363,2571,2,car,0.634733259677887,1168.24365234375,466.45306396484375,1271.9481201171875,497.6806945800781,0.6354666352272034,0.4463582336902618,0.0540127418935298,0.0289144720882177,reviewed,
1090,36.3363,2574,2,car,0.4430701434612274,1573.516357421875,455.1562194824219,1698.86669921875,495.8806762695313,0.8521831035614014,0.4402948319911957,0.065286636352539,0.037707831710577,reviewed,
1090,36.3363,2567,2,car,0.1647698730230331,438.16607666015625,507.9862976074219,489.6578063964844,537.3435668945312,0.2416207939386367,0.4839490056037903,0.0268186088651418,0.0271826572716236,reviewed,
1090,36.3363,2585,2,car,0.23374904692173,0.0679521560668945,525.0755615234375,35.133323669433594,558.1819458007812,0.0091669987887144,0.5015081167221069,0.0182632151991128,0.0306540597230196,reviewed,
1090,36.3363,2586,2,car,0.4799489974975586,647.2548217773438,494.2646789550781,697.063720703125,518.770751953125,0.3500829637050628,0.4689978659152984,0.0259421356022357,0.0226908084005117,reviewed,
1090,36.3363,2318,2,car,0.5418435335159302,697.5924682617188,496.461669921875,744.1778564453125,517.7378540039062,0.3754610121250152,0.4695368111133575,0.0242632236331701,0.0197001695632934,reviewed,
1090,36.3363,2459,2,car,0.3546744287014007,306.9347229003906,517.2996826171875,358.2317810058594,547.2256469726562,0.1732204407453537,0.4928358197212219,0.0267172176390886,0.0277092270553112,reviewed,
1090,36.3363,2602,2,car,0.3542465269565582,765.2517700195312,491.7417602539063,821.0183715820312,514.6595458984375,0.4130911827087402,0.4659265279769897,0.0290451049804687,0.0212201718240976,reviewed,
1091,36.36966666666667,749,2,car,0.9469414949417114,772.7289428710938,432.5367431640625,1242.3411865234375,763.3162231445312,0.5247578024864197,0.5536356568336487,0.2445897161960601,0.3062773048877716,reviewed,
1091,36.36966666666667,1292,2,car,0.8560211062431335,1286.91259765625,463.99908447265625,1418.7080078125,518.2703857421875,0.7045887112617493,0.4547543823719024,0.0686434432864189,0.0502512045204639,reviewed,
1091,36.36966666666667,2129,2,car,0.1765110194683075,395.3099060058594,512.1293334960938,435.7605285644531,540.1939697265625,0.2164245992898941,0.4871867001056671,0.0210680328309535,0.0259857736527919,reviewed,
1091,36.36966666666667,2126,2,car,0.5341936945915222,63.67127227783203,516.6966552734375,147.99037170410156,567.9436645507812,0.0551202222704887,0.5021483302116394,0.0439161993563175,0.0474509336054325,reviewed,
1091,36.36966666666667,2036,2,car,0.3954635560512543,439.03515625,508.7419738769531,507.6265258789063,537.316162109375,0.2465264797210693,0.4842861592769623,0.0357246734201908,0.0264575816690921,reviewed,
1091,36.36966666666667,2494,2,car,0.3060237169265747,355.3221435546875,516.26953125,422.6050109863281,545.205078125,0.2025851905345916,0.4914234280586242,0.0350431613624095,0.0267921723425388,reviewed,
1091,36.36966666666667,2535,2,car,0.3905664086341858,604.3251953125,501.5222473144531,650.0231323242188,521.9458618164062,0.3266532123088836,0.4738278388977051,0.0238010082393884,0.0189107544720172,reviewed,
1091,36.36966666666667,2537,2,car,0.372529923915863,760.7754516601562,491.8482055664063,799.30712890625,515.1026000976562,0.4062714874744415,0.4661809206008911,0.0200685821473598,0.0215318463742733,reviewed,
1091,36.36966666666667,2092,2,car,0.2836002111434936,283.3065490722656,517.6397094726562,357.85601806640625,554.0844116210938,0.166969433426857,0.4961685836315155,0.0388278476893901,0.0337450951337814,reviewed,
1091,36.36966666666667,2571,2,car,0.6782020330429077,1166.8697509765625,466.3440246582031,1264.911376953125,498.0248718261719,0.6332763433456421,0.4464670717716217,0.051063347607851,0.0293341185897588,reviewed,
1091,36.36966666666667,2574,2,car,0.4115771055221557,1565.126708984375,454.8067626953125,1688.0164794921875,495.3098449707031,0.8471726775169373,0.4398687779903412,0.0640050917863845,0.0375028550624847,reviewed,
1091,36.36966666666667,2567,2,car,0.1242289841175079,437.2244873046875,507.7492370605469,488.4305419921875,538.18212890625,0.2410559952259063,0.4842275083065033,0.0266698207706213,0.0281786043196916,reviewed,
1091,36.36966666666667,2585,2,car,0.2228933423757553,0.0,521.2120361328125,34.69798278808594,558.9849853515625,0.0090359328314661,0.5000911951065063,0.0180718656629323,0.0349749512970447,reviewed,
1091,36.36966666666667,2586,2,car,0.5852930545806885,646.8267211914062,493.7083740234375,694.8280029296875,518.6449584960938,0.3493892550468445,0.4686821103096008,0.0250006671994924,0.0230894293636083,reviewed,
1091,36.36966666666667,2318,2,car,0.558549702167511,697.4411010742188,496.4172973632813,742.8474731445312,517.8080444335938,0.3750751614570617,0.469548761844635,0.0236491523683071,0.0198062472045421,reviewed,
1091,36.36966666666667,2459,2,car,0.3749741613864898,303.0531921386719,517.8182373046875,357.3970642089844,547.9037475585938,0.1719922572374344,0.4933897852897644,0.028304100036621,0.0278569534420967,reviewed,
1091,36.36966666666667,2602,2,car,0.3744113445281982,765.655029296875,491.8008728027344,822.90234375,514.759521484375,0.4136868119239807,0.4660001993179321,0.0298163089901208,0.0212580077350139,reviewed,
1092,36.40303333333333,749,2,car,0.9477521181106568,772.5773315429688,432.4552001953125,1242.095947265625,763.3721313476562,0.5246545076370239,0.5536237955093384,0.2445409446954727,0.306404560804367,reviewed,
1092,36.40303333333333,1292,2,car,0.8528187870979309,1286.4349365234375,463.7955322265625,1418.0357666015625,518.275634765625,0.7042892575263977,0.4546625912189483,0.0685421004891395,0.0504445396363735,reviewed,
1092,36.40303333333333,2129,2,car,0.2088209092617035,395.1009216308594,512.1181640625,435.01605224609375,541.1276245117188,0.2161762863397598,0.4876138269901275,0.0207891296595335,0.026860611513257,reviewed,
1092,36.40303333333333,2126,2,car,0.5435634851455688,63.34682846069336,516.533447265625,147.72525024414062,568.5067138671875,0.0549666881561279,0.502333402633667,0.0439470931887626,0.0481233932077884,reviewed,
1092,36.40303333333333,2036,2,car,0.4089222550392151,437.4027099609375,509.1969604492188,508.17974853515625,537.6492919921875,0.2462454289197921,0.4846510291099548,0.0368630401790142,0.0263447519391775,reviewed,
1092,36.40303333333333,2494,2,car,0.3279229998588562,354.6142272949219,515.62939453125,417.5802001953125,545.195556640625,0.2010923027992248,0.4911226630210876,0.0327947773039341,0.0273760762065649,reviewed,
1092,36.40303333333333,2535,2,car,0.4185017049312591,604.4513549804688,501.6983337402344,649.8109130859375,521.8040161132812,0.3266307711601257,0.4738436639308929,0.0236247703433036,0.018616372719407,reviewed,
1092,36.40303333333333,2537,2,car,0.2317607402801513,762.0516357421875,490.6524963378906,801.7122192382812,514.933837890625,0.4072301983833313,0.4655492007732391,0.0206565540283918,0.0224827229976654,reviewed,
1092,36.40303333333333,2092,2,car,0.2665891647338867,282.7926025390625,518.0105590820312,357.72393798828125,554.5006713867188,0.1668011844158172,0.4965329766273498,0.0390267372131347,0.0337871424853801,reviewed,
1092,36.40303333333333,2571,2,car,0.6292069554328918,1165.87109375,466.6317138671875,1257.86962890625,498.1186828613281,0.6311824917793274,0.4466436803340912,0.0479159019887447,0.0291546005755662,reviewed,
1092,36.40303333333333,2574,2,car,0.2285782992839813,1555.6439208984375,454.6627807617188,1678.30712890625,496.4036254882813,0.842174768447876,0.4403085112571716,0.0638870894908905,0.0386489294469356,reviewed,
1092,36.40303333333333,2585,2,car,0.138941541314125,0.160756230354309,522.7196655273438,34.1618766784668,559.2074584960938,0.0089381849393248,0.500892162322998,0.0177089180797338,0.0337849929928779,reviewed,
1092,36.40303333333333,2586,2,car,0.5893789529800415,646.1113891601562,493.7236022949219,693.6953735351562,518.7767944335938,0.348908007144928,0.4687501788139343,0.0247833244502544,0.0231973994523286,reviewed,
1092,36.40303333333333,2318,2,car,0.5800828337669373,697.4150390625,496.1211242675781,743.1668701171875,517.7367553710938,0.3751515448093414,0.469378650188446,0.0238290783017873,0.0200144741684198,reviewed,
1092,36.40303333333333,2459,2,car,0.3303040862083435,301.4631042480469,518.0025634765625,357.5347900390625,548.1041870117188,0.1716140359640121,0.4935679137706756,0.0292040035128593,0.027871873229742,reviewed,
1092,36.40303333333333,2602,2,car,0.5026073455810547,765.1868896484375,490.7223510742188,827.2745361328125,515.0401611328125,0.4147034883499145,0.4656307995319366,0.0323373153805732,0.0225164908915758,reviewed,
1093,36.4364,749,2,car,0.9485775232315063,772.4996948242188,432.2203063964844,1242.143798828125,763.3761596679688,0.5246467590332031,0.5535168647766113,0.2446063011884689,0.3066257834434509,reviewed,
1093,36.4364,1292,2,car,0.8367297053337097,1286.0762939453125,463.73834228515625,1417.7286376953125,518.2981567382812,0.7041158676147461,0.4546465277671814,0.068568930029869,0.0505183450877666,reviewed,
1093,36.4364,2129,2,car,0.2163774222135543,396.8976135253906,512.1231079101562,434.5146789550781,540.1238403320312,0.2165136188268661,0.4871513545513153,0.0195922218263149,0.0259266048669815,reviewed,
1093,36.4364,2126,2,car,0.5493450164794922,63.58734893798828,517.2020874023438,147.41880798339844,569.0565185546875,0.0549495220184326,0.5028975009918213,0.0436622165143489,0.048013363033533,reviewed,
1093,36.4364,2036,2,car,0.4025139212608337,436.8479614257813,509.7964172363281,508.8230590820313,537.5662231445312,0.2462684959173202,0.4848901331424713,0.0374870300292968,0.0257127825170755,reviewed,
1093,36.4364,2494,2,car,0.3591663539409637,353.7384338378906,515.133544921875,412.66796875,545.309814453125,0.1995849907398224,0.4909459948539734,0.0306924656033515,0.0279409904032945,reviewed,
1093,36.4364,2535,2,car,0.3580031394958496,604.23486328125,501.95550537109375,649.1066284179688,521.7381591796875,0.3263910412788391,0.4739322662353515,0.023370711132884,0.0183172728866338,reviewed,
1093,36.4364,2092,2,car,0.1859704405069351,282.6555480957031,518.2848510742188,358.1631774902344,552.494384765625,0.1668798774480819,0.4957311451435089,0.0393268913030624,0.0316754952073097,reviewed,
1093,36.4364,2571,2,car,0.65650475025177,1168.73486328125,467.11761474609375,1251.3433837890625,498.1999206542969,0.6302286982536316,0.4469062387943268,0.0430252701044082,0.0287799127399921,reviewed,
1093,36.4364,2574,2,car,0.5926981568336487,1548.0853271484375,455.4846801757813,1659.49755859375,495.317626953125,0.8353080749511719,0.4401862621307373,0.0580272041261196,0.036882359534502,reviewed,
1093,36.4364,2585,2,car,0.1073185503482818,0.3198453485965729,522.7478637695312,34.241092681884766,559.3456420898438,0.0090002445504069,0.5009692311286926,0.0176673159003257,0.033886831253767,reviewed,
1093,36.4364,2586,2,car,0.5037463903427124,645.0872192382812,494.3290100097656,692.4176025390625,518.9442749023438,0.3483085632324219,0.4691080152988434,0.0246512405574321,0.0227919127792119,reviewed,
1093,36.4364,2318,2,car,0.5665314793586731,696.8704833984375,495.7016296386719,745.560302734375,517.6790161132812,0.375633031129837,0.4691576957702636,0.0253592804074287,0.0203494317829608,reviewed,
1093,36.4364,2459,2,car,0.3064950108528137,306.0166320800781,517.94287109375,358.3273010253906,546.345947265625,0.1730062365531921,0.4927262961864471,0.0272451397031545,0.0262991450726985,reviewed,
1093,36.4364,2602,2,car,0.5893750190734863,766.7721557617188,489.343994140625,829.4111328125,515.412841796875,0.4156727492809295,0.4651651978492737,0.0326244682073593,0.0241378210484981,reviewed,
1093,36.4364,2614,2,car,0.3245321810245514,458.4767761230469,513.0521240234375,509.56256103515625,535.9005737304688,0.2520935833454132,0.485626220703125,0.0266071800142526,0.021155972033739,reviewed,
1094,36.469766666666665,749,2,car,0.946167528629303,772.5537109375,432.08343505859375,1242.17138671875,763.4925537109375,0.5246679782867432,0.553507387638092,0.2445925325155258,0.3068602979183197,reviewed,
1094,36.469766666666665,1292,2,car,0.8427339196205139,1285.6982421875,463.6130065917969,1417.335205078125,518.2514038085938,0.7039149403572083,0.4545668363571167,0.0685609206557273,0.0505911074578762,reviewed,
1094,36.469766666666665,2129,2,car,0.1784589886665344,397.3912353515625,511.9864196777344,434.00927734375,539.6964111328125,0.2165105491876602,0.4868902266025543,0.0190718974918127,0.0256573986262083,reviewed,
1094,36.469766666666665,2126,2,car,0.5864771008491516,63.633907318115234,517.92041015625,147.37257385253906,569.4754638671875,0.0549496039748191,0.5034239888191223,0.043613888323307,0.0477361604571342,reviewed,
1094,36.469766666666665,2036,2,car,0.3981547951698303,436.3431396484375,509.979736328125,509.4382019042969,537.61474609375,0.246297225356102,0.4849974513053894,0.0380703434348106,0.025587972253561,reviewed,
1094,36.469766666666665,2494,2,car,0.3451401889324188,353.3758239746094,514.8333129882812,412.4727478027344,545.4594116210938,0.1994397342205047,0.4908762574195862,0.0307796485722064,0.0283574983477592,reviewed,
1094,36.469766666666665,2535,2,car,0.2869372367858886,603.1390991210938,502.0430603027344,648.4812622070312,521.8909301757812,0.3259428143501282,0.4740434885025024,0.0236157104372978,0.0183776579797267,reviewed,
1094,36.469766666666665,2092,2,car,0.1496791541576385,283.4313049316406,518.6478881835938,358.3633117675781,551.3060302734375,0.167134016752243,0.4953490197658539,0.0390270873904228,0.0302390195429325,reviewed,
1094,36.469766666666665,2571,2,car,0.5441161394119263,1172.5921630859375,466.9459838867188,1248.3431396484375,499.0017395019531,0.6304519176483154,0.4471980333328247,0.0394536331295967,0.0296812560409307,reviewed,
1094,36.469766666666665,2574,2,car,0.6045740246772766,1540.2530517578125,457.0744934082031,1650.5244140625,495.62109375,0.8309316039085388,0.4410627484321594,0.0574330016970634,0.0356912948191165,reviewed,
1094,36.469766666666665,2586,2,car,0.3459137678146362,643.541015625,494.1380615234375,690.0726318359375,518.857666015625,0.3472952246665954,0.4689795076847076,0.0242352169007062,0.0228885225951671,reviewed,
1094,36.469766666666665,2318,2,car,0.5980167388916016,696.8222045898438,495.51025390625,746.6710205078125,517.5628051757812,0.375909686088562,0.4690153002738952,0.0259629245847463,0.0204190295189619,reviewed,
1094,36.469766666666665,2459,2,car,0.318353921175003,308.69976806640625,518.24609375,358.8056640625,545.8155517578125,0.1738295406103134,0.4926211237907409,0.0260968208312988,0.0255272760987281,reviewed,
1094,36.469766666666665,2602,2,car,0.6305865049362183,769.8051147460938,488.7119140625,828.3790893554688,515.2137451171875,0.416193813085556,0.4647803902626037,0.0305072776973247,0.0245387330651283,reviewed,
1094,36.469766666666665,2614,2,car,0.3213697373867035,454.1058044433594,512.9082641601562,509.466796875,535.8648071289062,0.2509303689002991,0.4855431020259857,0.0288338493555784,0.0212560575455427,reviewed,
1094,36.469766666666665,2366,2,car,0.4111972451210022,217.4581298828125,520.5411376953125,352.89263916015625,557.9193725585938,0.1485288441181183,0.4992872476577759,0.0705388039350509,0.0346094779670238,reviewed,
1095,36.50313333333333,749,2,car,0.945720911026001,772.5654296875,432.0890808105469,1241.952392578125,763.5120849609375,0.5246140360832214,0.553519070148468,0.2444723695516586,0.3068731427192688,reviewed,
1095,36.50313333333333,1292,2,car,0.8376682996749878,1285.1658935546875,463.6333312988281,1416.9407958984375,518.2609252929688,0.7036736011505127,0.454580694437027,0.0686327591538429,0.0505811050534248,reviewed,
1095,36.50313333333333,2129,2,car,0.2255125343799591,397.029296875,511.5261535644531,433.74127197265625,539.3845825195312,0.2163465023040771,0.4865327477455139,0.0191208198666572,0.0257948413491249,reviewed,
1095,36.50313333333333,2126,2,car,0.579135000705719,63.14376449584961,518.677734375,146.30331420898438,570.3782348632812,0.0545435100793838,0.5041925311088562,0.0433122627437114,0.0478708334267139,reviewed,
1095,36.50313333333333,2036,2,car,0.4580733776092529,435.9566650390625,509.4996032714844,510.0184631347656,537.78759765625,0.2463476806879043,0.4848552048206329,0.0385738536715507,0.0261925868690013,reviewed,
1095,36.50313333333333,2494,2,car,0.1467107832431793,350.7890319824219,513.543701171875,411.9514770507813,545.5784912109375,0.1986303329467773,0.4903343617916107,0.0318554416298866,0.0296618435531854,reviewed,
1095,36.50313333333333,2535,2,car,0.2563526332378387,601.9263305664062,502.3169250488281,645.5559692382812,522.4360961914062,0.3248651921749115,0.4744227230548858,0.0227237697690725,0.0186288617551326,reviewed,
1095,36.50313333333333,2092,2,car,0.1055923998355865,280.3104248046875,520.2963256835938,346.86456298828125,549.218017578125,0.1633268147706985,0.4951455593109131,0.0346636138856411,0.026779344305396,reviewed,
1095,36.50313333333333,2571,2,car,0.5751765370368958,1165.31787109375,466.9505920410156,1242.1044921875,499.3570556640625,0.6269329190254211,0.4473646283149719,0.0399930328130722,0.0300059840083122,reviewed,
1095,36.50313333333333,2574,2,car,0.5907674431800842,1532.2449951171875,457.3877258300781,1643.896728515625,496.1244201660156,0.8271201848983765,0.4414408206939697,0.0581519454717636,0.0358673110604286,reviewed,
1095,36.50313333333333,2586,2,car,0.3250705301761627,641.5601806640625,495.1399536132813,686.191162109375,519.0634155273438,0.3457685708999634,0.4695385992527008,0.0232453029602766,0.0221513528376817,reviewed,
1095,36.50313333333333,2318,2,car,0.541601836681366,696.5158081054688,495.4324035644531,747.4404907226562,517.5309448242188,0.376030296087265,0.4689645171165466,0.0265232715755701,0.0204616114497184,reviewed,
1095,36.50313333333333,2459,2,car,0.1627400517463684,304.9398498535156,518.9906616210938,357.71746826171875,545.1056518554688,0.1725670248270034,0.4926371872425079,0.0274883434176445,0.0241805464029312,reviewed,
1095,36.50313333333333,2602,2,car,0.588650107383728,773.31201171875,487.4644775390625,826.0562744140625,515.2044677734375,0.4165021479129791,0.4641985893249511,0.0274709705263376,0.0256851762533187,reviewed,
1095,36.50313333333333,2614,2,car,0.1946369111537933,464.2196350097656,511.9635925292969,515.433349609375,534.865234375,0.2551179528236389,0.4846429824829101,0.0266738105565309,0.021205224096775,reviewed,
1095,36.50313333333333,2366,2,car,0.358887642621994,216.756576538086,520.5110473632812,351.1441955566406,558.1728515625,0.1478908210992813,0.4993906617164612,0.0699935480952262,0.0348720401525497,reviewed,
1096,36.5365,749,2,car,0.9486956596374512,771.6369018554688,432.4000549316406,1241.0302734375,763.0374755859375,0.5241320729255676,0.5534433126449585,0.244475707411766,0.3061457574367523,reviewed,
1096,36.5365,1292,2,car,0.8091534376144409,1284.6566162109375,463.7339477539063,1415.66357421875,517.9733276367188,0.7032083868980408,0.4544941186904907,0.0682327896356582,0.0502216480672359,reviewed,
1096,36.5365,2129,2,car,0.2407538592815399,395.7926635742188,510.16058349609375,433.28125,539.9810180664062,0.2159046679735183,0.4861766695976257,0.0195253062993288,0.0276115126907825,reviewed,
1096,36.5365,2126,2,car,0.5122999548912048,60.74287414550781,519.6499633789062,145.2681884765625,570.82080078125,0.0536487139761447,0.504847526550293,0.0440235994756221,0.047380406409502,reviewed,
1096,36.5365,2036,2,car,0.4953888654708862,435.09661865234375,509.0780029296875,508.35986328125,538.1802368164062,0.2456917911767959,0.4848417937755584,0.0381579399108886,0.0269465129822492,reviewed,
1096,36.5365,2494,2,car,0.3003787100315094,350.88201904296875,512.6604614257812,415.0014953613281,546.419921875,0.1994488388299942,0.4903149604797363,0.0333955623209476,0.0312587581574916,reviewed,
1096,36.5365,2535,2,car,0.1162572801113128,600.0930786132812,500.92626953125,647.1837158203125,524.386962890625,0.3248116672039032,0.4746820628643036,0.0245263744145631,0.0217228643596172,reviewed,
1096,36.5365,2092,2,car,0.1936933994293213,283.1410217285156,520.2861328125,353.8564147949219,550.0831909179688,0.1658847481012344,0.4955413937568664,0.036830935627222,0.0275898687541484,reviewed,
1096,36.5365,2571,2,car,0.6642800569534302,1152.6776123046875,467.5349426269531,1244.70556640625,499.9954528808594,0.624318540096283,0.4479307532310486,0.0479312278330326,0.0300560276955366,reviewed,
1096,36.5365,2574,2,car,0.5111256241798401,1522.593017578125,456.7555236816406,1638.3724365234375,494.9809265136719,0.8231680393218994,0.4406187236309051,0.0603017807006835,0.0353938899934291,reviewed,
1096,36.5365,2586,2,car,0.3116981089115143,638.0403442382812,496.1734924316406,681.3887329101562,519.4542236328125,0.3436013162136078,0.4701980054378509,0.0225772857666015,0.021556232124567,reviewed,
1096,36.5365,2318,2,car,0.556209146976471,697.0005493164062,495.8336791992188,744.8717041015625,518.0487060546875,0.3754875957965851,0.4693900048732757,0.0249328929930925,0.0205694697797298,reviewed,
1096,36.5365,2459,2,car,0.3221118748188019,310.0956726074219,519.9576416015625,357.78790283203125,545.7494506835938,0.1739280074834823,0.4933828711509704,0.0248397029936313,0.0238813050091266,reviewed,
1096,36.5365,2602,2,car,0.463736891746521,780.1436157226562,487.3449096679688,825.3991088867188,515.1024780273438,0.4181100726127624,0.4640960097312927,0.0235705692321062,0.0257014520466327,reviewed,
1096,36.5365,2614,2,car,0.1208728924393653,460.7649841308594,510.6827392578125,511.4309692382813,534.7969360351562,0.2531760334968567,0.4840183854103088,0.0263885334134101,0.0223279595375061,reviewed,
1096,36.5365,2366,2,car,0.1602551937103271,216.607650756836,520.424560546875,352.7742004394531,558.3536987304688,0.1482765227556228,0.4994344115257263,0.0709200799465179,0.0351195707917213,reviewed,
1096,36.5365,2570,7,truck,0.3619880676269531,58.5549430847168,518.4925537109375,144.45069885253906,569.3621215820312,0.0528660528361797,0.5036364793777466,0.044737372547388,0.0471014529466629,reviewed,
1096,36.5365,2585,2,car,0.2577727437019348,0.0,519.7215576171875,35.8152961730957,560.492431640625,0.0093269003555178,0.5000990629196167,0.0186538007110357,0.0377508103847503,reviewed,
1097,36.56986666666667,749,2,car,0.9446150064468384,771.0499877929688,431.9440612792969,1240.01708984375,762.9017944335938,0.5237153768539429,0.5531693696975708,0.2442536950111389,0.3064423501491546,reviewed,
1097,36.56986666666667,1292,2,car,0.8243256211280823,1283.49072265625,464.1053771972656,1414.4305419921875,517.7449951171875,0.7025836706161499,0.4545603394508362,0.0681978240609169,0.0496663115918636,reviewed,
1097,36.56986666666667,2129,2,car,0.3026110231876373,395.01214599609375,511.2378845214844,432.3341674804688,540.37744140625,0.2154547721147537,0.4868589639663696,0.0194385536015033,0.0269810706377029,reviewed,
1097,36.56986666666667,2126,2,car,0.5767373442649841,56.63567352294922,520.7102661132812,145.20970153808594,571.231689453125,0.0525638982653617,0.5055286288261414,0.0461323074996471,0.0467790961265563,reviewed,
1097,36.56986666666667,2036,2,car,0.5356459617614746,434.02838134765625,510.3111572265625,506.6288146972656,539.0865478515625,0.2449628263711929,0.4858322739601135,0.0378127247095108,0.0266438797116279,reviewed,
1097,36.56986666666667,2494,2,car,0.3469986021518707,350.9844055175781,515.386962890625,410.8934631347656,547.5592041015625,0.1984056979417801,0.492104709148407,0.0312026347965002,0.0297891125082969,reviewed,
1097,36.56986666666667,2092,2,car,0.2751312553882599,282.3377990722656,519.6217041015625,355.0445556640625,552.3532104492188,0.1659849733114242,0.4962846636772156,0.0378681011497974,0.0303069502115249,reviewed,
1097,36.56986666666667,2571,2,car,0.6582598686218262,1151.20751953125,467.68463134765625,1245.3905029296875,501.91802978515625,0.6241140961647034,0.4488901197910309,0.0490536354482173,0.0316975899040699,reviewed,
1097,36.56986666666667,2574,2,car,0.4722292125225067,1514.6668701171875,454.8605041503906,1632.2257080078125,494.47503662109375,0.8195032477378845,0.4395072162151336,0.0612285621464252,0.0366801209747791,reviewed,
1097,36.56986666666667,2586,2,car,0.2457504719495773,632.729736328125,495.5030517578125,679.0778198242188,519.1646728515625,0.3416165709495544,0.4697535634040832,0.0241396259516477,0.0219089090824127,reviewed,
1097,36.56986666666667,2318,2,car,0.5588017702102661,696.4821166992188,495.8246765136719,744.5472412109375,518.3939208984375,0.3752680420875549,0.4695456624031067,0.0250339191406965,0.0208974480628967,reviewed,
1097,36.56986666666667,2459,2,car,0.3103811740875244,306.3577880859375,520.0577392578125,357.1207275390625,547.0526733398438,0.1727808564901352,0.4940325617790222,0.0264390315860509,0.0249953102320432,reviewed,
1097,36.56986666666667,2602,2,car,0.5270119905471802,784.9832153320312,486.9671325683594,828.2086791992188,515.1353759765625,0.420102059841156,0.4639363586902618,0.0225132629275321,0.0260817073285579,reviewed,
1097,36.56986666666667,2614,2,car,0.1123683676123619,465.1502380371094,511.2457885742188,508.0442810058594,534.4647216796875,0.2534360587596893,0.4841251969337463,0.0223406478762626,0.0214990116655826,reviewed,
1097,36.56986666666667,2366,2,car,0.1558744460344314,215.12469482421875,522.1738891601562,336.5075988769531,559.083740234375,0.1436542570590973,0.500582218170166,0.0632202625274658,0.0341757871210575,reviewed,
1097,36.56986666666667,2627,2,car,0.3427848517894745,604.372802734375,496.0822143554688,679.9022827148438,522.344970703125,0.3344466388225555,0.4714940786361694,0.0393382720649242,0.0243173670023679,reviewed,
1097,36.56986666666667,2570,7,truck,0.329929769039154,55.58158493041992,519.4608154296875,145.05496215820312,570.2888793945312,0.0522491000592708,0.5045138001441956,0.0466007143259048,0.0470630228519439,reviewed,
1097,36.56986666666667,2585,2,car,0.1024984717369079,0.0,519.2777709960938,36.98248672485352,561.8904418945312,0.0096308561041951,0.5005408525466919,0.0192617122083902,0.0394561775028705,reviewed,
1098,36.603233333333336,749,2,car,0.9472972750663756,770.5324096679688,431.5966491699219,1239.57470703125,762.83447265625,0.5234653949737549,0.5529773831367493,0.2442928701639175,0.3067016899585724,reviewed,
1098,36.603233333333336,1292,2,car,0.8341962099075317,1282.7586669921875,463.9220275878906,1414.00634765625,517.4930419921875,0.7022826075553894,0.4543588161468506,0.0683581680059433,0.0496027916669845,reviewed,
1098,36.603233333333336,2129,2,car,0.1788029223680496,395.6375427246094,513.1012573242188,430.8687438964844,539.7393798828125,0.2152360081672668,0.4874261915683746,0.0183495841920375,0.0246649291366338,reviewed,
1098,36.603233333333336,2126,2,car,0.567583441734314,54.31547546386719,521.240966796875,143.76828002929688,572.0574340820312,0.0515843108296394,0.5061566233634949,0.0465900041162967,0.0470522828400135,reviewed,
1098,36.603233333333336,2036,2,car,0.4882945716381073,431.8756713867188,512.2789916992188,505.7737426757813,539.4346923828125,0.2441795319318771,0.4869044423103332,0.0384885780513286,0.0251441672444343,reviewed,
1098,36.603233333333336,2494,2,car,0.2053042948246002,351.0074157714844,515.36181640625,414.6030578613281,548.1141357421875,0.1993777304887771,0.4923499822616577,0.0331227295100688,0.0303262211382389,reviewed,
1098,36.603233333333336,2092,2,car,0.1221387311816215,279.42578125,520.6038208007812,355.9796447753906,554.2146606445312,0.165470153093338,0.4976011514663696,0.0398718044161796,0.0311211477965116,reviewed,
1098,36.603233333333336,2571,2,car,0.6390851736068726,1148.7103271484375,467.7623901367188,1251.9442138671875,502.9104614257813,0.6251704692840576,0.4493855834007263,0.0537676475942134,0.0325445123016834,reviewed,
1098,36.603233333333336,2574,2,car,0.5195267796516418,1505.741455078125,455.0516662597656,1621.68408203125,494.23968505859375,0.814433753490448,0.4394867420196533,0.0603867843747139,0.0362852029502391,reviewed,
1098,36.603233333333336,2586,2,car,0.1511202603578567,631.8551025390625,494.7216491699219,675.8658447265625,518.7899169921875,0.3405523300170898,0.4692183434963226,0.0229222606867551,0.022285433486104,reviewed,
1098,36.603233333333336,2318,2,car,0.5300338864326477,695.5531616210938,495.7903442382813,744.409912109375,518.7769775390625,0.3749904036521911,0.4697071015834808,0.0254462249577045,0.0212839189916849,reviewed,
1098,36.603233333333336,2459,2,car,0.3561861217021942,308.0276184082031,520.44921875,356.63104248046875,548.1477661132812,0.1730882078409195,0.4947207868099212,0.0253142826259136,0.0256468039005994,reviewed,
1098,36.603233333333336,2602,2,car,0.6039660573005676,787.4500122070312,484.7169189453125,835.2182006835938,514.970458984375,0.4225698411464691,0.4628182351589203,0.024879265576601,0.0280125364661216,reviewed,
1098,36.603233333333336,2614,2,car,0.1345364451408386,459.2012939453125,511.3577575683594,509.794189453125,534.7135009765625,0.2523425817489624,0.4842922687530517,0.0263504665344953,0.0216256882995367,reviewed,
1098,36.603233333333336,2366,2,car,0.1106980517506599,214.95518493652344,521.3824462890625,346.1893615722656,559.6936645507812,0.1461313813924789,0.5004982352256775,0.0683511346578598,0.0354733504354953,reviewed,
1098,36.603233333333336,2627,2,car,0.2900444269180298,603.2916259765625,496.1285400390625,674.8585205078125,522.447509765625,0.3328515887260437,0.4715629816055298,0.0372744239866733,0.024369416758418,reviewed,
1098,36.603233333333336,2570,7,truck,0.2550539970397949,54.02203750610352,519.999267578125,143.1970672607422,570.9644775390625,0.0513591393828392,0.5050758123397827,0.0464453287422657,0.0471900105476379,reviewed,
1098,36.603233333333336,2585,2,car,0.1074757054448127,0.0,526.0696411132812,32.14902877807617,562.8709106445312,0.0083721429109573,0.5041391253471375,0.0167442858219146,0.0340752489864826,reviewed,
1099,36.6366,749,2,car,0.9468876123428344,770.391845703125,431.284423828125,1239.297119140625,762.9801025390625,0.5233564972877502,0.5529002547264099,0.244221493601799,0.3071256279945373,reviewed,
1099,36.6366,1292,2,car,0.8405368328094482,1282.597900390625,463.7708129882813,1413.8189697265625,517.4108276367188,0.702191948890686,0.4542507529258728,0.068344309926033,0.0496666803956031,reviewed,
1099,36.6366,2129,2,car,0.1979701220989227,396.170654296875,513.9759521484375,430.0981140136719,539.595947265625,0.2151741683483123,0.4877647757530212,0.0176705513149499,0.0237222183495759,reviewed,
1099,36.6366,2126,2,car,0.5506030917167664,53.78433609008789,522.030029296875,143.3434600830078,572.2781372070312,0.0513353608548641,0.5066241025924683,0.0466453805565834,0.0465260259807109,reviewed,
1099,36.6366,2036,2,car,0.5163982510566711,431.2902221679688,513.0413208007812,505.580322265625,539.4925537109375,0.2439766973257064,0.487284243106842,0.0386927612125873,0.0244918819516897,reviewed,
1099,36.6366,2494,2,car,0.1127345338463783,351.009033203125,517.5409545898438,412.6037292480469,548.4544067382812,0.1988575011491775,0.4935163855552673,0.0320805720984935,0.0286235660314559,reviewed,
1099,36.6366,2092,2,car,0.111222818493843,279.12432861328125,521.20654296875,355.3534240722656,555.3953857421875,0.1652285903692245,0.4984268248081207,0.0397026538848876,0.0316563360393047,reviewed,
1099,36.6366,2571,2,car,0.6829422116279602,1145.867919921875,467.8596496582031,1261.322998046875,503.068359375,0.6268726587295532,0.4495036900043487,0.0601328536868095,0.0326006561517715,reviewed,
1099,36.6366,2574,2,car,0.6808199286460876,1495.399169921875,456.1804504394531,1610.4261474609375,494.9206237792969,0.8088086247444153,0.4403245747089386,0.0599098838865757,0.0358705297112464,reviewed,
1099,36.6366,2586,2,car,0.1258503645658493,628.3132934570312,496.2792053222656,674.1024169921875,518.7872314453125,0.3391707837581634,0.4699381589889526,0.0238485019654035,0.0208407640457153,reviewed,
1099,36.6366,2318,2,car,0.5386673212051392,695.0143432617188,495.8587646484375,743.2399291992188,519.0398559570312,0.3745453953742981,0.4698604643344879,0.0251174923032522,0.0214639734476804,reviewed,
1099,36.6366,2459,2,car,0.270192414522171,310.721923828125,520.7913208007812,356.5931701660156,548.7901000976562,0.1737799644470214,0.4951765835285187,0.0238912738859653,0.0259247962385416,reviewed,
1099,36.6366,2602,2,car,0.6769207119941711,785.9002685546875,484.4928588867188,836.3870239257812,514.4844360351562,0.4224706590175628,0.4624894857406616,0.0262951850891113,0.0277699790894985,reviewed,
1099,36.6366,2614,2,car,0.1306772232055664,464.5118713378906,511.48236083984375,510.4059448242188,534.8455200195312,0.2538848519325256,0.4844110608100891,0.0239031631499528,0.0216325540095567,reviewed,
1099,36.6366,2366,2,car,0.1010700762271881,212.80081176757807,514.923583984375,317.22235107421875,560.5230712890625,0.1380268782377243,0.4978919625282287,0.0543862171471118,0.0422217473387718,reviewed,
1099,36.6366,2627,2,car,0.328547716140747,603.0250244140625,496.4245910644531,673.1171875,523.0992431640625,0.3323287069797516,0.4720017611980438,0.0365063361823558,0.0246987510472536,reviewed,
1099,36.6366,2585,2,car,0.1159379407763481,0.0001099154469557,525.3411865234375,30.31513786315918,562.8818969726562,0.0078945960849523,0.503807008266449,0.0157890766859054,0.0347599163651466,reviewed,
1100,36.66996666666667,749,2,car,0.947002112865448,770.3592529296875,430.9516906738281,1239.0216064453125,762.9533081054688,0.5232762694358826,0.552733838558197,0.2440949827432632,0.3074088990688324,reviewed,
1100,36.66996666666667,1292,2,car,0.8423163294792175,1282.431884765625,463.540283203125,1413.8040771484375,517.16064453125,0.7021447420120239,0.4540282189846039,0.0684230178594589,0.0496484823524951,reviewed,
1100,36.66996666666667,2129,2,car,0.2047451734542846,396.3265075683594,513.9533081054688,429.8069458007813,539.922607421875,0.2151389122009277,0.4879055321216583,0.0174377281218767,0.0240456480532884,reviewed,
1100,36.66996666666667,2126,2,car,0.552919328212738,54.00632858276367,522.3753051757812,143.59188842773438,572.2568359375,0.0514578707516193,0.5067741274833679,0.0466591455042362,0.0461866036057472,reviewed,
1100,36.66996666666667,2036,2,car,0.5428829193115234,431.7547607421875,513.15478515625,505.7630920410156,539.6192016601562,0.2441452592611313,0.4873953461647033,0.0385460071265697,0.0245040897279977,reviewed,
1100,36.66996666666667,2494,2,car,0.1125778034329414,351.1715087890625,518.5652465820312,412.0143127441406,548.6448364257812,0.1987462937831878,0.4940787553787231,0.0316889621317386,0.0278514716774225,reviewed,
1100,36.66996666666667,2092,2,car,0.1029942110180854,279.0511474609375,521.047119140625,356.37158203125,555.4562377929688,0.1654746681451797,0.4983811974525451,0.040271058678627,0.0318602956831455,reviewed,
1100,36.66996666666667,2571,2,car,0.6149128675460815,1144.1737060546875,467.2495727539063,1269.5601806640625,502.9201049804688,0.6285765171051025,0.4491526186466217,0.0653054565191268,0.033028271049261,reviewed,
1100,36.66996666666667,2574,2,car,0.5800291895866394,1487.4605712890625,456.0382080078125,1603.781982421875,494.2674865722656,0.8050110936164856,0.4399563372135162,0.0605840682983398,0.0353974811732769,reviewed,
1100,36.66996666666667,2586,2,car,0.1190369054675102,624.425537109375,498.466064453125,672.5123901367188,519.1019287109375,0.337744265794754,0.4710963070392608,0.0250452365726232,0.0191072821617126,reviewed,
1100,36.66996666666667,2318,2,car,0.5433164834976196,694.6991577148438,495.929443359375,743.1027221679688,519.2938842773438,0.3744275867938995,0.4700107872486114,0.0252101905643939,0.0216337423771619,reviewed,
1100,36.66996666666667,2459,2,car,0.3138098120689392,311.4610290527344,520.4502563476562,356.88067626953125,549.1931762695312,0.1740473061800003,0.495205283164978,0.023656066507101,0.0266138147562742,reviewed,
1100,36.66996666666667,2602,2,car,0.5783842206001282,781.969970703125,483.8995666503906,837.4776611328125,514.2940673828125,0.4217311441898346,0.4621266722679138,0.0289102550595998,0.0281430557370185,reviewed,
1100,36.66996666666667,2614,2,car,0.1377713233232498,469.68206787109375,511.6809387207031,512.3267822265625,534.8934326171875,0.255731463432312,0.4845251441001892,0.0222107879817485,0.0214930493384599,reviewed,
1100,36.66996666666667,2366,2,car,0.1306057274341583,214.0282745361328,516.9279174804688,340.0396728515625,560.6123046875,0.1442885249853134,0.4988612532615661,0.0656309351325035,0.0404485054314136,reviewed,
1100,36.66996666666667,2627,2,car,0.4085064828395843,599.8829956054688,496.7958984375,671.55078125,524.681884765625,0.3311025500297546,0.4729063808917999,0.0373269729316234,0.0258203577250242,reviewed,
1100,36.66996666666667,2585,2,car,0.2156862765550613,0.1058889254927635,527.8582763671875,29.596529006958008,563.2263793945312,0.0077350046485662,0.5051318407058716,0.0153597090393304,0.032748244702816,reviewed,
1101,36.70333333333333,749,2,car,0.945874273777008,770.077880859375,430.6987609863281,1238.630859375,763.0792846679688,0.5231012105941772,0.5526750087738037,0.2440380156040191,0.3077597320079803,reviewed,
1101,36.70333333333333,1292,2,car,0.8350012302398682,1282.4542236328125,463.2542419433594,1413.5677490234375,516.8360595703125,0.7020890712738037,0.4537455141544342,0.0682882964611053,0.0496127940714359,reviewed,
1101,36.70333333333333,2129,2,car,0.1825306564569473,396.9738464355469,514.1013793945312,429.3452758789063,539.7911987304688,0.2151872664690017,0.4879132211208343,0.016860119998455,0.0237868689000606,reviewed,
1101,36.70333333333333,2126,2,car,0.5961514711380005,53.84563827514648,522.7432250976562,143.4429473876953,572.332763671875,0.0513772368431091,0.5069795846939087,0.0466652624309062,0.0459162406623363,reviewed,
1101,36.70333333333333,2036,2,car,0.579226553440094,430.5080871582031,513.0186767578125,506.1174926757813,539.715087890625,0.2439129203557968,0.4873767495155334,0.0393798984587192,0.0247188992798328,reviewed,
1101,36.70333333333333,2494,2,car,0.1568836420774459,351.2676086425781,519.1371459960938,410.4843444824219,548.6952514648438,0.1983729004859924,0.494366854429245,0.0308420490473508,0.0273686163127422,reviewed,
1101,36.70333333333333,2092,2,car,0.1245501488447189,277.2460021972656,521.1480712890625,357.2209777832031,556.7523193359375,0.1652257740497589,0.4990279674530029,0.0416536331176757,0.0329668968915939,reviewed,
1101,36.70333333333333,2571,2,car,0.598834216594696,1152.1884765625,467.9754943847656,1277.8487548828125,502.7575378417969,0.6328221559524536,0.4494134485721588,0.065448060631752,0.0322055965662002,reviewed,
1101,36.70333333333333,2574,2,car,0.557533860206604,1480.720458984375,455.4775085449219,1596.3643798828125,494.2405090332031,0.801324188709259,0.4396842718124389,0.0602312088012695,0.0358916670083999,reviewed,
1101,36.70333333333333,2318,2,car,0.5500426292419434,694.2278442382812,496.0435485839844,743.860595703125,519.4972534179688,0.3745021820068359,0.4701577723026275,0.0258503910154104,0.0217163935303688,reviewed,
1101,36.70333333333333,2459,2,car,0.3118928968906402,312.32037353515625,520.3037719726562,356.7445068359375,549.2987060546875,0.1742356419563293,0.4951863586902618,0.0231375694274902,0.0268471613526344,reviewed,
1101,36.70333333333333,2602,2,car,0.5330266952514648,778.450927734375,484.3051452636719,836.78466796875,513.5137939453125,0.4206342697143554,0.4619532227516174,0.0303821563720703,0.0270450450479984,reviewed,
1101,36.70333333333333,2614,2,car,0.1618049293756485,472.76177978515625,511.90423583984375,518.0640869140625,534.8973388671875,0.258027583360672,0.4846303164958954,0.0235949512571096,0.0212899111211299,reviewed,
1101,36.70333333333333,2627,2,car,0.5188473463058472,598.5462646484375,497.1806335449219,669.1546630859375,524.6390380859375,0.3301304578781128,0.4730646908283233,0.0367752090096473,0.0254244487732648,reviewed,
1101,36.70333333333333,2585,2,car,0.3050366640090942,0.1094156429171562,530.8572387695312,29.28219223022461,563.7408447265625,0.0076540643349289,0.5067583918571472,0.0151941543444991,0.0304477829486131,reviewed,
1101,36.70333333333333,2634,2,car,0.3281443417072296,731.2293701171875,496.3621215820313,752.2389526367188,517.0907592773438,0.3863198459148407,0.4691911339759826,0.0109424907714128,0.0191931836307048,reviewed,
1101,36.70333333333333,2537,2,car,0.3965213000774383,795.3035888671875,487.1283874511719,834.7849731445312,513.9673461914062,0.4245022535324096,0.4634702205657959,0.0205632206052541,0.0248508881777524,reviewed,
1102,36.7367,749,2,car,0.9467527270317078,769.9623413085938,430.4949340820313,1238.4720458984375,762.8980102539062,0.5230297446250916,0.5524967312812805,0.2440154701471328,0.3077806234359741,reviewed,
1102,36.7367,1292,2,car,0.8338069915771484,1282.8350830078125,463.2718200683594,1413.3155517578125,516.7364501953125,0.7021225690841675,0.4537075459957123,0.067958578467369,0.0495042875409126,reviewed,
1102,36.7367,2129,2,car,0.1469843983650207,396.8034057617188,514.896240234375,428.796630859375,540.7670288085938,0.2150000035762787,0.4887330234050751,0.0166631378233432,0.0239544343203306,reviewed,
1102,36.7367,2126,2,car,0.5802145600318909,53.75226593017578,522.6969604492188,142.9339599609375,572.4765014648438,0.0512203685939312,0.5070247650146484,0.0464488007128238,0.0460921674966812,reviewed,
1102,36.7367,2036,2,car,0.5756399631500244,430.5079956054688,512.7056884765625,506.3541870117188,539.645751953125,0.2439745217561721,0.4871997535228729,0.0395032241940498,0.0249445028603076,reviewed,
1102,36.7367,2494,2,car,0.196978360414505,351.2503967285156,520.9769897460938,409.5326843261719,549.02392578125,0.1981205940246582,0.4953708350658417,0.0303553584963083,0.025969386100769,reviewed,
1102,36.7367,2092,2,car,0.1026578173041343,276.235107421875,522.0886840820312,356.834228515625,557.3963623046875,0.1648618131875991,0.4997616112232208,0.0419787093997001,0.0326922945678234,reviewed,
1102,36.7367,2571,2,car,0.5781874656677246,1167.737548828125,468.60394287109375,1283.6072998046875,502.0189514160156,0.6383710503578186,0.4493624567985534,0.0603488273918628,0.0309398230165243,reviewed,
1102,36.7367,2574,2,car,0.5406100749969482,1472.8006591796875,456.4907531738281,1585.9508056640625,494.273681640625,0.7965498566627502,0.4401687085628509,0.0589323677122592,0.0349841937422752,reviewed,
1102,36.7367,2318,2,car,0.5533157587051392,693.62890625,496.464111328125,744.0296020507812,519.6924438476562,0.3743902146816253,0.4704428613185882,0.0262503623962402,0.021507715806365,reviewed,
1102,36.7367,2459,2,car,0.3182243704795837,312.1568908691406,520.711669921875,356.4579467773437,549.5198974609375,0.1741184592247009,0.4954775869846344,0.0230734664946794,0.026674285531044,reviewed,
1102,36.7367,2602,2,car,0.609670102596283,775.4525756835938,484.2673034667969,835.8048095703125,513.3157348632812,0.419598251581192,0.4618439972400665,0.031433455646038,0.026896696537733,reviewed,
1102,36.7367,2614,2,car,0.1697229444980621,473.6109008789063,512.2169799804688,520.875244140625,534.9234008789062,0.25898078083992,0.4847872257232666,0.0246168449521064,0.0210244636982679,reviewed,
1102,36.7367,2627,2,car,0.4691732823848724,598.8577880859375,496.9573974609375,666.4534912109375,524.16943359375,0.3295081555843353,0.4727438986301422,0.0352060943841934,0.0251963306218385,reviewed,
1102,36.7367,2585,2,car,0.291450947523117,0.1343095153570175,532.6646118164062,29.074024200439453,564.0651245117188,0.0076063368469476,0.5077452659606934,0.0150727676227688,0.0290745496749877,reviewed,
1102,36.7367,2634,2,car,0.3444724977016449,730.7183837890625,496.9319458007813,751.8896484375,517.21044921875,0.3860958516597748,0.4695103764533996,0.011026700027287,0.0187763925641775,reviewed,
1102,36.7367,2537,2,car,0.1561061590909958,801.3483276367188,484.854248046875,838.2017822265625,514.0543212890625,0.4269661605358124,0.4624576568603515,0.0191945079714059,0.0270371045917272,reviewed,
1103,36.770066666666665,749,2,car,0.947319746017456,768.9679565429688,430.5326232910156,1237.969482421875,762.8551635742188,0.5226399898529053,0.5524943470954895,0.2442716211080551,0.3077060580253601,reviewed,
1103,36.770066666666665,1292,2,car,0.8213019371032715,1282.6151123046875,463.0815124511719,1412.753173828125,516.7025756835938,0.7019187808036804,0.4536037445068359,0.0677802413702011,0.0496491342782974,reviewed,
1103,36.770066666666665,2129,2,car,0.1444514989852905,397.0257568359375,515.4747924804688,428.233642578125,541.3233642578125,0.2149112969636917,0.4892583787441253,0.0162541065365076,0.0239338632673025,reviewed,
1103,36.770066666666665,2126,2,car,0.5481148958206177,53.4368896484375,522.1546020507812,141.96389770507812,572.5432739257812,0.050885621458292,0.5068045854568481,0.046107817441225,0.0466561764478683,reviewed,
1103,36.770066666666665,2036,2,car,0.543091893196106,431.68841552734375,512.4705200195312,507.0744934082031,539.6570434570312,0.2444695085287094,0.4870961010456085,0.0392635837197303,0.0251727066934108,reviewed,
1103,36.770066666666665,2494,2,car,0.2201197147369384,350.6805114746094,520.9413452148438,409.9817810058594,549.2857055664062,0.198089137673378,0.4954755008220672,0.0308860782533884,0.0262447781860828,reviewed,
1103,36.770066666666665,2092,2,car,0.1063334122300148,275.165283203125,523.523193359375,354.0534362792969,557.9210815429688,0.1638590544462204,0.5006686449050903,0.0410875789821147,0.0318498946726322,reviewed,
1103,36.770066666666665,2571,2,car,0.5123973488807678,1184.471923828125,468.5444946289063,1294.1212158203125,506.00830078125,0.6454669833183289,0.4511818587779999,0.0571090057492256,0.0346887111663818,reviewed,
1103,36.770066666666665,2574,2,car,0.5184740424156189,1464.50537109375,456.1253662109375,1578.1402587890625,494.0162353515625,0.7923555970191956,0.43988037109375,0.0591848380863666,0.0350841395556926,reviewed,
1103,36.770066666666665,2318,2,car,0.5707743763923645,693.39306640625,496.7398986816406,742.3531494140625,519.7777709960938,0.3738922476768493,0.4706100523471832,0.0255000423640012,0.0213313624262809,reviewed,
1103,36.770066666666665,2459,2,car,0.3061168789863586,313.8241882324219,521.376708984375,355.4778747558594,549.7206420898438,0.1742974072694778,0.4958784282207489,0.0216946285218,0.0262443833053112,reviewed,
1103,36.770066666666665,2602,2,car,0.5759625434875488,772.5401000976562,484.174072265625,834.4778442382812,513.61328125,0.4184942543506622,0.4619385898113251,0.0322592407464981,0.027258526533842,reviewed,
1103,36.770066666666665,2614,2,car,0.1930711567401886,472.8981018066406,511.7342529296875,521.4344482421875,534.9232177734375,0.2589407563209533,0.4845636487007141,0.0252793468534946,0.0214712638407945,reviewed,
1103,36.770066666666665,2627,2,car,0.5401595830917358,598.03466796875,498.6673583984375,664.2131958007812,524.340576171875,0.3287103772163391,0.4736147820949554,0.0344679839909076,0.0237714983522892,reviewed,
1103,36.770066666666665,2585,2,car,0.2105858474969864,0.0,533.7102661132812,27.650617599487305,563.6486206054688,0.0072006816044449,0.5080364942550659,0.0144013632088899,0.0277206990867853,reviewed,
1103,36.770066666666665,2634,2,car,0.2712239921092987,729.4773559570312,497.1968688964844,751.2811889648438,517.1492309570312,0.3856142163276672,0.4696046710014343,0.0113561628386378,0.0184744093567132,reviewed,
1103,36.770066666666665,2637,2,car,0.5447214841842651,1136.1700439453125,464.5279846191406,1193.143798828125,498.359619140625,0.6065921783447266,0.4457812905311584,0.0296738315373659,0.0313255861401557,reviewed,
1104,36.80343333333333,749,2,car,0.9484411478042604,767.7859497070312,430.9277038574219,1236.7799072265625,763.1172485351562,0.5220223665237427,0.5527985692024231,0.2442676872014999,0.3075829148292541,reviewed,
1104,36.80343333333333,1292,2,car,0.8206040263175964,1281.492431640625,462.6818542480469,1412.1082763671875,516.552734375,0.7014585137367249,0.4533493518829345,0.0680290833115577,0.0498804450035095,reviewed,
1104,36.80343333333333,2129,2,car,0.2862119078636169,393.87451171875,515.3619384765625,428.4089050292969,542.1727294921875,0.214136317372322,0.4895993769168854,0.0179866626858711,0.0248248074203729,reviewed,
1104,36.80343333333333,2126,2,car,0.6065433025360107,54.09239196777344,522.2354736328125,141.75570678710938,573.5377197265625,0.0510021075606346,0.5073024034500122,0.0456579774618148,0.04750207811594,reviewed,
1104,36.80343333333333,2036,2,car,0.6058591604232788,430.4466247558594,512.6983642578125,506.012939453125,540.3229370117188,0.2438696920871734,0.4875098466873169,0.0393574573099613,0.0255783088505268,reviewed,
1104,36.80343333333333,2494,2,car,0.4607589542865753,350.8457946777344,518.3489990234375,408.5768127441406,549.2445068359375,0.1977663040161132,0.4942562580108642,0.0300682391971349,0.0286069512367248,reviewed,
1104,36.80343333333333,2092,2,car,0.1432679891586303,274.63543701171875,523.9788208007812,353.6010131835937,557.060546875,0.1636032462120056,0.5004811882972717,0.0411279052495956,0.0306312274187803,reviewed,
1104,36.80343333333333,2571,2,car,0.530143141746521,1196.364990234375,468.5780944824219,1293.375732421875,502.6776123046875,0.6483699679374695,0.4496554434299469,0.0505264289677143,0.0315736271440982,reviewed,
1104,36.80343333333333,2574,2,car,0.5385633111000061,1456.5255126953125,456.8296508789063,1568.9444580078125,493.1085205078125,0.7878828048706055,0.4397861957550049,0.0585515350103378,0.0335915461182594,reviewed,
1104,36.80343333333333,2318,2,car,0.5805445909500122,692.6817626953125,497.0846252441406,742.1466674804688,519.8816528320312,0.3736532330513,0.4708177447319031,0.0257629714906215,0.0211083590984344,reviewed,
1104,36.80343333333333,2459,2,car,0.3407867550849914,314.3168334960937,522.0008544921875,354.4606018066406,550.0178833007812,0.1741607934236526,0.496304988861084,0.0209082122892141,0.0259416941553354,reviewed,
1104,36.80343333333333,2602,2,car,0.5551201105117798,768.5767211914062,484.6369934082031,832.92578125,513.1406860351562,0.4170579314231872,0.4619341194629669,0.0335151366889476,0.0263923071324825,reviewed,
1104,36.80343333333333,2614,2,car,0.1729818284511566,473.8979187011719,511.96484375,520.0721435546875,534.8900146484375,0.2588463723659515,0.4846550226211548,0.024049075320363,0.0212270095944404,reviewed,
1104,36.80343333333333,2627,2,car,0.3612895011901855,599.05615234375,500.1344604492188,660.8396606445312,524.2721557617188,0.3280978500843048,0.4742623269557953,0.0321789123117923,0.0223497170954942,reviewed,
1104,36.80343333333333,2585,2,car,0.124238334596157,0.0,537.1058959960938,26.539587020874023,564.4060668945312,0.0069113508798182,0.5099592208862305,0.0138227017596364,0.0252779368311166,reviewed,
1104,36.80343333333333,2634,2,car,0.315034419298172,723.4070434570312,497.393798828125,750.385986328125,517.121826171875,0.3838002383708954,0.4696831703186035,0.0140515323728322,0.0182666927576065,reviewed,
1104,36.80343333333333,2637,2,car,0.571715235710144,1135.611328125,465.906005859375,1186.9521484375,497.537109375,0.604834258556366,0.4460384845733642,0.0267400108277797,0.0292880591005086,reviewed,
1105,36.8368,749,2,car,0.9464468955993652,767.046630859375,430.8333740234375,1236.12939453125,763.4682006835938,0.5216604471206665,0.5529173612594604,0.2443139404058456,0.3079952001571655,reviewed,
1105,36.8368,1292,2,car,0.8251423835754395,1281.4947509765625,462.6614990234375,1411.588623046875,516.4929809570312,0.7013238072395325,0.4533122479915619,0.0677572265267372,0.0498439632356166,reviewed,
1105,36.8368,2129,2,car,0.2594525814056396,391.19482421875,516.0156860351562,428.2293701171875,542.3296508789062,0.2133917212486267,0.489974707365036,0.0192888267338275,0.0243647824972867,reviewed,
1105,36.8368,2126,2,car,0.6654326915740967,53.15721130371094,522.316650390625,141.24295043945312,573.5089721679688,0.0506250411272048,0.5073267221450806,0.0458779893815517,0.0474002994596958,reviewed,
1105,36.8368,2036,2,car,0.5716577768325806,429.2628173828125,512.4616088867188,504.9917602539063,540.406005859375,0.2432954609394073,0.4874387383460998,0.0394421592354774,0.0258744414895772,reviewed,
1105,36.8368,2494,2,car,0.342374175786972,350.72296142578125,515.9008178710938,409.4966125488281,549.0289916992188,0.1979738622903823,0.4930230677127838,0.0306112766265869,0.030674235895276,reviewed,
1105,36.8368,2092,2,car,0.1412291228771209,273.7530822753906,523.6974487304688,353.7003173828125,555.760986328125,0.1633993089199066,0.4997493028640747,0.0416391864418983,0.0296884607523679,reviewed,
1105,36.8368,2571,2,car,0.5652387738227844,1204.563232421875,468.3975830078125,1294.4759521484375,502.5667114257813,0.6507914066314697,0.4495204985141754,0.0468295402824878,0.0316380821168422,reviewed,
1105,36.8368,2574,2,car,0.5701993107795715,1447.6475830078125,456.2468566894531,1560.6895751953125,493.14654541015625,0.7834211587905884,0.4395340085029602,0.0588760375976562,0.0341663770377635,reviewed,
1105,36.8368,2318,2,car,0.577707827091217,692.4088745117188,497.139892578125,739.6715698242188,519.6752319335938,0.3729376196861267,0.4707477390766144,0.0246159862726926,0.0208660550415515,reviewed,
1105,36.8368,2459,2,car,0.3984411954879761,314.1286315917969,521.8950805664062,353.93096923828125,550.2368774414062,0.1739738434553146,0.4963573813438415,0.0207303836941719,0.0262424051761627,reviewed,
1105,36.8368,2602,2,car,0.4902551472187042,763.3377075195312,485.1463928222656,829.17919921875,512.9139404296875,0.4147179424762726,0.4620649516582489,0.0342924445867538,0.0257106926292181,reviewed,
1105,36.8368,2614,2,car,0.1599875837564468,472.72271728515625,511.2904357910156,518.8624877929688,534.8218383789062,0.2582253217697143,0.4843112528324127,0.0240311305969953,0.0217883363366127,reviewed,
1105,36.8368,2627,2,car,0.4575009644031524,602.4209594726562,500.6914367675781,657.6790161132812,524.2616577148438,0.3281510472297668,0.4745153486728668,0.0287802387028932,0.0218242779374122,reviewed,
1105,36.8368,2585,2,car,0.1233120039105415,0.0,537.5039672851562,25.72221565246582,564.5623779296875,0.0066984938457608,0.5102159380912781,0.0133969876915216,0.0250540841370821,reviewed,
1105,36.8368,2634,2,car,0.2237718850374221,722.6758422851562,497.0921325683594,750.0267333984375,517.1564331054688,0.3835163116455078,0.4695595204830169,0.0142452558502554,0.0185780562460422,reviewed,
1105,36.8368,2637,2,car,0.3214400112628937,1135.6678466796875,467.2578125,1180.915283203125,496.1802673339844,0.6032768487930298,0.446036159992218,0.0235663726925849,0.0267800502479076,reviewed,
1106,36.87016666666667,749,2,car,0.9441621899604796,766.2297973632812,429.6893615722656,1236.51904296875,764.5562133789062,0.5215491652488708,0.5528914928436279,0.2449423223733902,0.310061901807785,reviewed,
1106,36.87016666666667,1292,2,car,0.8366460204124451,1281.4720458984375,462.7615661621094,1411.33642578125,516.5026245117188,0.7012522220611572,0.4533630311489105,0.0676376968622207,0.049760241061449,reviewed,
1106,36.87016666666667,2129,2,car,0.2248730808496475,391.9607543945313,516.3716430664062,427.6034240722656,542.525634765625,0.213428184390068,0.4902302026748657,0.0185638908296823,0.0242166593670845,reviewed,
1106,36.87016666666667,2126,2,car,0.7070409655570984,52.13783264160156,522.4746704101562,140.37538146972656,573.4716186523438,0.0501336492598056,0.5073825120925903,0.0459570549428463,0.0472193956375122,reviewed,
1106,36.87016666666667,2036,2,car,0.5881764888763428,428.3551635742188,512.3041381835938,504.6232604980469,540.4772338867188,0.2429631203413009,0.4873987734317779,0.0397229678928852,0.0260862000286579,reviewed,
1106,36.87016666666667,2494,2,car,0.3860457837581634,349.27032470703125,514.6658935546875,408.7809448242188,549.3826904296875,0.1974091827869415,0.4926150739192962,0.030995113775134,0.0321451835334301,reviewed,
1106,36.87016666666667,2092,2,car,0.1416262090206146,273.87548828125,523.4197998046875,353.6603698730469,555.1832885742188,0.1634208112955093,0.4993532598018646,0.0415546260774135,0.0294106379151344,reviewed,
1106,36.87016666666667,2571,2,car,0.6945438981056213,1211.99951171875,468.5628356933594,1295.36767578125,502.4571228027344,0.6529601812362671,0.4495462775230407,0.0434209182858467,0.0313836000859737,reviewed,
1106,36.87016666666667,2574,2,car,0.5837746858596802,1438.5443115234375,455.8005065917969,1551.48388671875,493.7760009765625,0.7786532044410706,0.4396187663078308,0.0588226951658725,0.0351624935865402,reviewed,
1106,36.87016666666667,2318,2,car,0.5913490653038025,692.170654296875,497.1570739746094,739.004150390625,519.4711303710938,0.3727017641067505,0.4706611931324005,0.0243924465030431,0.0206611640751361,reviewed,
1106,36.87016666666667,2459,2,car,0.408316820859909,313.4599609375,522.053466796875,353.8152160644531,550.32080078125,0.1737695634365081,0.4964695572853088,0.021018361672759,0.0261734575033187,reviewed,
1106,36.87016666666667,2602,2,car,0.6071553826332092,760.5858154296875,485.0764465332031,829.0381469726562,512.41650390625,0.4139645993709564,0.4618022739887237,0.035652257502079,0.0253148674964904,reviewed,
1106,36.87016666666667,2614,2,car,0.1494563221931457,471.8251953125,508.6881713867188,520.5125122070312,534.6669311523438,0.2584212720394134,0.4830347597599029,0.0253579784184694,0.0240544080734252,reviewed,
1106,36.87016666666667,2627,2,car,0.3290939331054687,603.2783203125,500.2777404785156,655.4642333984375,523.8223876953125,0.327797532081604,0.4741204082965851,0.0271801631897687,0.0218005999922752,reviewed,
1106,36.87016666666667,2585,2,car,0.1737200915813446,0.0,536.9793090820312,25.11296272277832,564.4849243164062,0.0065398341976106,0.5099371671676636,0.0130796683952212,0.025468161329627,reviewed,
1106,36.87016666666667,2634,2,car,0.1846744418144226,720.143310546875,496.8402404785156,749.4632568359375,517.1121215820312,0.3827100396156311,0.4694223999977112,0.0152708049863576,0.0187702607363462,reviewed,
1106,36.87016666666667,2637,2,car,0.2941098213195801,1140.879638671875,468.3117065429688,1175.0037841796875,494.4300537109375,0.6030946373939514,0.4457137882709503,0.0177729930728673,0.0241836551576852,reviewed,
1106,36.87016666666667,2366,2,car,0.3156535625457763,210.00357055664065,524.0176391601562,342.7522888183594,561.5626831054688,0.1439468413591385,0.5025835037231445,0.0691399574279785,0.034763928502798,reviewed,
1107,36.903533333333336,749,2,car,0.9435381293296814,766.6766967773438,429.8670959472656,1236.319580078125,764.275634765625,0.5216136574745178,0.5528438687324524,0.2446056753396988,0.3096375465393066,reviewed,
1107,36.903533333333336,1292,2,car,0.8542428016662598,1281.0894775390625,462.7312316894531,1411.1390380859375,516.4762573242188,0.7011011838912964,0.4533368051052093,0.0677341446280479,0.0497639141976833,reviewed,
1107,36.903533333333336,2129,2,car,0.20747771859169,392.2472229003906,514.8279418945312,427.6064453125,542.1145629882812,0.2135035544633865,0.4893252253532409,0.0184162613004446,0.0252653900533914,reviewed,
1107,36.903533333333336,2126,2,car,0.6671927571296692,50.78813552856445,522.7613525390625,139.6856231689453,573.1744995117188,0.0496025420725345,0.5073776841163635,0.0463007763028144,0.0466788411140441,reviewed,
1107,36.903533333333336,2036,2,car,0.6029847264289856,427.5335083007813,512.2821655273438,504.5208129882813,540.2589111328125,0.2427224814891815,0.4872875213623047,0.0400975532829761,0.025904394686222,reviewed,
1107,36.903533333333336,2494,2,car,0.3362107872962951,348.6570739746094,513.265380859375,408.8823852539063,549.2166137695312,0.1972758919000625,0.4918897747993469,0.0313673503696918,0.0332881771028041,reviewed,
1107,36.903533333333336,2092,2,car,0.1310122311115265,274.9191589355469,522.8839111328125,353.9905090332031,554.25732421875,0.1637785583734512,0.4986765086650848,0.0411829948425293,0.0290494561195373,reviewed,
1107,36.903533333333336,2571,2,car,0.6781193017959595,1221.8333740234375,468.0186767578125,1298.7874755859375,500.4435729980469,0.6564117074012756,0.4483621716499328,0.0400802604854106,0.0300230514258146,reviewed,
1107,36.903533333333336,2574,2,car,0.5646068453788757,1445.9595947265625,455.791748046875,1542.71240234375,493.5856323242188,0.7782999873161316,0.4395265579223633,0.0503920875489711,0.0349943377077579,reviewed,
1107,36.903533333333336,2318,2,car,0.6043387055397034,692.048583984375,497.0294799804688,739.784423828125,519.381103515625,0.3728731870651245,0.4705604612827301,0.024862416088581,0.0206959471106529,reviewed,
1107,36.903533333333336,2459,2,car,0.4177297949790954,311.75177001953125,521.6727294921875,353.8435974121094,550.2568969726562,0.1733321249485016,0.4962637424468994,0.0219228267669677,0.0264668222516775,reviewed,
1107,36.903533333333336,2602,2,car,0.6495139002799988,757.988525390625,484.2812194824219,828.4932250976562,512.4496459960938,0.4131462872028351,0.4614494740962982,0.0367211960256099,0.0260818768292665,reviewed,
1107,36.903533333333336,2614,2,car,0.138519138097763,470.5553894042969,508.0581970214844,521.7136840820312,534.54638671875,0.2584033906459808,0.4826873242855072,0.0266449451446533,0.0245261024683713,reviewed,
1107,36.903533333333336,2627,2,car,0.4397485554218292,601.1254272460938,500.5512390136719,653.9661865234375,523.6162719726562,0.3268467485904693,0.474151611328125,0.0275212284177541,0.0213565118610858,reviewed,
1107,36.903533333333336,2585,2,car,0.1392137706279754,0.0427141115069389,535.472900390625,24.90332794189453,564.1129760742188,0.0064963647164404,0.5090675354003906,0.0129482364282011,0.0265185888856649,reviewed,
1107,36.903533333333336,2634,2,car,0.1819519251585006,714.255615234375,496.2225341796875,748.954833984375,517.18798828125,0.3810443878173828,0.4691715240478515,0.018072510138154,0.0194124579429626,reviewed,
1107,36.903533333333336,2637,2,car,0.1752550303936004,1149.70556640625,467.68658447265625,1169.1876220703125,491.6577758789063,0.603878378868103,0.4441409111022949,0.0101469038054347,0.0221955478191375,reviewed,
1107,36.903533333333336,2366,2,car,0.2825393974781036,209.0605316162109,524.3887329101562,342.16778564453125,561.8388671875,0.1435490399599075,0.5028831362724304,0.0693266913294792,0.0346760489046573,reviewed,
1108,36.9369,749,2,car,0.9443250894546508,766.8161010742188,429.9346618652344,1236.31982421875,763.99951171875,0.5216500163078308,0.5527473092079163,0.2445331960916519,0.3093193173408508,reviewed,
1108,36.9369,1292,2,car,0.866938054561615,1280.9691162109375,462.845947265625,1411.50048828125,516.6551513671875,0.7011640071868896,0.4534727334976196,0.0679850876331329,0.0498233363032341,reviewed,
1108,36.9369,2129,2,car,0.1833561658859253,391.70648193359375,513.8706665039062,427.6857299804688,542.0494384765625,0.2133833914995193,0.488851934671402,0.018739191815257,0.026091456413269,reviewed,
1108,36.9369,2126,2,car,0.6736751198768616,50.5354118347168,522.8634643554688,139.5544891357422,573.0962524414062,0.0495025776326656,0.5073887705802917,0.046364102512598,0.0465118400752544,reviewed,
1108,36.9369,2036,2,car,0.5958600640296936,427.0443115234375,512.3862915039062,504.55865478515625,540.2755737304688,0.2426049411296844,0.4873434603214264,0.0403720550239086,0.0258234087377786,reviewed,
1108,36.9369,2494,2,car,0.3239550590515136,348.5151672363281,513.1889038085938,408.93853759765625,549.2218017578125,0.1972535699605941,0.4918567836284637,0.0314705036580562,0.0333637930452823,reviewed,
1108,36.9369,2092,2,car,0.1244562789797782,276.58453369140625,522.6853637695312,353.8087463378906,553.5277099609375,0.1641649305820465,0.498246818780899,0.0402209423482418,0.0285577271133661,reviewed,
1108,36.9369,2571,2,car,0.6483594179153442,1228.93798828125,467.2596740722656,1303.4095458984375,499.6837463378906,0.6594655513763428,0.4476589858531952,0.038787268102169,0.0300222896039485,reviewed,
1108,36.9369,2574,2,car,0.4584860205650329,1429.0660400390625,455.9572143554688,1535.93115234375,494.5070190429688,0.7721346616744995,0.4400297403335571,0.0556589141488075,0.0356942638754844,reviewed,
1108,36.9369,2318,2,car,0.5948951244354248,692.143798828125,496.9765930175781,740.7459716796875,519.3794555664062,0.3731483817100525,0.4705352187156677,0.0253136325627565,0.0207433905452489,reviewed,
1108,36.9369,2459,2,car,0.4119762778282165,311.3538513183594,521.6064453125,353.87432861328125,550.217041015625,0.1732365041971206,0.4962145686149597,0.0221460815519094,0.0264912918210029,reviewed,
1108,36.9369,2602,2,car,0.5765403509140015,754.7337036132812,484.1217956542969,827.0704956054688,512.3065185546875,0.4119281768798828,0.4613094329833984,0.0376754142343997,0.0260969661176204,reviewed,
1108,36.9369,2614,2,car,0.1301056146621704,469.9129638671875,507.8838806152344,521.6397705078125,534.5691528320312,0.2582168579101562,0.4826171398162842,0.0269410442560911,0.0247085858136415,reviewed,
1108,36.9369,2627,2,car,0.3386757969856262,598.896728515625,500.49560546875,652.5745849609375,523.233642578125,0.325903981924057,0.4739487171173095,0.0279572177678346,0.0210537388920784,reviewed,
1108,36.9369,2585,2,car,0.121582344174385,0.1500733792781829,534.9161376953125,24.76282119750977,563.8804931640625,0.0064877332188189,0.5087021589279175,0.0128191392868757,0.0268188472837209,reviewed,
1108,36.9369,2634,2,car,0.2026477605104446,713.2256469726562,495.7726135253906,749.7664794921875,517.1087036132812,0.3809875547885895,0.4689265489578247,0.0190316829830408,0.0197556391358375,reviewed,
1108,36.9369,2366,2,car,0.3301615118980407,208.7570953369141,524.39892578125,342.3240966796875,561.755615234375,0.1435107290744781,0.5028493404388428,0.0695661455392837,0.0345895290374755,reviewed,
1109,36.97026666666667,749,2,car,0.9445674419403076,766.9146118164062,429.9752502441406,1236.4864501953125,764.0004272460938,0.5217190384864807,0.5527665019035339,0.2445686608552932,0.3092825710773468,reviewed,
1109,36.97026666666667,1292,2,car,0.8688320517539978,1280.9888916015625,462.8864135742188,1411.9588623046875,516.6226806640625,0.7012884616851807,0.4534764289855957,0.0682135298848152,0.0497558042407035,reviewed,
1109,36.97026666666667,2129,2,car,0.1759157329797744,391.0628967285156,513.1351318359375,427.9212646484375,541.953857421875,0.2132771164178848,0.488467127084732,0.019197067245841,0.0266840048134326,reviewed,
1109,36.97026666666667,2126,2,car,0.6408911943435669,50.951602935791016,522.7828979492188,139.3633575439453,572.5726318359375,0.0495611876249313,0.5071089863777161,0.0460477918386459,0.0461016036570072,reviewed,
1109,36.97026666666667,2036,2,car,0.5859403610229492,427.3041687011719,512.5470581054688,504.1533508300781,540.2918701171875,0.2425670623779297,0.4874253869056701,0.0400256142020225,0.0256896410137414,reviewed,
1109,36.97026666666667,2494,2,car,0.3066971600055694,348.7768249511719,512.8670654296875,408.3794555664063,548.7182006835938,0.1971761137247085,0.4914746284484863,0.0310430359095335,0.0331954956054687,reviewed,
1109,36.97026666666667,2092,2,car,0.1068398877978324,275.9812316894531,522.7418212890625,353.3355712890625,553.4158935546875,0.1638845801353454,0.4982211589813232,0.040288720279932,0.0284019187092781,reviewed,
1109,36.97026666666667,2571,2,car,0.576109766960144,1237.375732421875,466.7806396484375,1305.9937744140625,499.4181518554688,0.6623358130455017,0.4473142623901367,0.0357385650277137,0.0302199181169271,reviewed,
1109,36.97026666666667,2574,2,car,0.4386799931526184,1420.2347412109375,455.0583801269531,1526.0616455078125,495.0777587890625,0.7672646641731262,0.439877837896347,0.0551181808114051,0.0370549820363521,reviewed,
1109,36.97026666666667,2318,2,car,0.60074383020401,692.2427978515625,496.9830017089844,740.3545532226562,519.3703002929688,0.3730722367763519,0.4705339074134826,0.0250582061707973,0.0207289792597293,reviewed,
1109,36.97026666666667,2459,2,car,0.4061694145202636,311.9501342773437,521.7276000976562,353.7905578613281,550.1478881835938,0.1733699738979339,0.496238648891449,0.0217918865382671,0.0263150818645954,reviewed,
1109,36.97026666666667,2602,2,car,0.4880286753177643,751.5060424804688,483.7903442382813,822.8402709960938,512.6961669921875,0.4099860191345215,0.4613363444805145,0.0371532440185546,0.0267646498978137,reviewed,
1109,36.97026666666667,2614,2,car,0.1402282416820526,472.0916748046875,508.3797302246094,520.8193359375,534.6048583984375,0.2585705816745758,0.4828632473945617,0.0253789909183979,0.0242825262248516,reviewed,
1109,36.97026666666667,2627,2,car,0.2058226019144058,592.781005859375,499.9869995117188,651.6224365234375,524.2517700195312,0.3240633904933929,0.4741846024990082,0.0306465793401002,0.0224673803895711,reviewed,
1109,36.97026666666667,2585,2,car,0.1521645784378051,0.2053995579481125,534.1643676757812,25.06322860717773,563.71630859375,0.0065803723409771,0.5082780718803406,0.0129467854276299,0.0273629091680049,reviewed,
1109,36.97026666666667,2634,2,car,0.165987879037857,708.38623046875,495.3817138671875,749.3156127929688,517.1432495117188,0.3796098828315735,0.4687615633010864,0.0213173869997262,0.0201495699584484,reviewed,
1109,36.97026666666667,2366,2,car,0.2893838584423065,208.780517578125,524.3108520507812,342.713134765625,561.5563354492188,0.1436181366443634,0.5027163028717041,0.0697565749287605,0.0344865582883358,reviewed,
1110,37.00363333333333,749,2,car,0.9470518231391908,767.2448120117188,430.2379455566406,1236.491943359375,763.9301147460938,0.5218064785003662,0.5528556108474731,0.2443995475769043,0.3089742362499237,reviewed,
1110,37.00363333333333,1292,2,car,0.8651477694511414,1281.0843505859375,463.2406921386719,1412.443115234375,516.65478515625,0.7014394402503967,0.453655332326889,0.0684160217642784,0.0494574941694736,reviewed,
1110,37.00363333333333,2129,2,car,0.1731725037097931,390.4007873535156,513.1862182617188,427.9972229003906,541.9568481445312,0.2131244838237762,0.4884921610355377,0.019581476226449,0.0266394726932048,reviewed,
1110,37.00363333333333,2126,2,car,0.6409605145454407,51.78231048583984,522.6283569335938,139.4332733154297,572.3670043945312,0.0497957244515419,0.5069422721862793,0.0456515438854694,0.0460543036460876,reviewed,
1110,37.00363333333333,2036,2,car,0.5524562001228333,428.2078552246094,512.5807495117188,503.84576416015625,540.259521484375,0.242722287774086,0.4874260723590851,0.0393947437405586,0.0256284922361373,reviewed,
1110,37.00363333333333,2494,2,car,0.298212468624115,348.70367431640625,514.9967041015625,407.9220581054688,549.1284790039062,0.1970379501581192,0.49265056848526,0.0308429077267646,0.0316034965217113,reviewed,
1110,37.00363333333333,2092,2,car,0.1415586322546005,275.0010070800781,522.7984619140625,353.3013610839844,554.1580200195312,0.1636204123497009,0.4985910058021545,0.0407814346253871,0.0290366280823946,reviewed,
1110,37.00363333333333,2571,2,car,0.4233737587928772,1247.530029296875,465.7787170410156,1311.8363037109375,498.54730224609375,0.6665016412734985,0.4464472532272339,0.0334928520023822,0.0303412824869155,reviewed,
1110,37.00363333333333,2574,2,car,0.5181894898414612,1408.9593505859375,455.140380859375,1517.5072021484375,496.0423583984375,0.7621006369590759,0.4403623938560486,0.0565353408455848,0.037872202694416,reviewed,
1110,37.00363333333333,2318,2,car,0.6080080270767212,692.3278198242188,497.0203857421875,741.078857421875,519.351806640625,0.3732829988002777,0.4705426692962646,0.0253911651670932,0.0206772424280643,reviewed,
1110,37.00363333333333,2459,2,car,0.4014322757720947,312.9561767578125,521.8204956054688,353.83673095703125,550.1131591796875,0.1736439913511276,0.496265560388565,0.0212919544428586,0.0261969100683927,reviewed,
1110,37.00363333333333,2602,2,car,0.5861837267875671,749.2694091796875,483.908203125,819.7247314453125,512.90869140625,0.4085922241210937,0.4614892899990082,0.0366954803466796,0.0268523041158914,reviewed,
1110,37.00363333333333,2614,2,car,0.1427909433841705,473.3739318847656,507.582763671875,521.256591796875,534.6835327148438,0.2590183615684509,0.4825307130813598,0.0249388851225376,0.0250933039933443,reviewed,
1110,37.00363333333333,2627,2,car,0.1194985210895538,572.4002685546875,500.0253601074219,648.4276733398438,526.1038208007812,0.3179239332675934,0.4750597774982452,0.0395976081490516,0.0241467226296663,reviewed,
1110,37.00363333333333,2585,2,car,0.1781446039676666,0.2319256216287613,534.068603515625,25.377784729003903,563.7275390625,0.0066691953688859,0.5082389712333679,0.0130968010053038,0.0274619776755571,reviewed,
1110,37.00363333333333,2634,2,car,0.2264814376831054,701.251708984375,495.5982971191406,748.739013671875,517.4681396484375,0.3776017427444458,0.4690122306346893,0.0247329715639352,0.020249854773283,reviewed,
1110,37.00363333333333,2366,2,car,0.2132149040699005,208.8572235107422,523.96533203125,343.012451171875,561.4983520507812,0.1437160670757293,0.5025294423103333,0.0698725134134292,0.0347527973353862,reviewed,
1111,37.037,749,2,car,0.9480242729187012,767.9773559570312,430.5279235839844,1236.4024658203125,764.0885009765625,0.5219739079475403,0.553063154220581,0.2439714074134826,0.3088523745536804,reviewed,
1111,37.037,1292,2,car,0.848869800567627,1280.925048828125,463.1652221679688,1413.641357421875,516.5457763671875,0.7017099857330322,0.4535699188709259,0.0691230744123458,0.0494264401495456,reviewed,
1111,37.037,2129,2,car,0.2463739365339279,391.0814208984375,514.3687744140625,428.6350402832031,542.55517578125,0.2134678214788437,0.4893166422843933,0.0195591766387224,0.0260985195636749,reviewed,
1111,37.037,2126,2,car,0.6583008170127869,53.40752410888672,522.2573852539062,139.83328247070312,572.2611694335938,0.0503231287002563,0.506721556186676,0.0450134165585041,0.0462998002767562,reviewed,
1111,37.037,2036,2,car,0.5292296409606934,431.54986572265625,511.890380859375,503.5210571289063,539.5012817382812,0.2435080558061599,0.48675537109375,0.0374849960207939,0.0255656484514474,reviewed,
1111,37.037,2494,2,car,0.3147182166576385,349.3184814453125,514.8619995117188,407.9619140625,548.8193969726562,0.197208434343338,0.4924450814723968,0.0305434539914131,0.0314420349895954,reviewed,
1111,37.037,2092,2,car,0.1577054560184478,273.900146484375,523.0891723632812,353.03009033203125,554.6137084960938,0.1632630825042724,0.4989365041255951,0.0412135124206543,0.0291893854737281,reviewed,
1111,37.037,2571,2,car,0.2775729894638061,1256.58154296875,464.9337158203125,1315.91650390625,497.1733703613281,0.669921338558197,0.4454199373722076,0.0309036262333393,0.0298515316098928,reviewed,
1111,37.037,2574,2,car,0.38435098528862,1400.72021484375,456.0165100097656,1508.82373046875,495.5464172363281,0.7576937079429626,0.4405384063720703,0.0563039146363735,0.0366017669439315,reviewed,
1111,37.037,2318,2,car,0.6266899108886719,692.8302001953125,497.1823425292969,740.1436157226562,519.5339965820312,0.3731702864170074,0.4707019925117492,0.0246424041688442,0.0206959750503301,reviewed,
1111,37.037,2459,2,car,0.3765326738357544,314.4773864746094,521.8958129882812,353.9339904785156,549.8311157226562,0.1740654557943344,0.4961698651313782,0.0205503143370151,0.0258660204708576,reviewed,
1111,37.037,2602,2,car,0.6426852345466614,747.9774169921875,484.403564453125,816.2154541015625,512.9810791015625,0.4073418974876404,0.4617521464824676,0.0355406440794467,0.026460662484169,reviewed,
1111,37.037,2627,2,car,0.233742743730545,564.615966796875,501.0812072753906,646.6614990234375,526.9857788085938,0.315436840057373,0.4759569466114044,0.042732048779726,0.0239857137203216,reviewed,
1111,37.037,2585,2,car,0.1580008268356323,0.3028758764266968,533.630615234375,25.82971954345703,563.79248046875,0.0068053631111979,0.5080662369728088,0.0132952313870191,0.027927653864026,reviewed,
1111,37.037,2634,2,car,0.2519885599613189,696.5455932617188,495.9786376953125,749.3541259765625,517.48974609375,0.3765363693237304,0.4691983163356781,0.0275044441223144,0.0199176929891109,reviewed,
1111,37.037,2366,7,truck,0.131632998585701,209.3338623046875,522.2665405273438,343.8829040527344,561.222412109375,0.1440668702125549,0.5016152858734131,0.0700776278972625,0.0360702499747276,reviewed,
1111,37.037,2586,2,car,0.3425431549549103,605.1951904296875,502.4191589355469,647.5750122070312,523.9487915039062,0.3262422680854797,0.4751703441143036,0.0220728237181901,0.019934844225645,reviewed,
1112,37.070366666666665,749,2,car,0.9474281072616576,769.022705078125,430.798095703125,1237.078857421875,763.9139404296875,0.5224222540855408,0.5531074404716492,0.2437792420387268,0.3084405958652496,reviewed,
1112,37.070366666666665,1292,2,car,0.865691602230072,1278.8486328125,462.7959899902344,1414.60400390625,516.4877319335938,0.7014199495315552,0.4533720910549164,0.0707059204578399,0.0497145764529705,reviewed,
1112,37.070366666666665,2129,2,car,0.2595055401325226,391.0481872558594,514.2197875976562,430.2796020507813,542.8201904296875,0.2138874381780624,0.4893703758716583,0.0204330291599035,0.0264818537980318,reviewed,
1112,37.070366666666665,2126,2,car,0.5576218366622925,55.40214157104492,521.7009887695312,141.64639282226562,572.3779907226562,0.0513147227466106,0.5065180659294128,0.0449188798666,0.0469231493771076,reviewed,
1112,37.070366666666665,2036,2,car,0.5758426189422607,434.7102355957031,511.4115295410156,505.6087646484375,539.2234497070312,0.2448747307062149,0.4864051043987274,0.0369263179600238,0.0257517788559198,reviewed,
1112,37.070366666666665,2494,2,car,0.2759963274002075,349.9559631347656,515.2284545898438,411.0032348632813,548.5401611328125,0.1981664597988128,0.4924854338169098,0.0317954532802104,0.030844172462821,reviewed,
1112,37.070366666666665,2092,2,car,0.1300985813140869,274.07586669921875,523.9721069335938,341.9537658691406,554.7425537109375,0.1604243963956833,0.4994049072265625,0.0353530719876289,0.0284911543130874,reviewed,
1112,37.070366666666665,2571,2,car,0.2975484728813171,1265.643798828125,464.9728393554688,1317.42236328125,496.2707824707031,0.6726734638214111,0.4450201988220215,0.0269680023193359,0.0289795771241188,reviewed,
1112,37.070366666666665,2574,2,car,0.4493475556373596,1399.6982421875,455.2408447265625,1502.1854248046875,494.6955261230469,0.7556989192962646,0.439785361289978,0.0533787421882152,0.0365321114659309,reviewed,
1112,37.070366666666665,2318,2,car,0.6248937249183655,693.4450073242188,497.2564086914063,741.3272094726562,519.6871337890625,0.3736386001110077,0.4708071947097778,0.0249386467039585,0.0207691900432109,reviewed,
1112,37.070366666666665,2459,2,car,0.3514984250068664,315.7311706542969,521.4719848632812,354.525634765625,549.3944091796875,0.1745460480451584,0.4957714974880218,0.0202054493129253,0.0258540958166122,reviewed,
1112,37.070366666666665,2602,2,car,0.6294687986373901,748.6976928710938,484.5732421875,813.591552734375,512.8439331054688,0.4068461656570434,0.4617671966552734,0.0337988846004009,0.0261765662580728,reviewed,
1112,37.070366666666665,2627,2,car,0.45038703083992,562.5150756835938,501.3214721679688,646.3751220703125,527.731201171875,0.3148151338100433,0.4764133095741272,0.0436771064996719,0.0244534518569707,reviewed,
1112,37.070366666666665,2585,2,car,0.1230881512165069,0.4850537478923797,534.5364990234375,26.847654342651367,563.8649291992188,0.0071178926154971,0.508519172668457,0.0137305213138461,0.0271559543907642,reviewed,
1112,37.070366666666665,2366,7,truck,0.106794573366642,210.28936767578125,521.802734375,344.15576171875,561.2359619140625,0.1443867534399032,0.5014067888259888,0.0697220787405967,0.0365122482180595,reviewed,
1112,37.070366666666665,2586,2,car,0.4443465173244476,599.1207275390625,502.3892517089844,647.4039306640625,525.44189453125,0.3246158063411712,0.4758477807044983,0.0251475013792514,0.0213450398296117,reviewed,
1113,37.10373333333333,749,2,car,0.9434432983398438,770.0255126953125,430.5392150878906,1238.0579833984375,763.6803588867188,0.5229384303092957,0.5528794527053833,0.2437669187784195,0.3084640204906463,reviewed,
1113,37.10373333333333,1292,2,car,0.8505037426948547,1279.25146484375,463.0303039550781,1414.4610595703125,516.4525756835938,0.7014876008033752,0.4534642994403839,0.0704216659069061,0.0494650676846504,reviewed,
1113,37.10373333333333,2129,2,car,0.1617503613233566,393.1595458984375,514.736572265625,429.7272338867188,542.7127685546875,0.21429343521595,0.4895598888397217,0.0190456714481115,0.0259038861840963,reviewed,
1113,37.10373333333333,2126,2,car,0.5799620151519775,54.2480697631836,521.8558349609375,141.85557556152344,572.6537475585938,0.0510686561465263,0.5067173838615417,0.0456289090216159,0.0470351055264472,reviewed,
1113,37.10373333333333,2036,2,car,0.5335173010826111,436.0877685546875,511.0247497558594,507.2088012695313,539.3152465820312,0.2456501424312591,0.4862684905529022,0.0370422042906284,0.026194903999567,reviewed,
1113,37.10373333333333,2494,2,car,0.3279353678226471,351.18377685546875,515.3676147460938,410.2940368652344,548.4933471679688,0.1983015090227127,0.4925282299518585,0.0307865943759679,0.0306719746440649,reviewed,
1113,37.10373333333333,2092,2,car,0.1368474811315536,274.7553405761719,523.1174926757812,350.2249450683594,556.3256225585938,0.1627552807331085,0.499742180109024,0.0393070839345455,0.0307482685893774,reviewed,
1113,37.10373333333333,2574,7,truck,0.254110187292099,1394.044189453125,454.7388610839844,1495.205810546875,494.0570068359375,0.7524088621139526,0.4392573535442352,0.0526883453130722,0.0364056900143623,reviewed,
1113,37.10373333333333,2318,2,car,0.5979949235916138,693.8470458984375,497.100341796875,742.9662475585938,519.6897583007812,0.3741701245307922,0.4707361459732055,0.025582917034626,0.0209161266684532,reviewed,
1113,37.10373333333333,2459,2,car,0.3335937261581421,315.7406311035156,521.0979614257812,355.7890930175781,549.4476928710938,0.1748775392770767,0.4956229925155639,0.0208585746586322,0.0262497514486312,reviewed,
1113,37.10373333333333,2602,2,car,0.6356033086776733,748.88818359375,484.9013977050781,810.215576171875,512.6787719726562,0.4060166180133819,0.4618426859378814,0.0319413505494594,0.025719791650772,reviewed,
1113,37.10373333333333,2627,2,car,0.3920929133892059,563.4396362304688,501.1373596191406,646.371337890625,527.871337890625,0.3150549530982971,0.4763928949832916,0.0431935936212539,0.0247536841779947,reviewed,
1113,37.10373333333333,2585,2,car,0.2645095288753509,0.4684507250785827,532.6105346679688,28.012250900268555,563.373779296875,0.0074168494902551,0.5074001550674438,0.0143457297235727,0.0284844860434532,reviewed,
1113,37.10373333333333,2366,2,car,0.1164261028170585,211.8007202148437,520.3361206054688,344.6988525390625,560.9121704101562,0.1449217647314071,0.5005779266357422,0.0692177787423133,0.0375704169273376,reviewed,
1113,37.10373333333333,2586,2,car,0.4233939945697784,596.1728515625,502.3152160644531,647.6216430664062,525.732177734375,0.323904812335968,0.4759478569030761,0.0267962459474802,0.0216823723167181,reviewed,
1114,37.1371,749,2,car,0.9429409503936768,770.8275146484375,430.2936401367188,1238.6424560546875,763.8738403320312,0.5232994556427002,0.5528553128242493,0.2436536103487014,0.3088705539703369,reviewed,
1114,37.1371,1292,2,car,0.84609055519104,1281.5899658203125,463.0986022949219,1414.2205810546875,516.4415893554688,0.7020339965820312,0.4534908235073089,0.0690784454345703,0.0493916533887386,reviewed,
1114,37.1371,2129,2,car,0.1754068434238433,395.88031005859375,514.48486328125,430.140625,542.0239868164062,0.2151096165180206,0.489124447107315,0.0178439132869243,0.0254991892725229,reviewed,
1114,37.1371,2126,2,car,0.5834546089172363,53.74406051635742,522.35107421875,142.29891967773438,572.2869873046875,0.0510528609156608,0.5067768692970276,0.0461223199963569,0.0462369583547115,reviewed,
1114,37.1371,2036,2,car,0.5019426345825195,434.9122009277344,512.3449096679688,507.1262817382813,539.12841796875,0.24532251060009,0.4867932498455047,0.037611499428749,0.0247995443642139,reviewed,
1114,37.1371,2494,2,car,0.3730675876140594,352.1102294921875,515.6924438476562,410.4384765625,548.6758422851562,0.1985803991556167,0.4927631020545959,0.030379295349121,0.030540183186531,reviewed,
1114,37.1371,2092,2,car,0.1356529295444488,285.71685791015625,520.9459838867188,352.50213623046875,554.414794921875,0.1662028580904007,0.4978522360324859,0.0347840003669261,0.0309896394610404,reviewed,
1114,37.1371,2574,2,car,0.385137528181076,1397.9744873046875,454.8423156738281,1489.34814453125,494.7109069824219,0.7519069910049438,0.4396079778671264,0.0475904457271099,0.0369153618812561,reviewed,
1114,37.1371,2318,2,car,0.60039222240448,694.0404052734375,496.83489990234375,743.37841796875,519.5358276367188,0.3743278086185455,0.4705420136451721,0.0256968811154365,0.0210193768143653,reviewed,
1114,37.1371,2459,2,car,0.3261270225048065,314.17803955078125,521.0241088867188,356.8116149902344,549.0891723632812,0.174736887216568,0.4954228103160858,0.0222049877047538,0.0259861703962087,reviewed,
1114,37.1371,2602,2,car,0.6526952981948853,748.1804809570312,485.1495361328125,807.5197143554688,512.81689453125,0.4051302671432495,0.4620214998722076,0.0309058502316474,0.0256179235875606,reviewed,
1114,37.1371,2627,2,car,0.363384336233139,571.5984497070312,501.41796875,646.5438232421875,527.8195190429688,0.3172245621681213,0.4764988720417022,0.0390340499579906,0.0244458802044391,reviewed,
1114,37.1371,2585,2,car,0.1753471493721008,0.4302300214767456,530.0205078125,29.15236091613769,563.7413940429688,0.0077037992887198,0.506371259689331,0.014959443360567,0.0312230419367551,reviewed,
1114,37.1371,2366,2,car,0.105409026145935,213.722396850586,519.6278686523438,346.344970703125,560.35009765625,0.1458508819341659,0.4999898374080658,0.0690742582082748,0.0377057678997516,reviewed,
1114,37.1371,2586,2,car,0.5544329881668091,594.7604370117188,502.45892333984375,647.8656005859375,526.3338012695312,0.3236005008220672,0.4762929379940033,0.0276589393615722,0.0221063680946826,reviewed,
1114,37.1371,2634,2,car,0.3270859718322754,698.9247436523438,497.073486328125,749.7462158203125,517.19873046875,0.3772580325603485,0.4695704579353332,0.0264695174992084,0.0186344850808382,reviewed,
1115,37.17046666666667,749,2,car,0.9419208765029908,770.750732421875,430.1458740234375,1240.2022705078125,764.4755249023438,0.5236856937408447,0.5530654191970825,0.2445060163736343,0.3095645010471344,reviewed,
1115,37.17046666666667,1292,2,car,0.8634453415870667,1282.8345947265625,463.6304321289063,1415.2220458984375,516.985107421875,0.7026188969612122,0.4539886713027954,0.0689518004655838,0.0494024753570556,reviewed,
1115,37.17046666666667,2129,2,car,0.1990191340446472,396.0576171875,513.5665893554688,431.0060119628906,541.9130859375,0.2153811454772949,0.4886480271816253,0.0182022880762815,0.0262467563152313,reviewed,
1115,37.17046666666667,2126,2,car,0.6062785983085632,55.3610954284668,522.4251708984375,144.24563598632812,572.0321655273438,0.0519809201359748,0.5066931843757629,0.0462940298020839,0.045932400971651,reviewed,
1115,37.17046666666667,2036,2,car,0.5165742635726929,437.12841796875,511.7911682128906,508.76019287109375,538.8272705078125,0.2463251650333404,0.4863974153995514,0.0373082160949707,0.0250334274023771,reviewed,
1115,37.17046666666667,2494,2,car,0.3116119801998138,352.1660461425781,514.1168212890625,420.5504150390625,548.66259765625,0.2012282311916351,0.4920275211334228,0.035616859793663,0.031986828893423,reviewed,
1115,37.17046666666667,2092,2,car,0.1483179330825805,291.651123046875,519.949462890625,355.0794982910156,553.8825073242188,0.1684194207191467,0.4971444606781006,0.0330356135964393,0.0314194858074188,reviewed,
1115,37.17046666666667,2574,2,car,0.3383702039718628,1400.1282958984375,456.5585021972656,1480.1478271484375,494.7261657714844,0.7500718832015991,0.4404095709323883,0.0416768379509449,0.0353404283523559,reviewed,
1115,37.17046666666667,2318,2,car,0.572825014591217,695.2940673828125,496.7537536621094,744.800048828125,519.4702758789062,0.3750244975090027,0.4704740643501282,0.0257843658328056,0.0210338160395622,reviewed,
1115,37.17046666666667,2459,2,car,0.3852382302284241,311.68609619140625,520.5474243164062,358.2131042480469,549.07080078125,0.1744529157876968,0.495193600654602,0.0242328159511089,0.0264105331152677,reviewed,
1115,37.17046666666667,2602,2,car,0.6486747860908508,748.8238525390625,485.279052734375,806.0421142578125,512.9690551757812,0.4049130082130432,0.4621519148349762,0.0298011787235736,0.0256388913840055,reviewed,
1115,37.17046666666667,2627,2,car,0.3166481852531433,567.227294921875,501.2623901367188,648.1090698242188,527.9556884765625,0.3164938688278198,0.4764898121356964,0.0421259254217147,0.0247160177677869,reviewed,
1115,37.17046666666667,2585,2,car,0.1526763588190078,0.5556163191795349,523.6504516601562,32.64579391479492,563.6638793945312,0.0086462004110217,0.5033862590789795,0.016713635995984,0.0370494686067104,reviewed,
1115,37.17046666666667,2366,2,car,0.1601976305246353,215.3079833984375,520.32373046875,350.8778381347656,560.3348388671875,0.1474442183971405,0.5003048777580261,0.070609301328659,0.0370473228394985,reviewed,
1115,37.17046666666667,2586,2,car,0.4682135581970215,595.4581909179688,502.8780212402344,649.3159790039062,527.2088012695312,0.3241599500179291,0.4768920242786407,0.0280509311705827,0.0225284993648529,reviewed,
1116,37.203833333333336,749,2,car,0.9416900873184204,770.5706787109375,430.0216979980469,1240.71533203125,764.537109375,0.5237724184989929,0.5530365109443665,0.2448670119047165,0.3097364902496338,reviewed,
1116,37.203833333333336,1292,2,car,0.8363398313522339,1283.3309326171875,463.6623229980469,1415.7176513671875,516.9151611328125,0.7028772234916687,0.4539710581302643,0.0689514130353927,0.0493081845343112,reviewed,
1116,37.203833333333336,2129,2,car,0.2153154462575912,396.18841552734375,513.1611328125,431.5125122070313,542.120849609375,0.215547114610672,0.4885564744472503,0.0183979663997888,0.0268145520240068,reviewed,
1116,37.203833333333336,2126,2,car,0.6301820874214172,56.26731872558594,522.4589233398438,144.99168395996094,571.9702758789062,0.0524111986160278,0.5066801905632019,0.0462106056511402,0.045843843370676,reviewed,
1116,37.203833333333336,2036,2,car,0.5491880774497986,437.92181396484375,511.4056701660156,508.9958801269531,539.0154418945312,0.2465931624174118,0.4863060712814331,0.0370177440345287,0.0255646035075187,reviewed,
1116,37.203833333333336,2494,2,car,0.3342071771621704,351.94586181640625,513.5845336914062,425.3385314941406,548.6875,0.2024178206920623,0.4917925894260406,0.0382253490388393,0.0325027480721473,reviewed,
1116,37.203833333333336,2092,2,car,0.160495787858963,295.5630187988281,519.926513671875,356.47039794921875,552.9442749023438,0.1698003709316253,0.4966994822025299,0.0317225940525531,0.0305720008909702,reviewed,
1116,37.203833333333336,2574,2,car,0.4327393770217895,1390.528076171875,456.7467346191406,1472.412841796875,494.8927917480469,0.7455575466156006,0.4405738413333893,0.0426483154296875,0.0353204235434532,reviewed,
1116,37.203833333333336,2318,2,car,0.6147780418395996,695.9876098632812,496.9142761230469,749.3021850585938,519.4776000976562,0.3763775527477264,0.4705517888069153,0.0277680084109306,0.0208919662982225,reviewed,
1116,37.203833333333336,2459,2,car,0.4002774357795715,310.02020263671875,520.5298461914062,359.0184631347656,549.0372314453125,0.1742288321256637,0.4951699674129486,0.0255199279636144,0.0263957269489765,reviewed,
1116,37.203833333333336,2602,2,car,0.6574342846870422,748.8720703125,485.63873291015625,803.628662109375,512.982421875,0.4042970538139343,0.4623246192932129,0.028519058600068,0.0253182314336299,reviewed,
1116,37.203833333333336,2627,2,car,0.2610033750534057,566.3863525390625,501.2331848144531,648.0112915039062,528.0150146484375,0.3162494003772735,0.4765037894248962,0.0425129905343055,0.0247979909181594,reviewed,
1116,37.203833333333336,2585,2,car,0.1620611995458603,0.4067453444004059,520.4107666015625,35.363990783691406,563.6093139648438,0.0093152960762381,0.5018610954284668,0.0182068981230258,0.0399986542761325,reviewed,
1116,37.203833333333336,2366,2,car,0.1442263424396515,215.89212036132807,521.4541015625,351.8351745605469,560.2758178710938,0.1478456556797027,0.5008009076118469,0.0708036720752716,0.0359460338950157,reviewed,
1116,37.203833333333336,2586,2,car,0.4404431581497192,591.8717651367188,502.4089660644531,649.4109497070312,527.1995849609375,0.3232507109642029,0.4766706228256225,0.029968325048685,0.0229542758315801,reviewed,
1116,37.203833333333336,2648,2,car,0.377647340297699,0.0628029629588127,516.00634765625,55.86819076538086,562.5563354492188,0.0145653625950217,0.4993346035480499,0.0290653072297573,0.0431018397212028,reviewed,
1117,37.2372,749,2,car,0.9409226775169371,770.7737426757812,430.1136779785156,1239.712158203125,763.91552734375,0.5235640406608582,0.5527912974357605,0.2442387640476226,0.3090757727622986,reviewed,
1117,37.2372,1292,2,car,0.8451873064041138,1283.0472412109375,463.6659240722656,1415.6119384765625,517.0037231445312,0.7027758359909058,0.4540137350559234,0.0690441131591796,0.0493868514895439,reviewed,
1117,37.2372,2129,2,car,0.1880484670400619,396.0316162109375,514.0040893554688,431.3434448242188,542.115966796875,0.215462252497673,0.4889445006847381,0.0183915775269269,0.0260295160114765,reviewed,
1117,37.2372,2126,2,car,0.6412642002105713,55.891334533691406,522.597900390625,144.92605590820312,571.9268798828125,0.052296195179224,0.5067244172096252,0.0463722497224807,0.045674979686737,reviewed,
1117,37.2372,2036,2,car,0.5629868507385254,438.0431518554688,511.3991088867188,508.6560668945313,539.0658569335938,0.2465362548828125,0.4863263666629791,0.0367775596678257,0.0256173592060804,reviewed,
1117,37.2372,2494,2,car,0.3251540064811706,351.582763671875,514.3218994140625,425.3630065917969,548.6216430664062,0.2023296356201172,0.4921035170555115,0.038427211344242,0.0317590236663818,reviewed,
1117,37.2372,2092,2,car,0.1646873354911804,295.6314697265625,519.9000244140625,356.1905822753906,552.753173828125,0.1697453111410141,0.4965986907482147,0.0315412059426307,0.0304195825010538,reviewed,
1117,37.2372,2574,2,car,0.4611918926239013,1381.3502197265625,457.7633666992188,1464.1885986328125,495.2359924316406,0.7410257458686829,0.4412034153938293,0.0431449897587299,0.034696877002716,reviewed,
1117,37.2372,2318,2,car,0.6523391604423523,695.544921875,497.0184631347656,751.534912109375,519.4263916015625,0.3768437206745147,0.4705763161182403,0.0291614532470703,0.0207480825483798,reviewed,
1117,37.2372,2459,2,car,0.4005372822284698,308.9600830078125,520.5057373046875,358.82427978515625,549.1177368164062,0.1739021837711334,0.4951960742473602,0.0259709358215332,0.0264925919473171,reviewed,
1117,37.2372,2602,2,car,0.6747976541519165,744.9769897460938,485.31494140625,800.8882446289062,513.0103759765625,0.4025690853595733,0.462187647819519,0.0291204452514648,0.0256439205259084,reviewed,
1117,37.2372,2627,2,car,0.2191061973571777,564.48388671875,500.8919067382813,646.419677734375,528.1581420898438,0.3153394758701324,0.4764120578765869,0.0426748916506767,0.0252465140074491,reviewed,
1117,37.2372,2585,2,car,0.1571605950593948,0.0785562619566917,520.0291137695312,35.42763137817383,563.5759887695312,0.0092464033514261,0.5016690492630005,0.0184109769761562,0.0403211787343025,reviewed,
1117,37.2372,2366,2,car,0.1555479019880294,216.0220184326172,521.8555297851562,349.5291442871094,560.1902465820312,0.1472789496183395,0.500947117805481,0.0695349648594856,0.0354951098561286,reviewed,
1117,37.2372,2586,2,car,0.4844177663326263,588.54931640625,501.8411560058594,649.1160888671875,527.324951171875,0.3223086893558502,0.4764657914638519,0.0315451957285404,0.0235961060971021,reviewed,
1117,37.2372,2648,2,car,0.3250914514064789,0.0,515.9230346679688,55.80979537963867,562.5664672851562,0.0145338010042905,0.4993006885051727,0.0290676020085811,0.0431883633136749,reviewed,
1118,37.27056666666667,749,2,car,0.9434902667999268,770.5595092773438,430.2994079589844,1238.7830810546875,763.5994262695312,0.5232662558555603,0.552730917930603,0.2438664436340332,0.308611124753952,reviewed,
1118,37.27056666666667,1292,2,car,0.8449214100837708,1282.89990234375,463.7810974121094,1414.6253662109375,517.0122680664062,0.7024805545806885,0.4540709853172302,0.0686070099472999,0.0492881201207637,reviewed,
1118,37.27056666666667,2129,2,car,0.1413419395685196,396.2241516113281,514.4696655273438,430.58111572265625,541.6176147460938,0.2153138816356659,0.4889293015003204,0.0178942512720823,0.0251369904726743,reviewed,
1118,37.27056666666667,2126,2,car,0.6023932695388794,54.391075134277344,522.921142578125,144.06118774414062,572.2561645507812,0.0516802780330181,0.5070264935493469,0.0467031821608543,0.0456805750727653,reviewed,
1118,37.27056666666667,2036,2,car,0.5423245429992676,436.5185546875,511.7000732421875,507.4601440429688,539.2718505859375,0.245827779173851,0.4865610897541046,0.0369487442076206,0.0255294237285852,reviewed,
1118,37.27056666666667,2494,2,car,0.285112977027893,351.7735290527344,515.6490478515625,419.9552917480469,549.0266723632812,0.2009710520505905,0.4929054677486419,0.0355113334953784,0.030905207619071,reviewed,
1118,37.27056666666667,2092,2,car,0.1208966150879859,297.2552490234375,519.4786376953125,356.02105712890625,553.89453125,0.1701240390539169,0.4969320297241211,0.0306071918457746,0.0318665690720081,reviewed,
1118,37.27056666666667,2574,2,car,0.3579498827457428,1379.6353759765625,459.4177551269531,1455.060546875,494.8362426757813,0.7382020354270935,0.4417842626571655,0.0392839424312114,0.0327948965132236,reviewed,
1118,37.27056666666667,2318,2,car,0.6024931073188782,694.34521484375,497.3382263183594,751.19384765625,519.9398803710938,0.3764424622058868,0.4709620773792267,0.0296086631715297,0.0209274571388959,reviewed,
1118,37.27056666666667,2459,2,car,0.3917085528373718,310.146484375,520.545166015625,358.00653076171875,549.4340209960938,0.1739981770515442,0.4953607618808746,0.024927107617259,0.0267489403486251,reviewed,
1118,37.27056666666667,2602,2,car,0.6926115155220032,743.4835815429688,485.4646911621094,796.6119995117188,513.0206909179688,0.4010665714740753,0.4622617363929748,0.0276710502803325,0.0255148150026798,reviewed,
1118,37.27056666666667,2627,2,car,0.1791491955518722,565.9492797851562,500.4554138183594,646.423583984375,528.3746337890625,0.3157220780849457,0.4763102233409881,0.0419136993587017,0.0258511304855346,reviewed,
1118,37.27056666666667,2585,2,car,0.2434755116701126,0.0,526.5392456054688,31.912317276000977,563.5362548828125,0.0083104996010661,0.5046645402908325,0.0166209992021322,0.0342564918100833,reviewed,
1118,37.27056666666667,2366,2,car,0.1215971112251281,214.6929473876953,519.718994140625,351.1397399902344,560.5184326171875,0.1473522633314132,0.5001099109649658,0.0710660368204116,0.0377772562205791,reviewed,
1118,37.27056666666667,2586,2,car,0.5344151258468628,588.8331909179688,501.69091796875,648.1112060546875,527.9344482421875,0.3221209347248077,0.4766784012317657,0.0308739654719829,0.0242995657026767,reviewed,
1118,37.27056666666667,2648,2,car,0.1040686592459678,0.0,518.1925659179688,44.88385391235352,562.354248046875,0.0116885034367442,0.5002532005310059,0.0233770068734884,0.040890447795391,reviewed,
1119,37.30393333333333,749,2,car,0.944995641708374,770.5106201171875,430.242431640625,1238.4271240234375,763.6138305664062,0.5231608748435974,0.5527111887931824,0.2437065094709396,0.3086772263050079,reviewed,
1119,37.30393333333333,1292,2,car,0.8547946810722351,1282.810546875,463.8601379394531,1413.8193359375,517.2722778320312,0.7022473812103271,0.4542279839515686,0.0682337433099746,0.0494556836783885,reviewed,
1119,37.30393333333333,2129,2,car,0.1591418534517288,396.6220703125,514.6476440429688,429.885498046875,540.5035400390625,0.2152363508939743,0.4884958863258362,0.0173247028142213,0.0239406451582908,reviewed,
1119,37.30393333333333,2126,2,car,0.5740373134613037,53.65773010253906,522.9993286132812,143.17236328125,572.3112182617188,0.0512578375637531,0.5070882439613342,0.0466222055256366,0.0456591583788394,reviewed,
1119,37.30393333333333,2036,2,car,0.540152907371521,433.8558654785156,512.7182006835938,506.83935546875,539.3549194335938,0.2449727058410644,0.4870708882808685,0.0380122326314449,0.0246636290103197,reviewed,
1119,37.30393333333333,2494,2,car,0.2919378280639648,352.0545959472656,515.190185546875,418.1893310546875,549.0106201171875,0.2005843520164489,0.4926855564117431,0.0344451740384101,0.0313152186572551,reviewed,
1119,37.30393333333333,2092,2,car,0.1021743267774581,294.0318908691406,519.5001831054688,354.74444580078125,555.0445556640625,0.1689521819353103,0.4974744021892547,0.0316211208701133,0.0329114571213722,reviewed,
1119,37.30393333333333,2574,2,car,0.3564740121364593,1376.0274658203125,459.2171325683594,1444.1268310546875,495.11279296875,0.7344151735305786,0.441819429397583,0.0354684181511402,0.0332367233932018,reviewed,
1119,37.30393333333333,2318,2,car,0.5922486782073975,693.9337768554688,497.4098815917969,751.1321411132812,520.071044921875,0.3763192594051361,0.4710559844970703,0.0297908149659633,0.0209825579077005,reviewed,
1119,37.30393333333333,2459,2,car,0.3448109030723572,312.2673034667969,520.6699829101562,357.5740661621094,549.4052734375,0.1744378507137298,0.4954051971435547,0.0235972721129655,0.0266067497432231,reviewed,
1119,37.30393333333333,2602,2,car,0.6512981653213501,740.6608276367188,485.4132385253906,793.216796875,512.7918090820312,0.3994473218917846,0.4621319770812988,0.0273729003965854,0.0253505278378725,reviewed,
1119,37.30393333333333,2627,2,car,0.1059083193540573,565.2304077148438,498.7005310058594,646.4495849609375,528.285888671875,0.3155416548252105,0.4754566848278045,0.0423016548156738,0.0273938495665788,reviewed,
1119,37.30393333333333,2366,2,car,0.1247990056872367,213.90289306640625,519.636474609375,348.5453796386719,560.6671142578125,0.1464708894491195,0.5001405477523804,0.0701262950897216,0.0379913337528705,reviewed,
1119,37.30393333333333,2586,2,car,0.4975392818450928,590.3218383789062,500.8488464355469,648.3767700195312,527.9802856445312,0.3225777745246887,0.4763097763061523,0.0302369426935911,0.0251217037439346,reviewed,
1120,37.3373,749,2,car,0.9446051716804504,770.58935546875,430.1469421386719,1238.3162841796875,763.6349487304688,0.5231525301933289,0.552676796913147,0.2436077743768692,0.3087852001190185,reviewed,
1120,37.3373,1292,2,car,0.8594610691070557,1282.7601318359375,463.89691162109375,1413.460693359375,516.99658203125,0.7021408081054688,0.4541173577308655,0.0680732056498527,0.0491663627326488,reviewed,
1120,37.3373,2129,2,car,0.12191853672266,396.80072021484375,515.4669799804688,429.0759582519531,540.951904296875,0.2150720655918121,0.4890828430652618,0.0168100204318761,0.023597152903676,reviewed,
1120,37.3373,2126,2,car,0.5427120327949524,53.08273696899414,523.0126953125,143.0110321044922,572.4205322265625,0.0510660856962204,0.5071449875831604,0.0468376539647579,0.0457479953765869,reviewed,
1120,37.3373,2036,2,car,0.5503692626953125,431.7124633789063,513.1206665039062,506.8500061035156,539.5017700195312,0.2444173246622085,0.4873251914978027,0.0391341373324394,0.0244269482791423,reviewed,
1120,37.3373,2494,2,car,0.2488155364990234,351.93560791015625,515.1806640625,415.7233581542969,549.1345825195312,0.1999111771583557,0.4927385151386261,0.0332227870821952,0.0314388126134872,reviewed,
1120,37.3373,2092,2,car,0.1529261171817779,299.9203796386719,520.3191528320312,354.4638671875,548.4826049804688,0.1704125702381134,0.4948156177997589,0.0284080673009157,0.0260772705078125,reviewed,
1120,37.3373,2574,2,car,0.4781123697757721,1372.446044921875,458.7565002441406,1448.2974853515625,497.0691223144531,0.7345686554908752,0.4425118565559387,0.0395059585571289,0.0354746505618095,reviewed,
1120,37.3373,2318,2,car,0.6006045937538147,693.95068359375,497.6501159667969,751.7025756835938,519.9173583984375,0.3764722049236297,0.4710960686206817,0.0300791095942258,0.0206178165972232,reviewed,
1120,37.3373,2459,2,car,0.317801833152771,313.0482788085937,520.731201171875,357.6986389160156,549.4293823242188,0.1746736913919448,0.4954447448253631,0.0232553966343402,0.0265723895281553,reviewed,
1120,37.3373,2602,2,car,0.5898591876029968,738.8947143554688,485.8829345703125,791.1790771484375,513.3597412109375,0.3984566926956177,0.4626123607158661,0.0272314380854368,0.02544148825109,reviewed,
1120,37.3373,2366,2,car,0.1052704825997352,213.5070343017578,519.3330078125,347.56085205078125,560.897705078125,0.1461114287376403,0.5001068115234375,0.0698196962475776,0.0384858325123786,reviewed,
1120,37.3373,2586,2,car,0.5414398908615112,591.3079833984375,500.3712463378906,649.47900390625,527.957763671875,0.3231216073036194,0.4760782420635223,0.0302974060177803,0.0255430713295936,reviewed,
1121,37.370666666666665,749,2,car,0.9453368186950684,770.59765625,430.1232604980469,1238.217529296875,763.6790161132812,0.5231289267539978,0.5526862144470215,0.2435520142316818,0.3088479340076446,reviewed,
1121,37.370666666666665,1292,2,car,0.8752787709236145,1282.8887939453125,464.0425720214844,1413.010009765625,516.8558959960938,0.7020570039749146,0.4541196525096893,0.0677714645862579,0.0489012263715267,reviewed,
1121,37.370666666666665,2126,2,car,0.5525215864181519,53.02082061767578,522.4776000976562,143.06947326660156,572.0136108398438,0.0510651841759681,0.5067089200019836,0.0469003394246101,0.0458666756749153,reviewed,
1121,37.370666666666665,2036,2,car,0.5487995743751526,430.656005859375,513.031005859375,507.1396484375,539.5296020507812,0.2442176192998886,0.4872965514659881,0.0398352295160293,0.0245357379317283,reviewed,
1121,37.370666666666665,2494,2,car,0.236123651266098,351.9225769042969,515.8372192382812,412.3280029296875,549.2069091796875,0.1990235894918441,0.4930760264396667,0.0314611606299877,0.0308978613466024,reviewed,
1121,37.370666666666665,2092,2,car,0.1360400021076202,302.1705017089844,520.7652587890625,350.60174560546875,545.4127807617188,0.1699927598237991,0.4936009049415588,0.0252246055752038,0.0228217802941799,reviewed,
1121,37.370666666666665,2574,2,car,0.6507850885391235,1371.8743896484375,459.2201843261719,1455.9368896484375,497.145263671875,0.7364091873168945,0.4427618086338043,0.0437825508415699,0.0351158156991004,reviewed,
1121,37.370666666666665,2318,2,car,0.634553074836731,693.74609375,497.7463684082031,751.7890014648438,519.8701171875,0.3764414489269256,0.4711187183856964,0.0302306804805994,0.0204849522560834,reviewed,
1121,37.370666666666665,2459,2,car,0.2802791893482208,313.641357421875,520.7918701171875,357.8913879394531,549.3908081054688,0.1748783141374588,0.4954549074172973,0.0230468902736902,0.0264804977923631,reviewed,
1121,37.370666666666665,2602,2,car,0.4706791043281555,736.397705078125,486.3797607421875,788.4607543945312,512.9595336914062,0.3970985412597656,0.46265709400177,0.0271161720156669,0.0246109012514352,reviewed,
1121,37.370666666666665,2586,7,truck,0.2114917337894439,589.6649169921875,491.3227233886719,654.5680541992188,528.063720703125,0.3240189850330353,0.4719381928443908,0.033803716301918,0.0340194404125213,reviewed,
1122,37.40403333333333,749,2,car,0.9450609087944032,770.5885009765625,430.202392578125,1238.00537109375,763.7172241210938,0.5230713486671448,0.5527405738830566,0.2434462904930114,0.3088100254535675,reviewed,
1122,37.40403333333333,1292,2,car,0.8717003464698792,1282.75830078125,464.0903930664063,1412.7061767578125,516.74853515625,0.7019438147544861,0.4540920853614807,0.067681185901165,0.0487575381994247,reviewed,
1122,37.40403333333333,2126,2,car,0.5792635083198547,52.91207504272461,522.254150390625,142.7495574951172,571.8690185546875,0.0509535521268844,0.5065385103225708,0.0467903539538383,0.0459396913647651,reviewed,
1122,37.40403333333333,2036,2,car,0.5331631898880005,431.1150512695313,512.9351196289062,507.9676818847656,539.4745483398438,0.244552806019783,0.4872266948223114,0.0400274135172367,0.0245735459029674,reviewed,
1122,37.40403333333333,2494,2,car,0.2496279627084732,351.7876892089844,516.3052978515625,411.7805786132813,549.1966552734375,0.1988458931446075,0.4932879507541656,0.0312462970614433,0.0304549597203731,reviewed,
1122,37.40403333333333,2092,2,car,0.1379643678665161,302.7069702148437,520.9281616210938,349.7174987792969,544.4591674804688,0.1699021905660629,0.4932348728179931,0.0244846511632204,0.0217879675328731,reviewed,
1122,37.40403333333333,2574,2,car,0.5538427829742432,1371.6201171875,463.6717834472656,1466.0035400390625,497.97705078125,0.7389644384384155,0.4452077746391296,0.0491580329835414,0.0317641347646713,reviewed,
1122,37.40403333333333,2318,2,car,0.6451142430305481,693.5473022460938,497.478759765625,752.1881103515625,520.1770629882812,0.3764935731887817,0.4711369574069977,0.0305420868098735,0.0210169479250907,reviewed,
1122,37.40403333333333,2459,2,car,0.2842058837413788,313.7597351074219,520.9609375,357.5505065917969,549.3377075195312,0.1748203784227371,0.49550861120224,0.0228076931089162,0.0262747872620821,reviewed,
1122,37.40403333333333,2602,2,car,0.561952531337738,732.87255859375,486.2951354980469,786.2489013671875,513.0005493164062,0.3956045508384704,0.4626368880271911,0.027800178155303,0.0247272346168756,reviewed,
1122,37.40403333333333,2586,2,car,0.4799630641937256,589.947021484375,495.1203918457031,656.7083740234375,527.9637451171875,0.324649840593338,0.4736500382423401,0.0347715392708778,0.030410511419177,reviewed,
1123,37.4374,749,2,car,0.9456527829170228,770.6019897460938,430.2950134277344,1237.9442138671875,763.7672119140625,0.5230588912963867,0.5528066158294678,0.2434074133634567,0.3087705671787262,reviewed,
1123,37.4374,1292,2,car,0.8805002570152283,1282.7197265625,464.3238830566406,1412.84130859375,516.8765869140625,0.7019690275192261,0.45425945520401,0.0677716583013534,0.0486599095165729,reviewed,
1123,37.4374,2126,2,car,0.5966615676879883,53.01592254638672,521.9921264648438,142.41342163085938,571.7892456054688,0.050893060863018,0.5063802599906921,0.0465611964464187,0.0461084432899951,reviewed,
1123,37.4374,2036,2,car,0.5304194092750549,431.8180847167969,512.7750854492188,508.500244140625,539.5254516601562,0.2448745667934417,0.4871761798858642,0.0399386249482631,0.0247688572853803,reviewed,
1123,37.4374,2494,2,car,0.2604820132255554,351.8209228515625,515.2882690429688,414.42724609375,549.0585327148438,0.1995437890291214,0.4927531480789184,0.0326074585318565,0.0312687642872333,reviewed,
1123,37.4374,2092,2,car,0.1326099634170532,302.5053100585937,520.90087890625,350.134765625,544.3062744140625,0.1699583530426025,0.49315145611763,0.0248070079833269,0.02167166210711,reviewed,
1123,37.4374,2574,2,car,0.6035093069076538,1375.3013916015625,463.9866027832031,1476.2113037109375,498.25970458984375,0.7425814270973206,0.4454844295978546,0.0525572448968887,0.0317343547940254,reviewed,
1123,37.4374,2318,2,car,0.6398822069168091,693.3914184570312,497.53656005859375,751.224609375,519.9732666015625,0.3762020766735077,0.4710693657398224,0.0301214531064033,0.0207747276872396,reviewed,
1123,37.4374,2459,2,car,0.2929556667804718,313.811279296875,520.8043823242188,357.6684265136719,549.4461669921875,0.1748645156621933,0.4954863488674164,0.022842263802886,0.0265201702713966,reviewed,
1123,37.4374,2602,2,car,0.5806707143783569,731.6517944335938,486.6516418457031,784.5438232421875,512.4662475585938,0.3948425948619842,0.4625546038150787,0.0275479312986135,0.0239024125039577,reviewed,
1123,37.4374,2586,2,car,0.4782032966613769,590.0242919921875,496.3886413574219,660.3349609375,527.089111328125,0.3256143927574157,0.4738323092460632,0.0366201400756835,0.0284263603389263,reviewed,
1124,37.47076666666667,749,2,car,0.9448822736740112,770.6494140625,430.23736572265625,1237.9600830078125,763.8709716796875,0.5230754017829895,0.5528279542922974,0.2433909773826599,0.3089199960231781,reviewed,
1124,37.47076666666667,1292,2,car,0.871990442276001,1282.713623046875,464.7101745605469,1413.07666015625,517.4542236328125,0.7020286917686462,0.4547057449817657,0.0678974166512489,0.0488370843231678,reviewed,
1124,37.47076666666667,2126,2,car,0.5184123516082764,53.1925163269043,521.8777465820312,142.5614776611328,572.0926513671875,0.0509776026010513,0.5064678192138672,0.0465463325381279,0.0464952811598777,reviewed,
1124,37.47076666666667,2036,2,car,0.5526173114776611,433.2903442382813,512.2047119140625,507.01611328125,539.1446533203125,0.2448714673519134,0.4867358207702636,0.038398839533329,0.0249443911015987,reviewed,
1124,37.47076666666667,2494,2,car,0.2187193930149078,351.0267944335937,515.4024047851562,412.5466918945313,548.6325073242188,0.1988472640514373,0.4926087558269501,0.0320416130125522,0.0307686142623424,reviewed,
1124,37.47076666666667,2092,2,car,0.1142206341028213,301.6515197753906,520.9579467773438,340.1524658203125,543.4510498046875,0.1671364456415176,0.4927819073200226,0.0200525764375925,0.0208269469439983,reviewed,
1124,37.47076666666667,2574,2,car,0.5825755000114441,1378.0341796875,464.7026062011719,1487.1280517578125,498.8930358886719,0.746135950088501,0.4461090862751007,0.0568197257816791,0.0316578038036823,reviewed,
1124,37.47076666666667,2318,2,car,0.6505734920501709,693.3907470703125,497.1951293945313,751.9634399414062,520.1605834960938,0.3763943314552307,0.4709980189800262,0.0305066108703613,0.0212643090635538,reviewed,
1124,37.47076666666667,2459,2,car,0.195846140384674,315.5928649902344,521.0486450195312,358.1778259277344,549.1129760742188,0.1754611134529113,0.495445191860199,0.0221796669065952,0.0259854923933744,reviewed,
1124,37.47076666666667,2602,2,car,0.5633091926574707,731.0890502929688,487.4619140625,782.0482788085938,513.10986328125,0.3940461874008178,0.4632276892662048,0.0265412647277116,0.0237481016665697,reviewed,
1124,37.47076666666667,2586,2,car,0.4375779926776886,591.0816040039062,497.5953979492188,665.3773803710938,527.338623046875,0.3272028565406799,0.47450652718544,0.038695715367794,0.0275400225073099,reviewed,
1124,37.47076666666667,2129,2,car,0.2601682245731354,394.8450622558594,516.5647583007812,428.7851867675781,541.4484252929688,0.2144870460033416,0.4898209273815155,0.0176771488040685,0.0230404324829578,reviewed,
1125,37.504133333333336,749,2,car,0.9435864686965942,770.5309448242188,430.2045593261719,1237.9610595703125,763.9532470703125,0.523044764995575,0.5528508424758911,0.2434531897306442,0.3090265691280365,reviewed,
1125,37.504133333333336,1292,2,car,0.8607553839683533,1282.576416015625,464.8377990722656,1413.5267333984375,517.7368774414062,0.7021101713180542,0.4548957049846649,0.068203292787075,0.0489806272089481,reviewed,
1125,37.504133333333336,2126,2,car,0.5208950042724609,53.18053436279297,521.56201171875,142.7200927734375,572.1361694335938,0.0510157905519008,0.5063417553901672,0.0466351881623268,0.0468279235064983,reviewed,
1125,37.504133333333336,2036,2,car,0.5336462259292603,431.4574890136719,512.2793579101562,506.3839416503906,539.0487060546875,0.2442295402288437,0.4867259860038757,0.0390241928398609,0.0247864332050085,reviewed,
1125,37.504133333333336,2494,2,car,0.2598489224910736,351.1563415527344,516.510009765625,409.9446105957031,548.545654296875,0.19820336997509,0.4930813312530517,0.0306188892573118,0.0296626333147287,reviewed,
1125,37.504133333333336,2092,2,car,0.1177694648504257,301.6009826660156,520.724853515625,339.07763671875,543.0115356445312,0.1668433845043182,0.4924705326557159,0.0195190906524658,0.0206358171999454,reviewed,
1125,37.504133333333336,2574,2,car,0.6635889410972595,1390.8331298828125,466.2042236328125,1497.8731689453125,500.3683166503906,0.7522672414779663,0.4474872648715973,0.0557500198483467,0.0316334180533885,reviewed,
1125,37.504133333333336,2318,2,car,0.6390113234519958,693.2766723632812,497.1609497070313,751.0736083984375,519.710205078125,0.3761329054832458,0.470773696899414,0.0301025714725255,0.0208789408206939,reviewed,
1125,37.504133333333336,2459,2,car,0.1877482533454895,314.7195129394531,521.3037109375,358.8031005859375,548.9802856445312,0.1753965020179748,0.4955018162727356,0.022960202768445,0.0256264582276344,reviewed,
1125,37.504133333333336,2602,2,car,0.4693283438682556,730.83984375,488.3571166992188,780.4335327148438,512.5448608398438,0.3935607969760895,0.4633805453777313,0.0258300472050905,0.0223960597068071,reviewed,
1125,37.504133333333336,2586,2,car,0.4699502289295196,599.950439453125,499.1661376953125,668.368408203125,527.3560791015625,0.3302913606166839,0.4752417802810669,0.0356343574821949,0.0261017978191375,reviewed,
1125,37.504133333333336,2129,2,car,0.2053425759077072,394.1717224121094,516.5096435546875,428.4432067871094,541.6823120117188,0.214222639799118,0.4899036586284637,0.0178497321903705,0.0233080256730318,reviewed,
1126,37.5375,749,2,car,0.9441084265708924,769.887939453125,429.5530395507813,1238.5445556640625,764.5829467773438,0.5230292677879333,0.5528407096862793,0.2440919876098632,0.3102128803730011,reviewed,
1126,37.5375,1292,2,car,0.8572205901145935,1282.352783203125,464.6838989257813,1414.2396240234375,517.8766479492188,0.7022375464439392,0.4548891484737396,0.0686910599470138,0.0492525435984134,reviewed,
1126,37.5375,2126,2,car,0.6112591624259949,53.42137145996094,521.3642578125,142.5134735107422,572.0816650390625,0.0510246977210044,0.5062249898910522,0.0464021377265453,0.046960562467575,reviewed,
1126,37.5375,2036,2,car,0.4919281005859375,432.2711181640625,512.3377075195312,506.2943420410156,539.2664794921875,0.2444180846214294,0.4868538081645965,0.0385537631809711,0.024934047833085,reviewed,
1126,37.5375,2494,2,car,0.2848933637142181,350.7523498535156,516.9934692382812,408.8650207519531,548.2713012695312,0.1978170275688171,0.493178129196167,0.0302670169621706,0.0289609562605619,reviewed,
1126,37.5375,2092,2,car,0.1493377983570099,301.6146850585937,519.9476318359375,348.042724609375,544.9579467773438,0.169181615114212,0.4930118024349212,0.0241812709718942,0.0231576990336179,reviewed,
1126,37.5375,2574,2,car,0.6608802080154419,1396.38330078125,465.375244140625,1508.3880615234375,500.0290222167969,0.756450891494751,0.4469464421272278,0.0583358146250247,0.0320868305861949,reviewed,
1126,37.5375,2318,2,car,0.5893674492835999,692.5416870117188,497.09912109375,750.6505737304688,519.0621337890625,0.3758313059806824,0.4704450368881225,0.0302650444209575,0.0203361231833696,reviewed,
1126,37.5375,2459,2,car,0.2664983868598938,312.5502319335937,520.5488891601562,356.28961181640625,549.001708984375,0.1741770356893539,0.4951622784137726,0.0227809268981218,0.0263452026993036,reviewed,
1126,37.5375,2602,2,car,0.2548634111881256,729.1968383789062,490.5750732421875,774.6995239257812,512.3969116210938,0.3916396796703338,0.46433886885643,0.023699315264821,0.0202054064720869,reviewed,
1126,37.5375,2586,2,car,0.5542970299720764,605.6657104492188,500.1968078613281,672.3623657226562,526.1002807617188,0.3328198194503784,0.4751375615596771,0.0347378402948379,0.0239846967160701,reviewed,
1126,37.5375,2129,2,car,0.1932501047849655,393.6101989746094,516.958984375,428.0350646972656,542.1522216796875,0.2139701247215271,0.4903292655944824,0.0179296173155307,0.0233270712196826,reviewed,
1127,37.57086666666667,749,2,car,0.9445358514785768,769.7723388671875,429.4239501953125,1238.9063720703125,764.7430419921875,0.5230934023857117,0.5528550744056702,0.244340643286705,0.3104806542396545,reviewed,
1127,37.57086666666667,1292,2,car,0.8622338175773621,1282.5076904296875,464.6681823730469,1413.6873779296875,517.8200073242188,0.7021341323852539,0.4548556208610534,0.0683227553963661,0.0492146536707878,reviewed,
1127,37.57086666666667,2126,2,car,0.606192946434021,53.78805541992188,521.0523071289062,142.57681274414062,572.052001953125,0.0511366836726665,0.5060667991638184,0.0462441444396972,0.047221940010786,reviewed,
1127,37.57086666666667,2036,2,car,0.4810959696769714,432.1734313964844,512.864990234375,506.0849914550781,539.3925170898438,0.2443381249904632,0.4871562719345093,0.0384956039488315,0.0245625246316194,reviewed,
1127,37.57086666666667,2494,2,car,0.2429099678993225,350.999755859375,517.4620361328125,408.1299743652344,548.1605834960938,0.1976900398731231,0.4933437705039978,0.0297553222626447,0.0284245815128088,reviewed,
1127,37.57086666666667,2092,2,car,0.1255660951137542,298.2761535644531,519.6530151367188,350.9219665527344,545.2373657226562,0.169062003493309,0.4930047988891601,0.0274196937680244,0.0236892141401767,reviewed,
1127,37.57086666666667,2574,2,car,0.7549726963043213,1401.27880859375,465.6287231445313,1518.33837890625,501.1926574707031,0.7603169679641724,0.4476025104522705,0.0609685257077217,0.0329295694828033,reviewed,
1127,37.57086666666667,2318,2,car,0.5778611302375793,692.4337768554688,496.9996948242188,750.7630615234375,518.8062133789062,0.3758324980735779,0.4702804982662201,0.0303798355162143,0.0201912205666303,reviewed,
1127,37.57086666666667,2459,2,car,0.2878540158271789,312.00225830078125,520.3699951171875,355.7378845214844,548.9678344726562,0.1738906502723693,0.495063841342926,0.0227789711207151,0.0264794807881116,reviewed,
1127,37.57086666666667,2602,2,car,0.2080852538347244,723.8128662109375,491.6550903320313,770.9721069335938,512.8892211914062,0.3892669081687927,0.4650668203830719,0.0245621036738157,0.0196612328290939,reviewed,
1127,37.57086666666667,2586,2,car,0.637747585773468,607.4595947265625,500.5003662109375,675.9955444335938,525.5244750976562,0.3342331051826477,0.4750115275382995,0.035695806145668,0.0231704711914062,reviewed,
1127,37.57086666666667,2129,2,car,0.2364427000284195,393.6192626953125,517.294189453125,427.9216003417969,542.22412109375,0.2139429450035095,0.4905177354812622,0.0178658012300729,0.0230832695960998,reviewed,
1128,37.60423333333333,749,2,car,0.9455525279045104,771.1553955078125,430.3677368164063,1239.9427490234375,763.9812622070312,0.5237234830856323,0.5529393553733826,0.2441600859165191,0.3089013993740082,reviewed,
1128,37.60423333333333,1292,2,car,0.8347253799438477,1283.1890869140625,464.3963012695313,1414.2369384765625,517.9898681640625,0.702454686164856,0.4548084139823913,0.0682540908455848,0.0496236719191074,reviewed,
1128,37.60423333333333,2126,2,car,0.6729975938796997,54.97502136230469,520.3601684570312,143.48309326171875,571.5751953125,0.0516818016767501,0.5055255889892578,0.0460979528725147,0.04742132127285,reviewed,
1128,37.60423333333333,2036,2,car,0.531794011592865,431.9615478515625,513.0936889648438,506.9257507324219,539.624267578125,0.2445019036531448,0.4873694479465484,0.0390438549220562,0.0245653502643108,reviewed,
1128,37.60423333333333,2494,2,car,0.3227817118167877,351.6257629394531,516.2334594726562,408.7888793945313,547.8087158203125,0.1980246603488922,0.4926121532917022,0.0297724567353725,0.0292363483458757,reviewed,
1128,37.60423333333333,2092,2,car,0.100056916475296,291.25982666015625,520.1824340820312,351.1020202636719,544.4514770507812,0.1672817170619964,0.4928860664367676,0.031167808920145,0.0224713366478681,reviewed,
1128,37.60423333333333,2574,2,car,0.7720661163330078,1405.9429931640625,465.8176574707031,1529.8243408203125,501.7436828613281,0.7645227313041687,0.4479450583457947,0.0645215362310409,0.0332648381590843,reviewed,
1128,37.60423333333333,2318,2,car,0.5413849353790283,693.7423706054688,496.4559631347656,752.2139282226562,518.7603759765625,0.3765511214733124,0.4700075387954712,0.0304539371281862,0.0206522345542907,reviewed,
1128,37.60423333333333,2459,2,car,0.364553302526474,310.3515625,520.5208740234375,356.79962158203125,548.6326904296875,0.1737372875213623,0.4949784874916076,0.0241916980594396,0.026029460132122,reviewed,
1128,37.60423333333333,2602,2,car,0.238794520497322,710.4050903320312,491.8482666015625,770.420166015625,513.1131591796875,0.3856315612792969,0.4652599096298218,0.0312578529119491,0.0196897145360708,reviewed,
1128,37.60423333333333,2586,2,car,0.5047357678413391,608.1881103515625,500.0538940429688,680.1906127929688,524.71826171875,0.3355152904987335,0.474431574344635,0.0375013016164302,0.0228373780846595,reviewed,
1128,37.60423333333333,2129,2,car,0.2528880536556244,395.1894226074219,516.498779296875,429.57861328125,541.3274536132812,0.2147833555936813,0.4897343516349792,0.0179110374301671,0.0229895133525133,reviewed,
1129,37.6376,749,2,car,0.944623589515686,772.9937133789062,430.5835266113281,1242.3212890625,763.618408203125,0.5248215794563293,0.5528712272644043,0.2444414496421814,0.3083656430244446,reviewed,
1129,37.6376,1292,2,car,0.7927592992782593,1282.1676025390625,464.0805358886719,1417.234619140625,517.962890625,0.7029693722724915,0.4546497464179992,0.0703474059700965,0.0498910695314407,reviewed,
1129,37.6376,2126,2,car,0.6270155906677246,60.85199737548828,519.6908569335938,147.864501953125,570.7847900390625,0.0543532520532608,0.5048497915267944,0.0453190132975578,0.0473091974854469,reviewed,
1129,37.6376,2036,2,car,0.6191729307174683,434.83642578125,510.904541015625,509.7821350097656,539.1082763671875,0.2459944039583206,0.4861170351505279,0.0390342250466346,0.0261145699769258,reviewed,
1129,37.6376,2494,2,car,0.4214509129524231,355.03546142578125,517.097412109375,417.3773193359375,547.8340454101562,0.2011491656303405,0.4930237829685211,0.0324697159230709,0.028459845110774,reviewed,
1129,37.6376,2092,2,car,0.1358063519001007,297.4310302734375,520.2835083007812,354.5029296875,544.73779296875,0.1697744727134704,0.4930653870105743,0.0297249481081962,0.0226428564637899,reviewed,
1129,37.6376,2574,2,car,0.6590244770050049,1417.9732666015625,466.3573303222656,1543.9373779296875,500.8506164550781,0.7713308930397034,0.4477814435958862,0.0656063109636306,0.0319382287561893,reviewed,
1129,37.6376,2318,2,car,0.6108012795448303,696.8948974609375,495.7486877441406,755.7945556640625,518.4557495117188,0.3783045411109924,0.4695391058921814,0.0306769050657749,0.0210250578820705,reviewed,
1129,37.6376,2459,2,car,0.3277057111263275,313.37420654296875,519.4215087890625,358.697509765625,547.5187377929688,0.1750186830759048,0.4939537942409515,0.0236058868467807,0.0260159522294998,reviewed,
1129,37.6376,2602,2,car,0.1532766819000244,714.921875,493.0501403808594,770.4266967773438,513.0036010742188,0.3868095278739929,0.4657655954360962,0.0289087612181901,0.0184754263609647,reviewed,
1129,37.6376,2586,2,car,0.484173834323883,609.22412109375,498.9580993652344,688.0220336914062,524.3955688476562,0.3378244936466217,0.4737748205661773,0.0410405807197093,0.0235532131046056,reviewed,
1129,37.6376,2129,2,car,0.2389604747295379,396.6578979492188,514.722900390625,432.9353637695313,540.4447021484375,0.2160399109125137,0.4885035157203674,0.0188945140689611,0.0238164830952882,reviewed,
1129,37.6376,2585,2,car,0.2760807573795318,0.4286817908287048,520.45361328125,36.05742263793945,561.5509643554688,0.009501589462161,0.5009280443191528,0.018556635826826,0.0380531027913093,reviewed,
1129,37.6376,2366,2,car,0.2991921603679657,217.9869079589844,520.6494750976562,354.7899780273437,558.5089721679688,0.1491606384515762,0.4996103942394256,0.0712516009807586,0.0350550897419452,reviewed,
1130,37.670966666666665,749,2,car,0.94375342130661,773.5203247070312,430.64404296875,1243.4072265625,763.2703247070312,0.5252415537834167,0.5527381300926208,0.2447327673435211,0.3079873025417328,reviewed,
1130,37.670966666666665,1292,2,car,0.797523558139801,1283.864501953125,463.5671691894531,1419.3367919921875,517.842529296875,0.7039586305618286,0.4543563425540924,0.0705584809184074,0.050254963338375,reviewed,
1130,37.670966666666665,2126,2,car,0.5862991809844971,63.6489143371582,519.3641357421875,150.3776092529297,570.3054809570312,0.0557360723614692,0.5044767260551453,0.0451711975038051,0.0471679121255874,reviewed,
1130,37.670966666666665,2036,2,car,0.5436046719551086,437.4424743652344,509.1720886230469,509.9664916992188,538.5271606445312,0.2467210739850998,0.4850459396839142,0.0377729274332523,0.0271806214004755,reviewed,
1130,37.670966666666665,2494,2,car,0.412541002035141,356.9455871582031,517.8307495117188,419.70257568359375,547.7625122070312,0.2022521346807479,0.4933302104473114,0.0326859317719936,0.0277145951986312,reviewed,
1130,37.670966666666665,2574,2,car,0.7648286819458008,1429.8809814453125,465.3970031738281,1557.68701171875,501.5400695800781,0.7780124545097351,0.4476560652256012,0.0665656402707099,0.0334658026695251,reviewed,
1130,37.670966666666665,2318,2,car,0.6531420946121216,697.8070068359375,495.6091613769531,757.2647094726562,518.420654296875,0.3789249360561371,0.4694582223892212,0.030967554077506,0.0211217533797025,reviewed,
1130,37.670966666666665,2459,2,car,0.350137710571289,317.5046081542969,519.8492431640625,359.6442565917969,547.632080078125,0.1763408482074737,0.4942043125629425,0.0219477340579032,0.0257248487323522,reviewed,
1130,37.670966666666665,2602,2,car,0.100576527416706,716.4794311523438,494.070556640625,770.7655639648438,512.3897094726562,0.3873033821582794,0.4659538269042969,0.0282740276306867,0.0169621780514717,reviewed,
1130,37.670966666666665,2586,2,car,0.505113422870636,625.3656005859375,497.3918762207031,692.2471923828125,523.209228515625,0.3431283235549927,0.4725005030632019,0.0348341614007949,0.0239049550145864,reviewed,
1130,37.670966666666665,2129,2,car,0.2069431990385055,397.9690551757813,513.0388793945312,434.94049072265625,540.0013427734375,0.2169035226106643,0.4875186383724212,0.0192559566348791,0.0249652434140443,reviewed,
1130,37.670966666666665,2585,2,car,0.1890599429607391,0.834406852722168,522.6619262695312,37.81069564819336,561.6634521484375,0.0100638289004564,0.5020025372505188,0.0192584823817014,0.0361125245690345,reviewed,
1130,37.670966666666665,2366,2,car,0.1196140199899673,218.30064392089844,518.7840576171875,356.20281982421875,558.2427368164062,0.1496102809906005,0.4986235499382019,0.0718240514397621,0.0365358144044876,reviewed,
1131,37.70433333333333,749,2,car,0.9441424012184144,773.182861328125,430.6657409667969,1243.192138671875,763.0697631835938,0.525097668170929,0.5526553392410278,0.2447964996099472,0.3077814877033233,reviewed,
1131,37.70433333333333,1292,2,car,0.8008959889411926,1284.00537109375,463.4228515625,1419.4722900390625,517.8292846679688,0.7040306329727173,0.4542833864688873,0.0705556869506836,0.0503763258457183,reviewed,
1131,37.70433333333333,2126,2,car,0.6056541800498962,64.20330047607422,519.363525390625,150.725830078125,570.2568969726562,0.0559711307287216,0.5044538974761963,0.0450638160109519,0.0471234917640686,reviewed,
1131,37.70433333333333,2036,2,car,0.5190747380256653,437.7779846191406,508.5884399414063,509.6409606933594,538.4017333984375,0.2467236816883087,0.4847176969051361,0.0374286323785781,0.0276049021631479,reviewed,
1131,37.70433333333333,2494,2,car,0.4132666885852813,357.2758483886719,518.2070922851562,419.4838562011719,547.7996826171875,0.2022811770439148,0.4935216903686523,0.0324000045657157,0.0274005457758903,reviewed,
1131,37.70433333333333,2574,2,car,0.7824321985244751,1438.1226806640625,464.9705505371094,1566.9632568359375,501.2658081054688,0.782574474811554,0.4473316371440887,0.0671044662594795,0.033606719225645,reviewed,
1131,37.70433333333333,2318,2,car,0.5770429372787476,697.55810546875,495.5642700195313,757.6204223632812,518.4785766601562,0.3789527118206024,0.4694642722606659,0.0312824584543705,0.0212169513106346,reviewed,
1131,37.70433333333333,2459,2,car,0.3489538133144378,317.8838195800781,520.1445922851562,359.697509765625,547.8807373046875,0.1764534562826156,0.4944562017917633,0.0217779632657766,0.0256816148757934,reviewed,
1131,37.70433333333333,2602,2,car,0.2308250963687896,717.14111328125,496.356201171875,761.8615112304688,513.5963745117188,0.3851569592952728,0.4675706326961517,0.0232918746769428,0.0159631241112947,reviewed,
1131,37.70433333333333,2586,2,car,0.5252142548561096,635.1301879882812,495.1860046386719,696.5972290039062,522.8440551757812,0.3468040227890014,0.4713101983070373,0.0320140831172466,0.0256093051284551,reviewed,
1131,37.70433333333333,2129,2,car,0.1890716403722763,398.1571350097656,512.4658813476562,435.1833801269531,539.973388671875,0.2170157581567764,0.4872403740882873,0.0192845035344362,0.0254699140787124,reviewed,
1131,37.70433333333333,2585,2,car,0.1714294701814651,0.4976422190666199,523.6548461914062,38.11073303222656,561.8268432617188,0.0100542642176151,0.5025378465652466,0.0195901505649089,0.0353444404900074,reviewed,
1131,37.70433333333333,2366,2,car,0.1266994625329971,217.9616851806641,517.9326782226562,356.2877502441406,558.299560546875,0.1495441347360611,0.4982556402683258,0.0720448270440101,0.0373767428100109,reviewed,
1132,37.7377,749,2,car,0.943767786026001,772.971435546875,430.7301635742188,1243.0634765625,763.0868530273438,0.5250090956687927,0.5526930689811707,0.244839608669281,0.3077376782894134,reviewed,
1132,37.7377,1292,2,car,0.7881667613983154,1284.8575439453125,463.46136474609375,1419.381103515625,517.8456420898438,0.7042288184165955,0.454308807849884,0.0700643509626388,0.0503558106720447,reviewed,
1132,37.7377,2126,2,car,0.6224449872970581,63.675384521484375,519.4955444335938,151.07315063476562,570.2906494140625,0.0559240989387035,0.5045306086540222,0.0455196686089038,0.0470325052738189,reviewed,
1132,37.7377,2036,2,car,0.5377697348594666,438.4249267578125,508.1336364746094,509.2024841308594,538.4141845703125,0.2467779815196991,0.4845128953456878,0.0368633121252059,0.0280375443398952,reviewed,
1132,37.7377,2494,2,car,0.4510554373264313,357.4598999023437,518.77099609375,417.7994079589844,547.9581909179688,0.2018904387950897,0.493856132030487,0.031426828354597,0.0270251799374818,reviewed,
1132,37.7377,2574,2,car,0.8235988020896912,1448.8389892578125,465.0673522949219,1578.388427734375,500.5093994140625,0.7883405089378357,0.4470262825489044,0.0674736648797988,0.0328167118132114,reviewed,
1132,37.7377,2318,2,car,0.4303205609321594,698.02099609375,495.6834716796875,756.1896362304688,517.7398071289062,0.378700703382492,0.4691774547100067,0.030296167358756,0.0204225331544876,reviewed,
1132,37.7377,2459,2,car,0.3505802750587463,316.92694091796875,520.2171020507812,359.3367004394531,548.3206176757812,0.1761103272438049,0.494693398475647,0.0220884159207344,0.0260217729955911,reviewed,
1132,37.7377,2586,2,car,0.4389221370220184,640.6031494140625,495.76849365234375,695.49169921875,522.9929809570312,0.3479413688182831,0.4716488420963287,0.0285877864807844,0.0252078585326671,reviewed,
1132,37.7377,2129,2,car,0.1883713752031326,398.9649963378906,512.069091796875,435.4122924804688,539.9951782226562,0.2172857671976089,0.487066775560379,0.0189829673618078,0.0258574876934289,reviewed,
1132,37.7377,2585,2,car,0.1777992993593216,0.6831243634223938,526.3612060546875,38.253211975097656,562.1980590820312,0.0101396711543202,0.5039626359939575,0.0195677541196346,0.0331822708249092,reviewed,
1132,37.7377,2366,2,car,0.1224438250064849,217.8442840576172,517.4105224609375,356.5013732910156,558.40869140625,0.1495691835880279,0.4980644583702087,0.0722172334790229,0.0379612669348716,reviewed,
1132,37.7377,2656,2,car,0.3384363949298858,357.3509216308594,513.5748291015625,429.21197509765625,545.9873046875,0.2048340737819671,0.4905380308628082,0.0374276302754879,0.0300115514546632,reviewed,
1133,37.77106666666667,749,2,car,0.9434354305267334,772.56787109375,430.9195861816406,1242.421630859375,763.1104736328125,0.5247368216514587,0.5527916550636292,0.2447154968976974,0.3075841665267944,reviewed,
1133,37.77106666666667,1292,2,car,0.7941972017288208,1285.3123779296875,463.4031066894531,1418.5469970703125,517.748046875,0.7041300535202026,0.454236626625061,0.0693930312991142,0.0503193885087966,reviewed,
1133,37.77106666666667,2126,2,car,0.6366121768951416,62.87963104248047,520.1179809570312,150.31105041503906,570.6241455078125,0.0555184036493301,0.5049732327461243,0.0455371960997581,0.0467649661004543,reviewed,
1133,37.77106666666667,2036,2,car,0.6068825721740723,436.6802673339844,508.982177734375,508.8127746582031,538.6923828125,0.2462221533060073,0.4850345253944397,0.0375690124928951,0.0275094490498304,reviewed,
1133,37.77106666666667,2494,2,car,0.4888419508934021,356.81280517578125,518.8629760742188,416.3713073730469,548.236572265625,0.2013500183820724,0.4940275847911834,0.0310200527310371,0.0271977744996547,reviewed,
1133,37.77106666666667,2574,2,car,0.7912337779998779,1458.181396484375,464.0661010742188,1589.4647216796875,499.85986328125,0.7936578392982483,0.4462620317935943,0.0683767348527908,0.0331423729658126,reviewed,
1133,37.77106666666667,2318,2,car,0.4852069020271301,700.38427734375,494.87982177734375,755.681640625,517.7318725585938,0.379183828830719,0.4688017070293426,0.0288007091730833,0.0211593061685562,reviewed,
1133,37.77106666666667,2459,2,car,0.295651763677597,313.74951171875,519.8795166015625,358.6547546386719,547.9801025390625,0.1751052886247635,0.494379460811615,0.0233881473541259,0.0260190609842538,reviewed,
1133,37.77106666666667,2586,2,car,0.5429136753082275,643.509033203125,495.280029296875,698.9166259765625,522.7388916015625,0.349590003490448,0.4713050425052643,0.028858121484518,0.0254248715937137,reviewed,
1133,37.77106666666667,2129,2,car,0.3172987699508667,398.3180541992188,512.7395629882812,434.885986328125,541.4865112304688,0.2169802188873291,0.488067626953125,0.0190457981079816,0.0266175437718629,reviewed,
1133,37.77106666666667,2585,2,car,0.2194110006093979,0.6200322508811951,525.4884643554688,37.77775573730469,562.5994873046875,0.0099994242191314,0.5037444233894348,0.0193529799580574,0.0343620590865612,reviewed,
1133,37.77106666666667,2366,2,car,0.1201200783252716,218.52569580078125,518.187744140625,356.3526611328125,558.6194458007812,0.1497078984975814,0.4985218048095703,0.0717848762869834,0.0374367609620094,reviewed,
1133,37.77106666666667,2656,2,car,0.3016812205314636,356.73712158203125,514.441162109375,428.4953002929688,546.1051025390625,0.204487606883049,0.4909936487674713,0.0373740531504154,0.0293184630572795,reviewed,
1134,37.804433333333336,749,2,car,0.9432938098907472,771.32861328125,430.7781066894531,1240.451904296875,763.3450927734375,0.5239011645317078,0.5528348088264465,0.2443350404500961,0.3079324066638946,reviewed,
1134,37.804433333333336,1292,2,car,0.7752160429954529,1283.9925537109375,463.6517333984375,1416.7701416015625,517.5386962890625,0.7033236026763916,0.4542548358440399,0.0691549926996231,0.0498953349888324,reviewed,
1134,37.804433333333336,2126,2,car,0.6808276176452637,61.76036834716797,521.4384155273438,147.4114532470703,571.329345703125,0.0544718280434608,0.5059110522270203,0.0446099415421485,0.0461953058838844,reviewed,
1134,37.804433333333336,2036,2,car,0.5746229887008667,432.9835815429688,511.5135498046875,507.8830871582031,539.3466186523438,0.2450173646211624,0.4865093231201172,0.0390101596713066,0.0257713608443737,reviewed,
1134,37.804433333333336,2494,2,car,0.1489239484071731,352.2658386230469,521.2463989257812,413.8410034179688,549.6439208984375,0.1995069831609726,0.4957825839519501,0.0320703983306884,0.0262940023094415,reviewed,
1134,37.804433333333336,2574,2,car,0.7871689796447754,1466.70263671875,464.1925048828125,1599.5391845703125,498.7633361816406,0.7985004186630249,0.4458128809928894,0.0691857039928436,0.0320100300014019,reviewed,
1134,37.804433333333336,2318,2,car,0.4758369624614715,698.3087768554688,493.9283142089844,755.0975341796875,517.8985595703125,0.3784912228584289,0.4684383869171142,0.0295774769037961,0.0221946723759174,reviewed,
1134,37.804433333333336,2459,2,car,0.2489934712648391,311.3569030761719,520.7540893554688,357.6415710449219,548.4896850585938,0.1742183566093444,0.4950202703475952,0.0241065975278615,0.0256811063736677,reviewed,
1134,37.804433333333336,2586,2,car,0.592625617980957,646.7067260742188,495.603759765625,702.7162475585938,523.1776123046875,0.3514122366905212,0.4716580510139465,0.0291716251522302,0.0255313441157341,reviewed,
1134,37.804433333333336,2129,2,car,0.3256064057350158,397.6534118652344,513.4494018554688,433.1296081542969,542.0010986328125,0.2163497507572174,0.4886344671249389,0.0184771846979856,0.0264367554336786,reviewed,
1134,37.804433333333336,2585,2,car,0.1222213730216026,0.0,521.8591918945312,36.39217376708984,563.1963500976562,0.0094771282747387,0.50234055519104,0.0189542565494775,0.0382751449942588,reviewed,
1134,37.804433333333336,2366,2,car,0.2268860042095184,216.96810913085932,521.2110595703125,353.5770874023437,559.5809936523438,0.1485794633626938,0.5003666877746582,0.0711505115032196,0.0355277173221111,reviewed,
1134,37.804433333333336,2656,2,car,0.4513031542301178,352.6165466308594,515.4606323242188,423.8047180175781,548.5777587890625,0.2021930366754531,0.4926103353500366,0.03707717359066,0.0306640062481164,reviewed,
1134,37.804433333333336,2660,2,car,0.4438532590866089,1239.7401123046875,463.1856994628906,1320.2242431640625,496.2686767578125,0.6666573882102966,0.4441918134689331,0.0419188179075717,0.0306323859840631,reviewed,
1135,37.8378,749,2,car,0.9432222247123718,770.0537719726562,430.5586853027344,1238.455322265625,763.244384765625,0.5230492353439331,0.5526866316795349,0.2439591437578201,0.3080423176288605,reviewed,
1135,37.8378,1292,2,car,0.8213980197906494,1281.9189453125,463.4728698730469,1413.7779541015625,516.990966796875,0.7020043730735779,0.45391845703125,0.0686765685677528,0.0495537929236888,reviewed,
1135,37.8378,2126,2,car,0.6150634288787842,56.74425506591797,522.3778076171875,144.82723999023438,572.0709228515625,0.0524925775825977,0.5066892504692078,0.0458765551447868,0.0460121445357799,reviewed,
1135,37.8378,2036,2,car,0.5359706878662109,430.9865112304688,512.6569213867188,507.5225524902344,539.760009765625,0.2444033920764923,0.4872300922870636,0.0398625209927558,0.0250954516232013,reviewed,
1135,37.8378,2494,2,car,0.1831878721714019,351.1764831542969,520.9458618164062,408.991455078125,549.050048828125,0.1979604065418243,0.4953684508800506,0.0301119647920131,0.026022395119071,reviewed,
1135,37.8378,2574,2,car,0.8432266116142273,1474.19775390625,463.8275451660156,1608.7626953125,497.7042541503906,0.8028542995452881,0.4451536238193512,0.0700859054923057,0.0313673242926597,reviewed,
1135,37.8378,2318,2,car,0.4024920761585235,697.4805908203125,493.0313720703125,752.6740112304688,518.3702392578125,0.377644419670105,0.4682414829730987,0.028746573254466,0.0234619136899709,reviewed,
1135,37.8378,2459,2,car,0.3262577950954437,310.42706298828125,520.8812255859375,357.03790283203125,549.142333984375,0.1738190054893493,0.4953812658786773,0.024276478216052,0.0261676926165819,reviewed,
1135,37.8378,2586,2,car,0.555747926235199,649.73095703125,496.3160705566406,704.1200561523438,523.4222412109375,0.3525653779506683,0.4721010625362396,0.0283276550471782,0.0250983070582151,reviewed,
1135,37.8378,2129,2,car,0.2095113843679428,395.809326171875,514.2571411132812,430.1650695800781,540.97607421875,0.2150974869728088,0.4885338544845581,0.0178936161100864,0.0247397534549236,reviewed,
1135,37.8378,2585,2,car,0.1909767538309097,0.0,526.17138671875,30.88608169555664,563.0902099609375,0.0080432500690221,0.5042877793312073,0.0160865001380443,0.034184094518423,reviewed,
1135,37.8378,2366,2,car,0.1304754018783569,214.34425354003903,519.548583984375,351.5876770019531,560.3737182617188,0.1473781168460846,0.4999640583992004,0.0714809522032737,0.0378010496497154,reviewed,
1135,37.8378,2656,2,car,0.3003169596195221,351.2311706542969,515.52099609375,422.3484191894531,549.0174560546875,0.2014530152082443,0.4928418695926666,0.0370402336120605,0.0310152415186166,reviewed,
1135,37.8378,2660,2,car,0.4449265003204345,1233.70458984375,462.78802490234375,1318.85791015625,496.0711669921875,0.6647298336029053,0.4439162909984588,0.0443506874144077,0.030817724764347,reviewed,
1135,37.8378,2662,2,car,0.4070313572883606,595.9354858398438,504.7461242675781,650.03662109375,525.5184326171875,0.3244719207286834,0.4769743084907532,0.0281776748597621,0.0192336179316043,reviewed,
1136,37.87116666666667,749,2,car,0.9439238905906676,768.1786499023438,431.1167297363281,1236.1673583984375,763.8883056640625,0.5219650864601135,0.5532430410385132,0.2437441200017929,0.3081218302249908,reviewed,
1136,37.87116666666667,1292,2,car,0.8360748887062073,1280.4991455078125,463.4695739746094,1411.771484375,516.763427734375,0.7011120915412903,0.4538115859031677,0.0683710128068924,0.0493461601436138,reviewed,
1136,37.87116666666667,2126,2,car,0.6614781618118286,54.18659210205078,522.4721069335938,141.9534454345703,573.38330078125,0.0510781370103359,0.5073404908180237,0.0457119010388851,0.0471399948000907,reviewed,
1136,37.87116666666667,2036,2,car,0.5909574031829834,430.6799926757813,512.334716796875,506.9028625488281,540.1832275390625,0.2441622167825698,0.4872768223285675,0.039699412882328,0.0257856585085392,reviewed,
1136,37.87116666666667,2494,2,car,0.2958251535892486,348.84283447265625,519.9580688476562,407.6326293945313,549.987548828125,0.1969988197088241,0.4953451752662658,0.0306196846067905,0.0278050731867551,reviewed,
1136,37.87116666666667,2574,2,car,0.8384833931922913,1481.6749267578125,462.36083984375,1616.83251953125,496.9853515625,0.8069029450416565,0.4441417455673218,0.0703945830464363,0.0320597328245639,reviewed,
1136,37.87116666666667,2318,2,car,0.4247675240039825,696.9451293945312,493.4447021484375,750.4024047851562,518.4642333984375,0.3769134283065796,0.4684763550758362,0.0278423316776752,0.0231662318110466,reviewed,
1136,37.87116666666667,2459,2,car,0.3798228502273559,312.2093505859375,521.6613159179688,354.1632080078125,550.0032348632812,0.1735345274209976,0.4961409866809845,0.0218509677797555,0.0262425169348716,reviewed,
1136,37.87116666666667,2586,2,car,0.541449785232544,651.79296875,496.7037658691406,705.67041015625,523.4360961914062,0.3535060882568359,0.4722869992256164,0.0280611682683229,0.0247521568089723,reviewed,
1136,37.87116666666667,2129,2,car,0.2015322297811508,390.56549072265625,515.8291625976562,428.2370300292969,542.4646606445312,0.2132298201322555,0.4899508357048034,0.019620593637228,0.0246624983847141,reviewed,
1136,37.87116666666667,2585,2,car,0.1294234693050384,0.0,533.7337646484375,26.62303924560547,564.0786743164062,0.0069330832920968,0.5082465410232544,0.0138661665841937,0.0280971378087997,reviewed,
1136,37.87116666666667,2366,2,car,0.1178560927510261,211.7704467773437,522.2203979492188,345.5795288085937,561.2987060546875,0.1451432257890701,0.5016291737556458,0.0696922317147255,0.0361836180090904,reviewed,
1136,37.87116666666667,2656,2,car,0.37360280752182,349.4178466796875,513.4659423828125,426.22747802734375,549.32666015625,0.2019909769296646,0.4920336008071899,0.0400050170719623,0.0332043692469596,reviewed,
1136,37.87116666666667,2660,2,car,0.1178839653730392,1226.4173583984375,463.107421875,1320.63525390625,495.7153930664063,0.6632949709892273,0.4438994526863098,0.0490718223154544,0.0301925651729106,reviewed,
1136,37.87116666666667,2662,2,car,0.2465841919183731,594.2417602539062,505.7216491699219,650.740966796875,525.531494140625,0.3242142498493194,0.4774320125579834,0.0294266697019338,0.0183424483984708,reviewed,
1137,37.90453333333333,749,2,car,0.9412686824798584,765.5639038085938,429.72650146484375,1234.47021484375,765.0161743164062,0.5208422541618347,0.5531216263771057,0.244222030043602,0.3104534149169922,reviewed,
1137,37.90453333333333,1292,2,car,0.8286276459693909,1279.4163818359375,463.1294860839844,1409.880859375,516.8710327148438,0.700337827205658,0.4537039399147033,0.0679502487182617,0.0497606918215751,reviewed,
1137,37.90453333333333,2126,2,car,0.6015942692756653,50.926231384277344,523.3135986328125,138.03268432617188,574.4248046875,0.0492080524563789,0.5082122087478638,0.0453679449856281,0.0473251901566982,reviewed,
1137,37.90453333333333,2036,2,car,0.5277847647666931,426.7764892578125,512.7838134765625,505.69342041015625,540.62939453125,0.2428307086229324,0.4876913130283355,0.0411025695502758,0.0257829446345567,reviewed,
1137,37.90453333333333,2494,2,car,0.438404768705368,347.0452880859375,521.9091796875,406.0978088378906,550.5166625976562,0.1961310058832168,0.4964934289455414,0.0307565219700336,0.0264884103089571,reviewed,
1137,37.90453333333333,2574,2,car,0.7698927521705627,1489.676025390625,462.38812255859375,1625.8095703125,496.4876098632813,0.8113243579864502,0.4439239501953125,0.0709028914570808,0.0315736010670661,reviewed,
1137,37.90453333333333,2318,2,car,0.3734227418899536,699.73388671875,493.6806945800781,748.5145874023438,518.6710815429688,0.3771480619907379,0.4686813950538635,0.0254066158086061,0.0231392476707696,reviewed,
1137,37.90453333333333,2459,2,car,0.3677131831645965,313.00604248046875,522.8011474609375,352.5962219238281,550.6167602539062,0.173333927989006,0.4969527721405029,0.020619885995984,0.0257551968097686,reviewed,
1137,37.90453333333333,2586,2,car,0.4674808382987976,654.23583984375,496.4308776855469,707.4464111328125,523.5890502929688,0.3546047508716583,0.4722314476966858,0.0277138389647007,0.0251464564353227,reviewed,
1137,37.90453333333333,2129,2,car,0.2061439156532287,388.7808532714844,517.3580322265625,426.0570373535156,543.2890625,0.2121973633766174,0.4910403192043304,0.0194146800786256,0.0240102130919694,reviewed,
1137,37.90453333333333,2585,2,car,0.1134099438786506,0.0,537.7223510742188,23.47729682922364,564.5774536132812,0.0061138793826103,0.5103240013122559,0.0122277587652206,0.024865835905075,reviewed,
1137,37.90453333333333,2366,2,car,0.1057199984788894,213.00711059570312,523.5034790039062,343.0204162597656,561.5023193359375,0.1447988301515579,0.5023175477981567,0.0677152648568153,0.0351841114461422,reviewed,
1137,37.90453333333333,2656,2,car,0.1882138699293136,347.482421875,516.099609375,424.8316650390625,549.4326782226562,0.2011234611272812,0.4933019578456878,0.0402860641479492,0.0308639518916606,reviewed,
1137,37.90453333333333,2660,2,car,0.5063716173171997,1218.3634033203125,462.1432495117188,1313.0704345703125,496.0868225097656,0.6592275500297546,0.4436250329017639,0.0493265800178051,0.0314292348921299,reviewed,
1137,37.90453333333333,2662,2,car,0.31010502576828,588.464111328125,504.8838195800781,646.1378784179688,526.2930908203125,0.3215109407901764,0.477396696805954,0.0300384201109409,0.0198233984410762,reviewed,
1138,37.9379,749,2,car,0.941826343536377,763.5442504882812,429.7171630859375,1232.915771484375,764.874267578125,0.5199114680290222,0.5530515909194946,0.2444643378257751,0.3103306591510772,reviewed,
1138,37.9379,1292,2,car,0.8548300266265869,1275.979736328125,463.1628723144531,1407.86181640625,517.0652465820312,0.6989170908927917,0.4538093209266662,0.0686885863542556,0.0499096065759658,reviewed,
1138,37.9379,2126,2,car,0.6005135178565979,48.6169319152832,523.3121948242188,134.43919372558594,575.2919311523438,0.0476708635687828,0.5086130499839783,0.0446990951895713,0.0481293871998786,reviewed,
1138,37.9379,2036,2,car,0.5117220878601074,425.8967895507813,512.6381225585938,505.02587890625,541.2103271484375,0.2424277812242508,0.4878927767276764,0.0412130691111087,0.026455745100975,reviewed,
1138,37.9379,2494,2,car,0.2576224207878113,343.1197204589844,523.6590576171875,401.1627197265625,550.8775024414062,0.1938235610723495,0.4974706470966339,0.0302307289093732,0.0252022631466388,reviewed,
1138,37.9379,2574,2,car,0.8154669404029846,1498.155029296875,461.76068115234375,1633.905517578125,496.535888671875,0.8156407475471497,0.4436558187007904,0.0707033798098564,0.0321992672979831,reviewed,
1138,37.9379,2318,2,car,0.2416829913854599,686.6256713867188,492.705078125,744.2772827148438,519.7940673828125,0.3726309835910797,0.4687496125698089,0.0300268810242414,0.0250823982059955,reviewed,
1138,37.9379,2459,2,car,0.3340707123279571,308.32080078125,523.4456787109375,348.0518798828125,550.7728881835938,0.1709303855895996,0.4973233938217163,0.0206932704895734,0.0253029726445674,reviewed,
1138,37.9379,2586,2,car,0.3714928328990936,655.552490234375,497.0055541992188,710.9263305664062,523.5493774414062,0.3558538556098938,0.4724791347980499,0.0288405418395996,0.0245776139199733,reviewed,
1138,37.9379,2129,2,car,0.1519272774457931,385.0780334472656,517.8505249023438,424.779296875,544.5513305664062,0.2109003365039825,0.4918527007102966,0.0206777416169643,0.0247229672968387,reviewed,
1138,37.9379,2585,2,car,0.1021313369274139,0.0,540.5819091796875,20.283418655395508,564.8128051757812,0.0052821403369307,0.5117568373680115,0.0105642806738615,0.0224360153079032,reviewed,
1138,37.9379,2366,2,car,0.2285215705633163,208.0339813232422,525.232666015625,341.9803161621094,561.793701171875,0.1432328820228576,0.5032529234886169,0.0697637125849723,0.0338528119027614,reviewed,
1138,37.9379,2656,2,car,0.4277213811874389,344.70361328125,519.5840454101562,421.0171508789063,550.8218383789062,0.1994064450263977,0.4955582916736603,0.0397466346621513,0.0289238821715116,reviewed,
1138,37.9379,2660,2,car,0.4834581613540649,1209.8328857421875,462.7259521484375,1303.966796875,496.1532897949219,0.6546353697776794,0.4439255893230438,0.0490280799567699,0.0309512391686439,reviewed,
1138,37.9379,2662,2,car,0.3730972409248352,586.9544067382812,505.7552185058594,644.0362548828125,525.6207275390625,0.3205704987049103,0.4774888753890991,0.0297301299870014,0.0183939896523952,reviewed,
1139,37.971266666666665,749,2,car,0.9416905641555786,763.1489868164062,429.5904235839844,1232.720703125,764.7151489257812,0.5197576880455017,0.5529192090034485,0.2445686012506485,0.3103006780147552,reviewed,
1139,37.971266666666665,1292,2,car,0.8246899843215942,1276.22021484375,462.8253173828125,1407.4010009765625,517.1796264648438,0.6988596320152283,0.4537059962749481,0.068323329091072,0.0503280647099018,reviewed,
1139,37.971266666666665,2126,2,car,0.659652054309845,46.67666244506836,522.91259765625,133.78399658203125,574.6384887695312,0.0469949655234813,0.5081254839897156,0.0453683994710445,0.0478943437337875,reviewed,
1139,37.971266666666665,2036,2,car,0.5794682502746582,425.24169921875,511.46533203125,506.6890258789063,540.9066772460938,0.2426902949810028,0.487209290266037,0.0424204841256141,0.0272605046629905,reviewed,
1139,37.971266666666665,2494,2,car,0.3458546698093414,341.99542236328125,523.2154541015625,401.7956848144531,550.8013916015625,0.1936956048011779,0.4972300231456756,0.0311459694057703,0.0255425348877906,reviewed,
1139,37.971266666666665,2574,2,car,0.8388163447380066,1508.4755859375,461.06195068359375,1639.044677734375,496.3478088378906,0.8196667432785034,0.4432452619075775,0.068004734814167,0.0326720923185348,reviewed,
1139,37.971266666666665,2318,2,car,0.2312486618757248,686.8536987304688,493.1358337402344,740.510986328125,519.7213134765625,0.3717095553874969,0.4689153730869293,0.0279465038329362,0.0246161855757236,reviewed,
1139,37.971266666666665,2459,2,car,0.3392884433269501,308.6258544921875,522.8438720703125,346.3704833984375,549.9002075195312,0.170571967959404,0.4966408014297485,0.0196586605161428,0.025052161887288,reviewed,
1139,37.971266666666665,2586,2,car,0.4502939879894256,659.602783203125,497.7122802734375,715.2963256835938,523.3204345703125,0.3580466508865356,0.4727003276348114,0.0290070530027151,0.0237112548202276,reviewed,
1139,37.971266666666665,2129,2,car,0.1851087808609008,384.7722778320313,517.5403442382812,423.90533447265625,543.3950805664062,0.2105931341648101,0.4911738038063049,0.0203818008303642,0.0239395704120397,reviewed,
1139,37.971266666666665,2366,2,car,0.2400678694248199,204.2811889648437,525.4232788085938,341.4960632324219,562.06005859375,0.1421294808387756,0.5034645199775696,0.0714660808444023,0.0339229442179203,reviewed,
1139,37.971266666666665,2656,2,car,0.4652597904205322,343.3995666503906,519.9758911132812,420.3082275390625,550.9141235351562,0.1988822370767593,0.4957824051380157,0.0400565937161445,0.0286465119570493,reviewed,
1139,37.971266666666665,2660,2,car,0.4971020519733429,1203.7821044921875,461.9853515625,1301.65771484375,495.6799621582031,0.6524583101272583,0.4433635473251343,0.0509768798947334,0.031198713928461,reviewed,
1139,37.971266666666665,2662,2,car,0.4023896157741546,586.5236206054688,504.4098205566406,643.46875,526.2332763671875,0.3203105330467224,0.4771495759487152,0.0296589210629463,0.0202069040387868,reviewed,
1140,38.00463333333333,749,2,car,0.9422399997711182,764.3685913085938,430.3721618652344,1233.2841796875,764.1212158203125,0.5202220678329468,0.5530062317848206,0.24422687292099,0.3090268969535827,reviewed,
1140,38.00463333333333,1292,2,car,0.8286600708961487,1277.1666259765625,463.04193115234375,1408.017822265625,517.4067993164062,0.699266791343689,0.4539114534854889,0.0681516677141189,0.0503378398716449,reviewed,
1140,38.00463333333333,2126,2,car,0.6474397778511047,46.66957473754883,522.349365234375,133.70826721191406,573.2152099609375,0.0469733960926532,0.5072058439254761,0.0453326553106308,0.0470980033278465,reviewed,
1140,38.00463333333333,2036,2,car,0.5885730385780334,426.2876586914063,510.9327087402344,504.0056457519531,540.6419677734375,0.2422638833522796,0.4868401288986206,0.0404781177639961,0.0275085736066102,reviewed,
1140,38.00463333333333,2494,2,car,0.2699083387851715,341.6131286621094,521.3408203125,402.5099182128906,550.0448608398438,0.1937820464372635,0.4960119128227234,0.0317170768976211,0.026577815413475,reviewed,
1140,38.00463333333333,2574,2,car,0.769086480140686,1519.519775390625,461.8823852539063,1642.8060302734375,497.0640869140625,0.8235223293304443,0.4439567029476166,0.0642115920782089,0.0325756482779979,reviewed,
1140,38.00463333333333,2318,2,car,0.1558324694633484,681.911376953125,492.8960876464844,738.9778442382812,518.9122924804688,0.3700232207775116,0.4684298038482666,0.0297221187502145,0.024089079350233,reviewed,
1140,38.00463333333333,2459,2,car,0.3433122634887695,307.0687561035156,521.6385498046875,346.4285583496094,549.2026977539062,0.1701815873384475,0.4957598745822906,0.0204998962581157,0.0255223587155342,reviewed,
1140,38.00463333333333,2586,2,car,0.5546808242797852,663.8721923828125,494.2785034179688,732.307861328125,522.4016723632812,0.3635885417461395,0.4706852734088897,0.0356435775756835,0.0260399710386991,reviewed,
1140,38.00463333333333,2129,2,car,0.1604720056056976,387.6057434082031,516.3964233398438,424.4194946289063,542.9473266601562,0.211464911699295,0.4904369115829468,0.0191738288849592,0.0245841704308986,reviewed,
1140,38.00463333333333,2366,2,car,0.2326114177703857,203.70001220703125,524.9280395507812,341.9117736816406,561.7305297851562,0.1420864164829254,0.5030826926231384,0.0719852894544601,0.0340763814747333,reviewed,
1140,38.00463333333333,2656,2,car,0.4644162058830261,343.28515625,516.561767578125,420.8868713378906,550.1499633789062,0.199003130197525,0.4938479959964752,0.0404175594449043,0.0311001818627119,reviewed,
1140,38.00463333333333,2660,2,car,0.564172625541687,1199.7991943359375,462.5051879882813,1293.41943359375,496.73382568359375,0.6492757201194763,0.4440921247005462,0.0487605407834053,0.0316931828856468,reviewed,
1140,38.00463333333333,2662,2,car,0.4776417315006256,588.137451171875,503.9977111816406,643.7614135742188,525.873291015625,0.320807009935379,0.4767921268939972,0.0289708133786916,0.0202551670372486,reviewed,
1140,38.00463333333333,2092,2,car,0.3445703089237213,290.64324951171875,521.373046875,346.36492919921875,550.2503662109375,0.1658875495195388,0.4961219429969787,0.0290217082947492,0.0267382580786943,reviewed,
1141,38.038,749,2,car,0.938991367816925,765.166259765625,429.49700927734375,1234.63134765625,764.7791748046875,0.520780622959137,0.5529056191444397,0.244513064622879,0.3104464411735534,reviewed,
1141,38.038,1292,2,car,0.780644416809082,1278.2030029296875,463.6490783691406,1409.3934326171875,517.8804931640625,0.699894905090332,0.4544118344783783,0.0683283507823944,0.0502142719924449,reviewed,
1141,38.038,2126,2,car,0.7042262554168701,48.26095962524414,521.4164428710938,134.63490295410156,571.9307250976562,0.0476291291415691,0.5061792731285095,0.044986430555582,0.0467724837362766,reviewed,
1141,38.038,2036,2,car,0.5866234302520752,424.9867248535156,509.060302734375,502.44622802734375,540.1626586914062,0.2415190041065216,0.4857513308525085,0.0403434894979,0.0287984777241945,reviewed,
1141,38.038,2494,2,car,0.4545513689517975,344.20477294921875,518.4052734375,405.6260986328125,549.0984497070312,0.195268452167511,0.494214653968811,0.0319902747869491,0.0284196082502603,reviewed,
1141,38.038,2574,2,car,0.7787138819694519,1531.544921875,461.7950134277344,1665.913330078125,497.6668090820313,0.8326714038848877,0.4441952705383301,0.0699835494160652,0.0332146249711513,reviewed,
1141,38.038,2459,2,car,0.2988481223583221,303.85772705078125,520.6432495117188,347.861328125,548.4456787109375,0.1697185039520263,0.494948536157608,0.0229185428470373,0.0257429908961057,reviewed,
1141,38.038,2586,2,car,0.7236136198043823,666.8303833007812,492.5325622558594,737.03955078125,521.1057739257812,0.3655911087989807,0.4692769944667816,0.0365672744810581,0.0264566782861948,reviewed,
1141,38.038,2129,2,car,0.2175424695014953,386.9934692382813,514.7469482421875,425.0998229980469,542.5240478515625,0.2114826142787933,0.4894773066043854,0.0198470596224069,0.0257195364683866,reviewed,
1141,38.038,2366,2,car,0.1382426023483276,203.6789093017578,516.4661254882812,336.8383178710937,560.87255859375,0.1407596915960312,0.4987678825855255,0.0693538561463356,0.0411170683801174,reviewed,
1141,38.038,2656,2,car,0.1137803196907043,344.9880065917969,512.2011108398438,423.1936340332031,547.4633178710938,0.2000472992658615,0.4905853867530823,0.0407320968806743,0.0326501913368701,reviewed,
1141,38.038,2660,2,car,0.6434118151664734,1193.412841796875,463.21478271484375,1287.03515625,497.3238830566406,0.6459500193595886,0.4446938335895538,0.0487616211175918,0.0315825007855892,reviewed,
1141,38.038,2662,2,car,0.5058226585388184,590.3058471679688,503.9111328125,644.2804565429688,525.2095947265625,0.3215068578720093,0.4764447808265686,0.0281117763370275,0.0197207983583211,reviewed,
1141,38.038,2092,2,car,0.1610730439424514,287.61309814453125,520.998291015625,342.75543212890625,546.4804077148438,0.1641584783792495,0.494203120470047,0.0287199653685092,0.0235945526510477,reviewed,
1142,38.07136666666667,749,2,car,0.9419254064559937,766.9066162109375,429.394775390625,1236.58056640625,764.9869995117188,0.5217414498329163,0.5529545545578003,0.2446218430995941,0.3107335269451141,reviewed,
1142,38.07136666666667,1292,2,car,0.841312050819397,1279.951904296875,464.2432556152344,1410.465576171875,518.1520385742188,0.7006295323371887,0.454812616109848,0.0679758712649345,0.0499155409634113,reviewed,
1142,38.07136666666667,2126,2,car,0.7079606652259827,50.68541717529297,520.3705444335938,136.14830017089844,570.7919311523438,0.0486546121537685,0.5051678419113159,0.0445119179785251,0.0466864705085754,reviewed,
1142,38.07136666666667,2036,2,car,0.7013576626777649,426.878173828125,507.865234375,502.1628112792969,539.640869140625,0.2419377714395523,0.4849565327167511,0.0392107479274272,0.0294218845665454,reviewed,
1142,38.07136666666667,2494,2,car,0.3966192007064819,346.5389099121094,517.8075561523438,405.8398742675781,547.7677001953125,0.1959319710731506,0.4933218359947204,0.0308859180659055,0.0277408733963966,reviewed,
1142,38.07136666666667,2574,2,car,0.7422267198562622,1543.0264892578125,462.20111083984375,1681.6787109375,498.4499206542969,0.8397669196128845,0.4447458386421203,0.07221470028162,0.0335637144744396,reviewed,
1142,38.07136666666667,2459,2,car,0.3463128507137298,309.7293701171875,519.845458984375,350.21826171875,548.0128784179688,0.1718613654375076,0.4943788945674896,0.0210879649966955,0.0260809436440467,reviewed,
1142,38.07136666666667,2586,2,car,0.6010400652885437,667.3218994140625,492.1524963378906,740.7802734375,520.3518676757812,0.3666932880878448,0.4687520265579223,0.038259569555521,0.0261105298995971,reviewed,
1142,38.07136666666667,2129,2,car,0.2414086908102035,387.937744140625,510.4281921386719,427.4004821777344,541.2167358398438,0.2123276740312576,0.4868726432323456,0.020553508773446,0.0285079106688499,reviewed,
1142,38.07136666666667,2366,2,car,0.1290682107210159,207.1664886474609,517.89453125,340.7896728515625,559.3880615234375,0.1426969170570373,0.4987419545650482,0.0695954114198684,0.0384199358522892,reviewed,
1142,38.07136666666667,2656,2,car,0.1576807498931884,346.3647766113281,510.07513427734375,426.67388916015625,545.9242553710938,0.2013121545314788,0.4888885915279388,0.0418276637792587,0.0331936292350292,reviewed,
1142,38.07136666666667,2660,2,car,0.5332984924316406,1187.3067626953125,463.6174011230469,1281.6605224609375,497.8421020507813,0.642960250377655,0.4451201260089874,0.0491425842046737,0.0316895395517349,reviewed,
1142,38.07136666666667,2662,2,car,0.5083474516868591,593.402587890625,503.8974914550781,644.52099609375,524.1141967773438,0.3223759233951568,0.4759313464164734,0.0266241710633039,0.0187191721051931,reviewed,
1142,38.07136666666667,2092,2,car,0.3054326474666595,294.52325439453125,519.4194946289062,348.1851501464844,548.056396484375,0.1673719733953476,0.4942017793655395,0.0279489047825336,0.0265156496316194,reviewed,
1143,38.104733333333336,749,2,car,0.9435208439826964,768.4962768554688,430.6310729980469,1236.98193359375,763.953125,0.5222599506378174,0.5530482530593872,0.24400295317173,0.3086315393447876,reviewed,
1143,38.104733333333336,1292,2,car,0.8438240885734558,1281.2236328125,464.8489685058594,1411.169921875,518.3555908203125,0.7011441588401794,0.4551873207092285,0.0676803588867187,0.0495431683957576,reviewed,
1143,38.104733333333336,2126,2,car,0.6984544396400452,54.21986770629883,519.4227905273438,137.47604370117188,569.6536254882812,0.0499208085238933,0.5042020678520203,0.0433625951409339,0.0465100333094596,reviewed,
1143,38.104733333333336,2036,2,car,0.599216103553772,430.1607055664063,506.9270324707031,503.7266540527344,538.6746826171875,0.2431998252868652,0.4840748608112335,0.0383155979216098,0.0293959714472293,reviewed,
1143,38.104733333333336,2494,2,car,0.2417041361331939,347.619384765625,516.571044921875,399.5816955566406,546.8370971679688,0.1945836097002029,0.4923186004161834,0.0270637031644582,0.0280241221189498,reviewed,
1143,38.104733333333336,2574,2,car,0.7904921174049377,1553.7203369140625,462.3072509765625,1695.7484130859375,498.9609680175781,0.8462158441543579,0.4450315833091736,0.0739729553461074,0.0339386276900768,reviewed,
1143,38.104733333333336,2459,2,car,0.2889343798160553,313.24224853515625,519.65185546875,352.4686279296875,547.2804565429688,0.1733622103929519,0.4939501583576202,0.0204304065555334,0.0255820378661155,reviewed,
1143,38.104733333333336,2586,2,car,0.7185750603675842,665.9640502929688,490.9315490722656,743.7681884765625,519.7005615234375,0.3671177625656128,0.4678852260112762,0.0405229888856411,0.0266379751265048,reviewed,
1143,38.104733333333336,2129,2,car,0.3116545379161834,388.1380920410156,508.8079223632813,428.9284973144531,539.807861328125,0.2127777636051178,0.4854702353477478,0.021245002746582,0.0287036467343568,reviewed,
1143,38.104733333333336,2366,2,car,0.1696005463600158,209.2288818359375,519.21337890625,341.6019592285156,558.6138916015625,0.1434455215930938,0.4989941120147705,0.0689443126320838,0.0364819578826427,reviewed,
1143,38.104733333333336,2656,2,car,0.1432347446680069,347.2426452636719,509.3056945800781,428.1894836425781,545.103759765625,0.2019354552030563,0.4881525039672851,0.0421598106622695,0.0331463553011417,reviewed,
1143,38.104733333333336,2660,2,car,0.6006923913955688,1182.273193359375,463.5049743652344,1273.9022216796875,497.6889343261719,0.6396290063858032,0.4449971914291382,0.0477234534919261,0.0316518135368824,reviewed,
1143,38.104733333333336,2662,2,car,0.5297266840934753,594.7052612304688,502.9920349121094,644.6821899414062,523.1361083984375,0.3227571547031402,0.4750593304634094,0.0260296501219272,0.018651919439435,reviewed,
1143,38.104733333333336,2092,2,car,0.2557340860366821,293.17596435546875,518.80615234375,351.207763671875,547.1954345703125,0.1678082644939422,0.4935192465782165,0.0302248951047658,0.0262863729149103,reviewed,
1144,38.1381,749,2,car,0.9456536769866944,770.2135009765625,430.926513671875,1238.468994140625,762.6094970703125,0.5230944156646729,0.552562952041626,0.2438830733299255,0.3071138858795166,reviewed,
1144,38.1381,1292,2,car,0.840477705001831,1282.5262451171875,464.7942810058594,1413.0787353515625,518.4490356445312,0.701980471611023,0.4552052319049835,0.0679960921406745,0.0496803298592567,reviewed,
1144,38.1381,2126,2,car,0.5600165128707886,53.869384765625,517.487548828125,140.14512634277344,568.6834106445312,0.0505246110260486,0.5028569102287292,0.0449352823197841,0.0474035739898681,reviewed,
1144,38.1381,2036,2,car,0.4194614291191101,431.4215393066406,507.0512390136719,504.9390258789063,537.9819946289062,0.2438438981771469,0.4838116765022278,0.0382903590798378,0.0286395885050296,reviewed,
1144,38.1381,2494,2,car,0.210008218884468,349.21197509765625,517.1931762695312,395.7103271484375,545.6151733398438,0.1939901858568191,0.4920409023761749,0.0242178924381732,0.0263166632503271,reviewed,
1144,38.1381,2574,2,car,0.7816202044487,1566.03955078125,463.0811767578125,1709.970947265625,499.3227844238281,0.8531277179718018,0.4455573856830597,0.0749642699956893,0.033557042479515,reviewed,
1144,38.1381,2586,2,car,0.6275113224983215,665.05712890625,490.6397705078125,749.700927734375,518.840576171875,0.3684265911579132,0.4673520028591156,0.0440853126347065,0.0261118579655885,reviewed,
1144,38.1381,2129,2,car,0.1458605229854583,389.4754028320313,508.2466125488281,431.51666259765625,539.27587890625,0.2138000130653381,0.4849641025066376,0.0218964889645576,0.0287308022379875,reviewed,
1144,38.1381,2366,2,car,0.1211257576942443,210.30718994140625,519.1783447265625,339.53369140625,557.8630981445312,0.1431877315044403,0.4986303150653839,0.0673054680228233,0.0358192175626754,reviewed,
1144,38.1381,2656,2,car,0.1177770048379898,349.327392578125,507.2102966308594,430.0644836425781,544.432861328125,0.2029666304588318,0.4868718385696411,0.0420505665242672,0.0344653390347957,reviewed,
1144,38.1381,2660,2,car,0.3632382750511169,1174.1888427734375,462.0627136230469,1267.7783203125,498.1769409179688,0.6359289884567261,0.4445553719997406,0.0487445183098316,0.0334390997886657,reviewed,
1144,38.1381,2662,2,car,0.5351463556289673,597.103759765625,501.8957824707031,645.674072265625,522.6568603515625,0.3236400485038757,0.4743299186229706,0.025297038257122,0.0192232206463813,reviewed,
1144,38.1381,2092,2,car,0.3561819791793823,297.256103515625,517.8345336914062,352.4205627441406,546.3334350585938,0.1691866219043731,0.4926703572273254,0.0287314895540475,0.0263878721743822,reviewed,
1145,38.17146666666667,749,2,car,0.9436895251274108,771.8980102539062,430.8109436035156,1240.458251953125,762.5736694335938,0.5240510702133179,0.5524929165840149,0.2440417855978012,0.3071877062320709,reviewed,
1145,38.17146666666667,1292,2,car,0.864890456199646,1284.280517578125,464.8384094238281,1414.7412109375,518.6900024414062,0.70287024974823,0.455337256193161,0.0679482743144035,0.0498625859618186,reviewed,
1145,38.17146666666667,2126,2,car,0.5737425088882446,55.031158447265625,516.576171875,144.06689453125,567.1473999023438,0.0518484525382518,0.5017238855361938,0.0463727787137031,0.046825211495161,reviewed,
1145,38.17146666666667,2036,2,car,0.5051091313362122,434.20263671875,507.1114501953125,505.6763610839844,536.4824829101562,0.2447601705789566,0.4831453561782837,0.0372258983552455,0.0271954014897346,reviewed,
1145,38.17146666666667,2494,2,car,0.3628882765769958,352.1402282714844,517.7164916992188,395.9510498046875,544.4590454101562,0.1948154419660568,0.4917479455471039,0.022818136960268,0.0247616246342659,reviewed,
1145,38.17146666666667,2574,2,car,0.7220543622970581,1581.212890625,464.4215087890625,1728.90771484375,500.8677368164063,0.8620105981826782,0.4468931555747986,0.0769243910908699,0.0337465070188045,reviewed,
1145,38.17146666666667,2586,2,car,0.6312932968139648,664.7371826171875,490.8388671875,753.5657348632812,518.45703125,0.3693497478961944,0.4672666192054748,0.0462648719549179,0.0255723744630813,reviewed,
1145,38.17146666666667,2129,2,car,0.1782348304986953,391.5895385742188,509.2423400878906,433.8394470214844,539.0894165039062,0.2149554640054702,0.4853387773036957,0.0220051612704992,0.0276361815631389,reviewed,
1145,38.17146666666667,2366,2,car,0.1443428546190261,213.26776123046875,518.77294921875,344.288330078125,556.3565063476562,0.1451968997716903,0.4977450966835022,0.0682398825883865,0.0347995907068252,reviewed,
1145,38.17146666666667,2656,2,car,0.2260785400867462,352.2471008300781,511.373291015625,429.1660461425781,543.8570556640625,0.2034930139780044,0.4885325729846954,0.0400619506835937,0.0300775598734617,reviewed,
1145,38.17146666666667,2660,2,car,0.2762241065502167,1169.3314208984375,462.8879699707031,1260.1097412109375,497.94537353515625,0.6326669454574585,0.4448302686214447,0.0472803749144077,0.0324605591595172,reviewed,
1145,38.17146666666667,2662,2,car,0.5376523733139038,597.8968505859375,501.384033203125,647.7643432617188,523.0382690429688,0.3243909180164337,0.4742695987224579,0.0259726531803607,0.0200502183288335,reviewed,
1145,38.17146666666667,2092,2,car,0.3076453506946563,298.0002136230469,517.21826171875,354.0504455566406,543.926513671875,0.1698048561811447,0.4912707209587097,0.0291928295046091,0.0247298628091812,reviewed,
1146,38.20483333333333,749,2,car,0.941650390625,773.5671997070312,431.1275024414063,1242.5972900390625,762.21875,0.5250428318977356,0.552475094795227,0.2442865073680877,0.3065659701824188,reviewed,
1146,38.20483333333333,1292,2,car,0.8683179616928101,1286.5992431640625,464.8267822265625,1418.1279296875,518.7499389648438,0.7043560147285461,0.4553596079349518,0.0685045272111892,0.0499288477003574,reviewed,
1146,38.20483333333333,2126,2,car,0.5000126361846924,58.48882293701172,514.5283813476562,148.37066650390625,565.510986328125,0.0538696609437465,0.5000181794166565,0.0468134619295597,0.0472061149775981,reviewed,
1146,38.20483333333333,2036,2,car,0.4680212140083313,435.7779235839844,507.2814331054688,508.78997802734375,535.4741821289062,0.245981216430664,0.4827572405338287,0.0380271114408969,0.0261043980717659,reviewed,
1146,38.20483333333333,2494,2,car,0.3880460560321808,355.6710510253906,516.2272338867188,403.3766174316406,544.2657470703125,0.19766865670681,0.4909689426422119,0.0248466487973928,0.0259615872055292,reviewed,
1146,38.20483333333333,2574,2,car,0.7577141523361206,1595.6259765625,464.2825317382813,1739.382080078125,502.2867431640625,0.8684917092323303,0.4474857747554779,0.0748729705810546,0.0351890847086906,reviewed,
1146,38.20483333333333,2586,2,car,0.5317092537879944,665.7175903320312,490.8483276367188,754.9141235351562,518.1295166015625,0.3699561655521393,0.4671193659305572,0.0464565269649028,0.0252603609114885,reviewed,
1146,38.20483333333333,2129,2,car,0.3781369924545288,394.8445434570313,510.541015625,434.7664489746094,537.6116333007812,0.2160445153713226,0.4852558374404907,0.0207926593720912,0.0250653866678476,reviewed,
1146,38.20483333333333,2366,2,car,0.1828447878360748,216.2538146972656,519.2055053710938,311.80816650390625,554.2793579101562,0.1375161558389663,0.4969837367534637,0.049767892807722,0.0324757881462574,reviewed,
1146,38.20483333333333,2656,2,car,0.1062726601958274,355.45391845703125,512.1382446289062,424.1755981445313,542.7536010742188,0.2030285149812698,0.4883758425712585,0.0357925407588481,0.0283475518226623,reviewed,
1146,38.20483333333333,2660,2,car,0.3306408524513244,1164.2603759765625,464.6739807128906,1257.25341796875,498.79290771484375,0.6306025385856628,0.4460495114326477,0.0484338775277137,0.031591597944498,reviewed,
1146,38.20483333333333,2662,2,car,0.514151394367218,602.0467529296875,500.75927734375,650.840576171875,522.5923461914062,0.3262727558612823,0.4737738966941833,0.0254134498536586,0.0202158037573099,reviewed,
1146,38.20483333333333,2092,2,car,0.3506945073604584,292.64093017578125,516.7957153320312,356.84771728515625,546.2178344726562,0.1691376715898513,0.4921359121799469,0.0334410332143306,0.0272427033632993,reviewed,
1147,38.2382,749,2,car,0.9420288801193236,774.6950073242188,430.4286193847656,1244.7496337890625,763.4711303710938,0.5258970260620117,0.5527313947677612,0.2448201179504394,0.3083727061748504,reviewed,
1147,38.2382,1292,2,car,0.8711672425270081,1288.76953125,465.3797607421875,1420.619384765625,519.212646484375,0.7055700421333313,0.4558298289775848,0.0686718001961708,0.0498452633619308,reviewed,
1147,38.2382,2126,2,car,0.6729004383087158,60.34532165527344,513.7965087890625,149.32777404785156,564.7459716796875,0.0546023696660995,0.4993252158164978,0.0463450290262699,0.0471754297614097,reviewed,
1147,38.2382,2036,2,car,0.4797628819942474,437.7340698242188,507.393310546875,509.8187255859375,534.9786376953125,0.2467585355043411,0.482579618692398,0.0375440903007984,0.0255419705063104,reviewed,
1147,38.2382,2494,2,car,0.1143390759825706,358.6806945800781,516.7380981445312,403.1873474121094,544.0734252929688,0.1984031349420547,0.4911164343357086,0.0231805481016635,0.0253104884177446,reviewed,
1147,38.2382,2574,2,car,0.7356768846511841,1608.4686279296875,464.5737609863281,1747.358642578125,503.7508850097656,0.8739133477210999,0.4482984542846679,0.0723385512828826,0.0362751148641109,reviewed,
1147,38.2382,2586,2,car,0.2910878956317901,665.4133911132812,491.3020935058594,755.7338256835938,517.3218994140625,0.3700904250144958,0.4669555723667145,0.047041893005371,0.0240924134850502,reviewed,
1147,38.2382,2129,2,car,0.2915078699588775,398.6593627929688,511.3726196289063,436.0918884277344,536.2811279296875,0.2173831313848495,0.4850248992443084,0.0194961074739694,0.0230634342879056,reviewed,
1147,38.2382,2366,2,car,0.1849284470081329,220.0421295166016,519.7171020507812,295.4766540527344,552.9999389648438,0.1342496871948242,0.4966282546520233,0.0392888151109218,0.0308174416422843,reviewed,
1147,38.2382,2656,2,car,0.3344622552394867,358.5059509277344,514.6516723632812,425.0394287109375,543.4155883789062,0.204048290848732,0.4898459613323211,0.0346528515219688,0.0266332551836967,reviewed,
1147,38.2382,2660,2,car,0.3063535392284393,1164.8006591796875,467.604736328125,1250.3759765625,498.9100646972656,0.6289522647857666,0.4474605321884155,0.0445704795420169,0.0289864148944616,reviewed,
1147,38.2382,2662,2,car,0.4929547011852264,603.2239990234375,499.9890747070313,652.9981079101562,522.57373046875,0.3271411955356598,0.4734086990356445,0.025924015790224,0.0209117177873849,reviewed,
1147,38.2382,2092,2,car,0.4341611266136169,287.2841491699219,515.9581909179688,359.0024719238281,549.0541381835938,0.1683038026094436,0.4930612742900848,0.037353292107582,0.0306443963199853,reviewed,
1147,38.2382,2318,2,car,0.3780630230903625,697.9178466796875,491.8252258300781,748.1282348632812,517.6217651367188,0.3765745162963867,0.4673365950584411,0.026151243597269,0.0238856840878725,reviewed,
1148,38.271566666666665,749,2,car,0.9466421604156494,775.6819458007812,430.3206481933594,1245.37109375,764.0922241210938,0.5263158679008484,0.5529689192771912,0.2446297705173492,0.3090477585792541,reviewed,
1148,38.271566666666665,1292,2,car,0.8622807860374451,1290.0723876953125,466.2939758300781,1421.971435546875,519.7207641601562,0.7062614560127258,0.4564883112907409,0.0686974227428436,0.0494692474603652,reviewed,
1148,38.271566666666665,2126,2,car,0.6358663439750671,62.70238876342773,513.9638061523438,150.90878295898438,564.740966796875,0.0556279085576534,0.4994003772735595,0.0459408275783062,0.0470158904790878,reviewed,
1148,38.271566666666665,2036,2,car,0.5840378999710083,439.502685546875,507.6481628417969,509.90087890625,534.6427612304688,0.2472405135631561,0.4825420677661896,0.0366657264530658,0.0249949991703033,reviewed,
1148,38.271566666666665,2494,2,car,0.1396141201257705,360.01495361328125,517.1038818359375,407.5160827636719,543.7057495117188,0.1998778730630874,0.491115540266037,0.024740170687437,0.0246313586831092,reviewed,
1148,38.271566666666665,2574,2,car,0.6017836928367615,1621.0865478515625,465.3427429199219,1762.1038818359375,504.7023620605469,0.8810392022132874,0.4490949511528015,0.0734465271234512,0.0364440903067588,reviewed,
1148,38.271566666666665,2586,2,car,0.1804058402776718,664.1809692382812,492.1108093261719,756.5310668945312,516.7911987304688,0.3699770867824554,0.4670842587947845,0.0480990074574947,0.022852212190628,reviewed,
1148,38.271566666666665,2129,2,car,0.2980781495571136,399.126708984375,511.2737426757813,437.28662109375,535.9522094726562,0.2178159654140472,0.4848268330097198,0.0198749545961618,0.0228504315018653,reviewed,
1148,38.271566666666665,2366,2,car,0.271502673625946,221.31968688964844,519.9263305664062,291.4321594238281,552.9297485351562,0.1335291266441345,0.4966926276683807,0.0365169122815132,0.0305587202310562,reviewed,
1148,38.271566666666665,2656,2,car,0.2676497995853424,359.8880615234375,515.6958618164062,429.1022033691406,543.3280029296875,0.2054662108421325,0.4902888536453247,0.0360490307211875,0.0255853161215782,reviewed,
1148,38.271566666666665,2660,2,car,0.3432249724864959,1169.382080078125,466.6897583007813,1244.7196044921875,499.3426513671875,0.6286723017692566,0.4472372233867645,0.0392382927238941,0.0302341599017381,reviewed,
1148,38.271566666666665,2662,2,car,0.4936865270137787,603.570556640625,500.094970703125,653.7201538085938,522.7155151367188,0.3274194598197937,0.4735233783721924,0.0261195823550224,0.0209449492394924,reviewed,
1148,38.271566666666665,2092,2,car,0.3702056109905243,293.5216979980469,515.567138671875,360.8721618652344,547.1724243164062,0.1704150736331939,0.4920090138912201,0.03507836535573,0.0292641539126634,reviewed,
1148,38.271566666666665,2318,2,car,0.3219498693943023,707.0278930664062,493.0998229980469,755.719970703125,517.5440673828125,0.3809238970279693,0.4678907096385956,0.025360457599163,0.0226335600018501,reviewed,
1148,38.271566666666665,2459,2,car,0.3045290410518646,316.0106201171875,515.7476806640625,362.5691833496094,544.4560546875,0.1767134964466095,0.4908350706100464,0.0242492519319057,0.0265818275511264,reviewed,
1149,38.30493333333333,749,2,car,0.9447430968284608,775.556884765625,430.21868896484375,1245.1160888671875,764.2062377929688,0.5262169241905212,0.5529745221138,0.2445620894432068,0.3092477321624756,reviewed,
1149,38.30493333333333,1292,2,car,0.8639619946479797,1289.998046875,466.47998046875,1422.1539306640625,519.736083984375,0.706289529800415,0.4565815031528473,0.0688311904668808,0.0493112057447433,reviewed,
1149,38.30493333333333,2126,2,car,0.6701891422271729,63.8167839050293,513.7815551757812,151.15408325195312,564.8024291992188,0.0559819974005222,0.4993444383144378,0.0454881750047206,0.0472415499389171,reviewed,
1149,38.30493333333333,2036,2,car,0.5584850311279297,439.8806457519531,507.7361450195313,509.6233825683594,534.4262084960938,0.2472666800022125,0.4824825823307037,0.0363243408501148,0.024713022634387,reviewed,
1149,38.30493333333333,2494,2,car,0.1173598244786262,359.7653503417969,514.1603393554688,409.2877502441406,542.5984497070312,0.2002742439508438,0.4892401695251465,0.0257929172366857,0.0263315830379724,reviewed,
1149,38.30493333333333,2574,2,car,0.6672357320785522,1632.6458740234375,465.5484619140625,1779.5126953125,504.8930358886719,0.8885830044746399,0.4492784738540649,0.0764931365847587,0.0364301614463329,reviewed,
1149,38.30493333333333,2586,2,car,0.4579291939735412,662.1906127929688,491.3053283691406,733.1820068359375,516.4866333007812,0.3633782565593719,0.4665703773498535,0.0369746834039688,0.0233160238713026,reviewed,
1149,38.30493333333333,2129,2,car,0.3585567772388458,399.2508544921875,510.90130615234375,437.7205810546875,535.7955932617188,0.217961311340332,0.4845818877220154,0.0200363155454397,0.0230502653867006,reviewed,
1149,38.30493333333333,2366,2,car,0.1607419997453689,221.85997009277344,519.1356811523438,291.47393798828125,552.4662475585938,0.1336807161569595,0.4961120188236236,0.0362572744488716,0.030861634761095,reviewed,
1149,38.30493333333333,2656,2,car,0.1473625153303146,359.8277587890625,515.9688110351562,428.9230651855469,543.1509399414062,0.2054038643836975,0.49033322930336,0.0359871387481689,0.0251686386764049,reviewed,
1149,38.30493333333333,2660,2,car,0.3011598885059356,1164.85595703125,466.1644592285156,1242.046630859375,498.8751220703125,0.6267975568771362,0.4467775821685791,0.0402034744620323,0.0302876513451337,reviewed,
1149,38.30493333333333,2662,2,car,0.454363614320755,603.4940185546875,499.9700012207031,653.1931762695312,522.7518310546875,0.3272623121738434,0.4734823107719421,0.0258849784731864,0.021094286814332,reviewed,
1149,38.30493333333333,2092,2,car,0.3377886414527893,297.8118591308594,515.0211181640625,362.3381652832031,545.1500854492188,0.1719140708446502,0.4908199608325958,0.0336074493825435,0.0278971921652555,reviewed,
1149,38.30493333333333,2318,2,car,0.4376652836799621,712.6026611328125,492.2734069824219,761.374755859375,516.7870483398438,0.3838482797145843,0.4671576023101806,0.0254021324217319,0.0226978156715631,reviewed,
1149,38.30493333333333,2682,7,truck,0.386303037405014,63.14907455444336,512.9962768554688,151.05918884277344,563.5281982421875,0.0557834021747112,0.4983909428119659,0.045786514878273,0.046788815408945,reviewed,
1149,38.30493333333333,2459,2,car,0.309756875038147,321.4594116210937,515.8226318359375,363.349853515625,543.9537963867188,0.1783357411623001,0.4906372129917145,0.0218179393559694,0.0260473750531673,reviewed,
1150,38.3383,749,2,car,0.9458223581314088,775.079345703125,430.1324462890625,1244.609375,764.3735961914062,0.5259606242179871,0.5530120730400085,0.244546890258789,0.3094825446605682,reviewed,
1150,38.3383,1292,2,car,0.8672140836715698,1289.294921875,466.6693420410156,1421.334716796875,519.7858276367188,0.7058931589126587,0.4566922187805176,0.0687707290053367,0.0491819307208061,reviewed,
1150,38.3383,2126,2,car,0.634031355381012,63.113525390625,513.8582763671875,151.0122528076172,564.752685546875,0.0557619221508502,0.4993569254875183,0.0457805879414081,0.0471244528889656,reviewed,
1150,38.3383,2036,2,car,0.5595013499259949,438.99261474609375,507.8945007324219,508.9466857910156,534.5985107421875,0.2468592077493667,0.4826356768608093,0.0364344120025634,0.0247259344905614,reviewed,
1150,38.3383,2494,2,car,0.1067904308438301,359.0662536621094,515.765380859375,412.9640808105469,543.2002563476562,0.2010495662689209,0.4902618527412414,0.0280717853456735,0.0254026632755994,reviewed,
1150,38.3383,2574,2,car,0.6678520441055298,1644.1422119140625,465.91009521484375,1793.01513671875,505.171875,0.8950930237770081,0.4495749771595001,0.0775379836559295,0.0363534986972808,reviewed,
1150,38.3383,2586,2,car,0.4935363531112671,658.092041015625,491.2461853027344,716.5692138671875,516.1622314453125,0.3579846918582916,0.4663927853107452,0.0304568614810705,0.0230704136192798,reviewed,
1150,38.3383,2129,2,car,0.3354569375514984,399.0841369628906,511.26312255859375,436.8215942382813,536.0296630859375,0.2176837921142578,0.4848577380180359,0.0196549259126186,0.022931981831789,reviewed,
1150,38.3383,2366,2,car,0.259146124124527,221.57037353515625,519.2117309570312,292.3817138671875,552.6185913085938,0.1338416934013366,0.4962177276611328,0.0368809066712856,0.0309322774410247,reviewed,
1150,38.3383,2656,2,car,0.148634448647499,359.05535888671875,514.05078125,431.1463623046875,543.0341796875,0.2057816982269287,0.4893911778926849,0.0375473983585834,0.0268364809453487,reviewed,
1150,38.3383,2660,2,car,0.4024882316589355,1166.1920166015625,464.95355224609375,1231.6534423828125,498.77294921875,0.6244389414787292,0.4461696743965149,0.0340944938361644,0.0313142575323581,reviewed,
1150,38.3383,2662,2,car,0.5002002716064453,602.5074462890625,500.1569519042969,653.009033203125,523.0989379882812,0.3269574046134949,0.4737295508384704,0.0263029094785451,0.0212425794452428,reviewed,
1150,38.3383,2092,2,car,0.3287718296051025,296.8458251953125,515.1990966796875,361.0924682617188,546.0245361328125,0.1713380962610244,0.4913072288036346,0.033461794257164,0.0285420734435319,reviewed,
1150,38.3383,2318,2,car,0.3917962908744812,718.3115844726562,491.8166198730469,765.353271484375,516.5634155273438,0.3863710463047027,0.4668425917625427,0.0245008785277605,0.0229136999696493,reviewed,
1150,38.3383,2682,7,truck,0.3705075979232788,62.59613800048828,513.1349487304688,151.03955078125,563.580322265625,0.0556342937052249,0.4984793066978454,0.0460642762482166,0.0467086806893348,reviewed,
1150,38.3383,2459,2,car,0.3246394395828247,324.9599304199219,515.8594970703125,362.8939208984375,543.8578491210938,0.1791286170482635,0.4906098544597626,0.0197572875767946,0.0259243994951248,reviewed,
1151,38.37166666666667,749,2,car,0.945422887802124,774.158447265625,430.2751770019531,1243.9703369140625,764.6231079101562,0.525554358959198,0.5531936883926392,0.2446936964988708,0.3095814287662506,reviewed,
1151,38.37166666666667,1292,2,car,0.8722044825553894,1288.2879638671875,466.6671447753906,1420.2562255859375,519.6966552734375,0.7053500413894653,0.456649899482727,0.0687334686517715,0.0491013973951339,reviewed,
1151,38.37166666666667,2126,2,car,0.6248378157615662,60.958377838134766,513.9717407226562,149.1175537109375,564.8796997070312,0.0547072738409042,0.4994682669639587,0.0459162406623363,0.0471369996666908,reviewed,
1151,38.37166666666667,2036,2,car,0.4719915688037872,437.8660583496094,507.760009765625,509.7224731445313,534.9113159179688,0.2467678338289261,0.4827182292938232,0.0374252162873744,0.0251400973647832,reviewed,
1151,38.37166666666667,2494,2,car,0.1822783499956131,359.2681884765625,513.7621459960938,413.3946533203125,543.2696533203125,0.2012142837047577,0.4893665313720703,0.0281908679753541,0.0273217651993036,reviewed,
1151,38.37166666666667,2574,2,car,0.7033746242523193,1658.0147705078125,465.941162109375,1803.8070068359373,503.6866149902344,0.9015160799026488,0.4489017724990845,0.0759334564208984,0.034949492663145,reviewed,
1151,38.37166666666667,2586,2,car,0.4607169926166534,654.3181762695312,492.11529541015625,705.83349609375,517.1119995117188,0.3542061448097229,0.4672348499298095,0.0268308948725461,0.0231450963765382,reviewed,
1151,38.37166666666667,2129,2,car,0.3482159972190857,397.8992919921875,511.1539916992188,436.1375427246094,536.1007080078125,0.2171971052885055,0.4848401248455047,0.0199157558381557,0.023098811507225,reviewed,
1151,38.37166666666667,2366,2,car,0.2566847503185272,221.42526245117188,519.7369384765625,290.2066345214844,552.5386962890625,0.1332374662160873,0.4964239001274109,0.0358236320316791,0.0303719975054264,reviewed,
1151,38.37166666666667,2656,2,car,0.2343037873506546,358.70916748046875,515.505859375,430.6640319824219,543.4883422851562,0.2055659294128418,0.4902750551700592,0.0374764911830425,0.0259097069501876,reviewed,
1151,38.37166666666667,2660,2,car,0.5753480792045593,1155.1552734375,470.678466796875,1217.5673828125,502.5931091308594,0.6178964972496033,0.4505887031555176,0.0325063057243824,0.0295505952090024,reviewed,
1151,38.37166666666667,2662,2,car,0.4273222684860229,603.0167236328125,500.2975463867188,652.4459228515625,522.6608276367188,0.3269433975219726,0.4735918343067169,0.0257443748414516,0.0207067411392927,reviewed,
1151,38.37166666666667,2092,2,car,0.5426613688468933,286.3498840332031,515.592041015625,359.2728271484375,549.9674682617188,0.1681309044361114,0.4933146238327026,0.0379806980490684,0.0318291001021862,reviewed,
1151,38.37166666666667,2318,2,car,0.4010599553585052,723.13427734375,491.9486999511719,772.8526000976562,516.249755859375,0.3895798921585083,0.4667585492134094,0.0258949603885412,0.0225009769201278,reviewed,
1151,38.37166666666667,2682,7,truck,0.349397212266922,59.99205780029297,513.8952026367188,148.96957397460938,563.7681274414062,0.0544170923531055,0.498918205499649,0.0463424548506736,0.0461786352097988,reviewed,
1151,38.37166666666667,2459,2,car,0.2641212046146393,319.3258972167969,515.780029296875,360.72796630859375,544.4749145507812,0.177097350358963,0.4908587336540222,0.0215635783970356,0.0265693385154008,reviewed,
1152,38.405033333333336,749,2,car,0.9405871629714966,772.8746948242188,430.7080078125,1243.29736328125,764.8587646484375,0.5250447988510132,0.553503155708313,0.2450118064880371,0.3093988597393036,reviewed,
1152,38.405033333333336,1292,2,car,0.868179202079773,1287.43017578125,466.637939453125,1419.34814453125,519.6614379882812,0.7048901915550232,0.4566200673580169,0.0687072724103927,0.049095831811428,reviewed,
1152,38.405033333333336,2126,2,car,0.5353615283966064,60.54533386230469,513.87060546875,148.45603942871094,564.949951171875,0.0544274412095546,0.4994539618492126,0.0457868240773677,0.0472956895828247,reviewed,
1152,38.405033333333336,2036,2,car,0.4663819968700409,437.3473205566406,507.5891418457031,509.1030578613281,535.3189086914062,0.2464714497327804,0.4828278124332428,0.0373727791011333,0.0256757102906703,reviewed,
1152,38.405033333333336,2494,2,car,0.1502287536859512,357.4323425292969,513.2588500976562,426.7083740234375,542.744873046875,0.2042033225297927,0.4888905882835388,0.0360812656581401,0.0273018740117549,reviewed,
1152,38.405033333333336,2574,2,car,0.6984618902206421,1665.4171142578125,465.05267333984375,1816.6239013671875,502.9145202636719,0.9067814946174622,0.4481329321861267,0.078753538429737,0.0350572653114795,reviewed,
1152,38.405033333333336,2586,2,car,0.5199257731437683,651.0592651367188,492.3966979980469,704.837890625,517.9204711914062,0.3530982434749603,0.4677394032478332,0.0280097015202045,0.0236331224441528,reviewed,
1152,38.405033333333336,2129,2,car,0.3879337608814239,397.0273132324219,511.7010498046875,434.58929443359375,535.9752807617188,0.2165668159723281,0.4850353002548218,0.0195635315030813,0.022476140409708,reviewed,
1152,38.405033333333336,2366,2,car,0.1810500174760818,218.3687286376953,520.7129516601562,290.6453552246094,553.3858032226562,0.13255575299263,0.4972679316997528,0.0376440770924091,0.0302526410669088,reviewed,
1152,38.405033333333336,2656,2,car,0.416914165019989,357.38641357421875,516.4379272460938,423.6084899902344,544.2859497070312,0.2033840864896774,0.4910758733749389,0.0344906635582447,0.0257852058857679,reviewed,
1152,38.405033333333336,2660,2,car,0.601712167263031,1149.334228515625,472.1698913574219,1218.3468017578125,503.4623718261719,0.6165836453437805,0.4516816139221191,0.0359440483152866,0.0289745181798934,reviewed,
1152,38.405033333333336,2662,2,car,0.3085653185844421,605.399658203125,500.9508666992188,651.57421875,521.7701416015625,0.3273369371891022,0.4734819531440735,0.024049250409007,0.0192771069705486,reviewed,
1152,38.405033333333336,2092,2,car,0.3089715838432312,284.9969482421875,516.5704345703125,357.4930725097656,549.2760009765625,0.1673150956630706,0.4934474229812622,0.0377583988010883,0.0302829314023256,reviewed,
1152,38.405033333333336,2318,2,car,0.4475223124027252,726.560302734375,490.9187927246094,784.0588989257812,515.8076782226562,0.3933903872966766,0.46607705950737,0.0299471858888864,0.0230452641844749,reviewed,
1152,38.405033333333336,2682,7,truck,0.3425928056240082,59.776466369628906,513.5978393554688,148.0692596435547,563.83935546875,0.0541264936327934,0.4988135397434234,0.0459858290851116,0.0465199239552021,reviewed,
1152,38.405033333333336,2459,2,car,0.2555506229400635,312.5370178222656,516.4934692382812,359.09130859375,544.4466552734375,0.1749031990766525,0.4911760091781616,0.0242470260709524,0.0258825793862342,reviewed,
1152,38.405033333333336,2696,2,car,0.4212799966335296,698.362060546875,494.3804931640625,728.9793090820312,517.0911254882812,0.3717034757137298,0.4682739078998565,0.0159464832395315,0.0210283640772104,reviewed,
1153,38.4384,749,2,car,0.9434455037117004,772.4822387695312,431.4324035644531,1242.42822265625,764.5025634765625,0.5247162580490112,0.5536735653877258,0.2447635382413864,0.3083983063697815,reviewed,
1153,38.4384,1292,2,car,0.8624657988548279,1285.606689453125,466.5888366699219,1417.5029296875,519.7261352539062,0.7039347887039185,0.4566272795200348,0.068695954978466,0.04920120164752,reviewed,
1153,38.4384,2126,2,car,0.4590990841388702,56.89276123046875,514.0304565429688,147.60662841796875,565.5397338867188,0.0532550476491451,0.4998010098934173,0.0472468063235282,0.0476937741041183,reviewed,
1153,38.4384,2036,2,car,0.4764437973499298,435.7029724121094,507.78662109375,507.8027038574219,535.9039916992188,0.2457046061754226,0.48319011926651,0.0375519432127475,0.026034602895379,reviewed,
1153,38.4384,2574,2,car,0.6755254864692688,1674.88232421875,464.4236755371094,1831.09716796875,502.6067810058594,0.9130154848098756,0.4476992785930633,0.0813618972897529,0.0353547260165214,reviewed,
1153,38.4384,2586,2,car,0.4825124442577362,647.0380859375,492.6203918457031,700.8670043945312,518.293212890625,0.3510169386863708,0.4680155515670776,0.0280358958989381,0.0237711314111948,reviewed,
1153,38.4384,2129,2,car,0.3918317258358001,395.28228759765625,511.9457702636719,433.49163818359375,537.2109985351562,0.215826541185379,0.4857207238674164,0.0199007038027048,0.0233937297016382,reviewed,
1153,38.4384,2366,2,car,0.2859598696231842,216.1442413330078,520.7267456054688,287.5458984375,554.411376953125,0.1311693042516708,0.4977491497993469,0.0371883623301982,0.0311894733458757,reviewed,
1153,38.4384,2656,2,car,0.3748347461223602,355.5201416015625,517.1416625976562,410.60791015625,544.4375610351562,0.1995125114917755,0.4914718568325043,0.0286915469914674,0.0252739805728197,reviewed,
1153,38.4384,2660,2,car,0.6418076157569885,1146.0677490234375,471.7908630371094,1227.350830078125,503.5128173828125,0.6180776953697205,0.4515295028686523,0.0423349365592002,0.0293721798807382,reviewed,
1153,38.4384,2662,2,car,0.43004310131073,601.4827880859375,501.12493896484375,647.8379516601562,522.3822631835938,0.3253439664840698,0.4738459289073944,0.0241433139890432,0.0196827072650194,reviewed,
1153,38.4384,2092,2,car,0.247488185763359,284.0254821777344,516.6182861328125,356.5638427734375,549.6724853515625,0.1668201386928558,0.4936531484127044,0.0377803966403007,0.0306057408452034,reviewed,
1153,38.4384,2318,2,car,0.442367821931839,728.599365234375,491.72760009765625,783.603271484375,516.65966796875,0.3938027620315552,0.4668459594249725,0.028647867962718,0.0230852477252483,reviewed,
1153,38.4384,2682,7,truck,0.3523234128952026,55.95976257324219,513.380859375,147.4243621826172,564.5304565429688,0.0529646165668964,0.4990330338478088,0.0476378127932548,0.0473607368767261,reviewed,
1153,38.4384,2459,2,car,0.3940743207931518,304.8964233398437,516.5723876953125,357.40411376953125,545.078125,0.1724741011857986,0.4915048778057098,0.0273477546870708,0.0263942014425992,reviewed,
1153,38.4384,2696,2,car,0.5753904581069946,696.5930786132812,495.1062927246094,729.7550048828125,517.1424560546875,0.371444821357727,0.4686336815357208,0.0172718372195959,0.0204038545489311,reviewed,
1153,38.4384,2698,2,car,0.4245151877403259,435.6766357421875,508.8912353515625,489.5148620605469,536.6267700195312,0.2409352958202362,0.4840361475944519,0.0280407425016164,0.0256810504943132,reviewed,
1154,38.47176666666667,749,2,car,0.9451810121536256,771.7769775390625,432.08294677734375,1240.4306640625,763.1375732421875,0.5240123867988586,0.5533428192138672,0.2440904676914215,0.3065320551395416,reviewed,
1154,38.47176666666667,1292,2,car,0.8666857481002808,1284.547607421875,466.5770263671875,1415.5726318359375,519.9183349609375,0.7031562924385071,0.4567108154296875,0.0682421997189521,0.0493900999426841,reviewed,
1154,38.47176666666667,2126,2,car,0.5512290596961975,55.55561828613281,514.8128662109375,145.90432739257812,566.2395629882812,0.0524635277688503,0.5004872679710388,0.0470566190779209,0.0476173125207424,reviewed,
1154,38.47176666666667,2036,2,car,0.5454850196838379,433.9243469238281,507.8301696777344,506.2917175292969,536.209228515625,0.2448479384183883,0.4833515882492065,0.0376913398504257,0.0262769069522619,reviewed,
1154,38.47176666666667,2574,2,car,0.7186850309371948,1682.7861328125,463.8097839355469,1840.4483642578125,503.0386657714844,0.9175089597702026,0.4476150274276733,0.0821157470345497,0.0363230369985103,reviewed,
1154,38.47176666666667,2586,2,car,0.4881461560726166,645.0415649414062,493.6646728515625,698.947021484375,518.7523803710938,0.3499970138072967,0.4687115848064422,0.0280757583677768,0.0232293587177991,reviewed,
1154,38.47176666666667,2129,2,car,0.3003837168216705,393.7094421386719,510.0301818847656,432.2678833007813,539.7343139648438,0.2150982469320297,0.4860020875930786,0.0200825221836566,0.0275038257241249,reviewed,
1154,38.47176666666667,2366,2,car,0.1859672516584396,213.10330200195312,520.1223754882812,289.247314453125,554.960693359375,0.1308204680681228,0.4977236092090606,0.0396583415567874,0.0322577022016048,reviewed,
1154,38.47176666666667,2656,2,car,0.3115518391132355,353.450439453125,517.1815795898438,408.0806579589844,544.2957763671875,0.1983153969049453,0.4914246797561645,0.0284532383084297,0.0251057371497154,reviewed,
1154,38.47176666666667,2660,2,car,0.7337167263031006,1145.8369140625,471.7132263183594,1237.53564453125,504.3499450683594,0.620669960975647,0.4518811106681824,0.0477597564458847,0.0302191842347383,reviewed,
1154,38.47176666666667,2662,2,car,0.5203632712364197,598.7190551757812,501.7205200195313,647.4208984375,523.018798828125,0.3245156109333038,0.4744163155555725,0.0253655426204204,0.0197206288576126,reviewed,
1154,38.47176666666667,2092,2,car,0.3277294337749481,281.6160583496094,516.9615478515625,354.9920349121094,548.0230712890625,0.1657833606004715,0.4930484294891357,0.0382166542112827,0.0287606697529554,reviewed,
1154,38.47176666666667,2318,2,car,0.3396134972572326,732.6578369140625,491.5684509277344,789.3652954101562,516.458251953125,0.3963602185249328,0.466679036617279,0.0295351352542638,0.0230461116880178,reviewed,
1154,38.47176666666667,2682,7,truck,0.3282757699489593,53.94440460205078,514.069580078125,145.4358367919922,564.655517578125,0.0519219413399696,0.4994097650051117,0.0476517863571643,0.0468388311564922,reviewed,
1154,38.47176666666667,2459,2,car,0.2166226506233215,307.1991271972656,517.314697265625,355.9831848144531,544.21826171875,0.1727037280797958,0.4914504587650299,0.0254083629697561,0.02491070702672,reviewed,
1154,38.47176666666667,2696,2,car,0.5296632647514343,695.7396240234375,495.4308471679688,732.7033081054688,517.2186889648438,0.3719903230667114,0.4688192307949066,0.0192519184201955,0.0201739277690649,reviewed,
1155,38.50513333333333,749,2,car,0.9444448351860046,771.3275146484375,431.9721374511719,1240.33740234375,763.5565185546875,0.5238710641860962,0.5534855127334595,0.2442759871482849,0.3070225715637207,reviewed,
1155,38.50513333333333,1292,2,car,0.8765249848365784,1284.275146484375,466.4772644042969,1414.2137451171875,520.1385498046875,0.7027314305305481,0.4567666053771972,0.0676763504743576,0.0496863760054111,reviewed,
1155,38.50513333333333,2126,2,car,0.5209818482398987,54.55249786376953,515.0198974609375,145.37586975097656,566.4632568359375,0.0520646795630455,0.5006866455078125,0.0473038405179977,0.0476327389478683,reviewed,
1155,38.50513333333333,2036,2,car,0.5181611776351929,432.605712890625,507.45068359375,504.924072265625,536.2863159179688,0.244148388504982,0.4832116067409515,0.0376658104360103,0.0266996603459119,reviewed,
1155,38.50513333333333,2574,2,car,0.7592348456382751,1693.3729248046875,463.2736206054688,1843.816162109375,503.241455078125,0.9211429357528688,0.4474606812000274,0.0783558562397956,0.0370072536170482,reviewed,
1155,38.50513333333333,2586,2,car,0.4418799877166748,642.6901245117188,492.8794860839844,696.9523315429688,518.408203125,0.3488652110099792,0.4681887626647949,0.0282615665346384,0.0236377008259296,reviewed,
1155,38.50513333333333,2129,2,car,0.2753197848796844,391.0892333984375,509.6195983886719,430.971435546875,540.6012573242188,0.2140782922506332,0.486213356256485,0.0207719802856445,0.0286867208778858,reviewed,
1155,38.50513333333333,2366,2,car,0.1448480635881424,211.911849975586,520.027099609375,288.7631530761719,555.1262817382812,0.1303841173648834,0.497756153345108,0.0400267206132411,0.0324992425739765,reviewed,
1155,38.50513333333333,2656,2,car,0.3355219960212707,352.5721435546875,517.0530395507812,409.8823852539063,543.9736938476562,0.1985558718442917,0.491216093301773,0.0298490840941667,0.0249265320599079,reviewed,
1155,38.50513333333333,2660,2,car,0.7119576930999756,1147.2801513671875,472.0452575683594,1245.9732666015625,504.0636596679688,0.6232430934906006,0.4519022703170776,0.0514026656746864,0.0296466685831546,reviewed,
1155,38.50513333333333,2662,2,car,0.4840590059757232,598.7760009765625,502.0923156738281,646.4213256835938,522.888671875,0.3242701292037964,0.4745282232761383,0.024815272539854,0.0192558858543634,reviewed,
1155,38.50513333333333,2092,2,car,0.2868053615093231,284.7825622558594,516.883544921875,353.0556640625,545.912841796875,0.1661037057638168,0.4920353591442108,0.0355589054524898,0.0268789790570735,reviewed,
1155,38.50513333333333,2318,2,car,0.5012812614440918,737.402099609375,489.4188537597656,800.8982543945312,515.8441162109375,0.4005990326404571,0.4653995037078857,0.0330709144473075,0.0244678352028131,reviewed,
1155,38.50513333333333,2682,7,truck,0.3995597064495086,53.13623428344727,514.089111328125,144.66366577148438,564.7427978515625,0.051510389894247,0.4994592070579529,0.0476705394685268,0.046901561319828,reviewed,
1155,38.50513333333333,2459,2,car,0.2171346545219421,308.93267822265625,517.79296875,354.4491882324219,542.648193359375,0.1727556884288787,0.4909449815750122,0.0237065162509679,0.0230140965431928,reviewed,
1155,38.50513333333333,2696,2,car,0.4572325646877289,694.1547241210938,495.5268859863281,735.9134521484375,517.4789428710938,0.3724135756492615,0.4689841866493225,0.0217493381351232,0.0203259792178869,reviewed,
1155,38.50513333333333,2702,2,car,0.3670262992382049,352.045166015625,518.3889770507812,394.58837890625,543.944580078125,0.1944358199834823,0.4918210506439209,0.0221579242497682,0.0236625950783491,reviewed,
1155,38.50513333333333,2494,2,car,0.2620639204978943,353.4490661621094,512.3604125976562,430.1882934570313,543.1744384765625,0.2040722221136093,0.4886735677719116,0.0399683490395545,0.0285315047949552,reviewed,
1156,38.5385,749,2,car,0.9457634687423706,771.1024169921875,432.4341430664063,1239.256591796875,762.8372192382812,0.5235310196876526,0.5533663630485535,0.2438302934169769,0.3059287667274475,reviewed,
1156,38.5385,1292,2,car,0.8740794658660889,1284.0172119140625,466.6220397949219,1413.7381591796875,520.17041015625,0.7025404572486877,0.4568483829498291,0.0675629898905754,0.0495818257331848,reviewed,
1156,38.5385,2126,2,car,0.4289852380752563,54.32643127441406,515.279541015625,145.1371307373047,566.8547973632812,0.0519436374306678,0.5009880661964417,0.0472972393035888,0.0477548651397228,reviewed,
1156,38.5385,2036,2,car,0.4763467907905578,431.6309814453125,507.1831665039063,505.1474609375,536.28857421875,0.2439527213573455,0.483088731765747,0.0382898338139057,0.0269494522362947,reviewed,
1156,38.5385,2574,2,car,0.7182417511940002,1704.642822265625,463.10162353515625,1843.662841796875,502.3841857910156,0.9240379333496094,0.4469841718673706,0.0724062621593475,0.0363727435469627,reviewed,
1156,38.5385,2586,2,car,0.4550488889217376,640.929443359375,492.2673034667969,696.1970825195312,518.1992797851562,0.3482100069522857,0.4678085744380951,0.028785228729248,0.0240110885351896,reviewed,
1156,38.5385,2129,2,car,0.1732015460729599,391.81243896484375,510.339599609375,430.8357849121094,539.4310913085938,0.2142312973737716,0.4860049784183502,0.0203246586024761,0.0269365664571523,reviewed,
1156,38.5385,2366,2,car,0.1405116766691208,211.6889190673828,520.7412719726562,286.5394287109375,554.45703125,0.1297469586133957,0.4977769553661346,0.0389846414327621,0.0312182959169149,reviewed,
1156,38.5385,2660,2,car,0.7196738719940186,1149.5604248046875,472.23187255859375,1252.2772216796875,504.389404296875,0.6254785656929016,0.4521394670009613,0.0534983314573764,0.0297754928469657,reviewed,
1156,38.5385,2662,2,car,0.3750454783439636,599.3665161132812,501.78662109375,645.591064453125,523.162841796875,0.3242076933383941,0.4745136499404907,0.024075286462903,0.0197927970439195,reviewed,
1156,38.5385,2092,2,car,0.2401322424411773,289.322265625,517.0982055664062,348.89654541015625,544.94677734375,0.1662028133869171,0.4916874766349792,0.0310282707214355,0.0257857143878936,reviewed,
1156,38.5385,2318,2,car,0.6864242553710938,740.9058837890625,488.45068359375,809.03515625,515.5486450195312,0.4036304652690887,0.4648145139217376,0.0354839973151683,0.0250907056033611,reviewed,
1156,38.5385,2682,7,truck,0.4585454165935516,53.10504913330078,513.9419555664062,144.19528198242188,565.1548461914062,0.0513802915811538,0.4995818436145782,0.0474428310990333,0.0474193431437015,reviewed,
1156,38.5385,2459,2,car,0.1956584751605987,313.0043334960937,517.7217407226562,353.907470703125,543.6741333007812,0.1736749559640884,0.4913869798183441,0.021303717046976,0.0240299925208091,reviewed,
1156,38.5385,2696,2,car,0.4388467371463775,693.0836791992188,495.01898193359375,740.615478515625,517.1996459960938,0.3733591735363006,0.4686197340488434,0.0247561447322368,0.0205376520752906,reviewed,
1156,38.5385,2702,2,car,0.2446436285972595,351.7919921875,518.432861328125,398.3082275390625,544.2987670898438,0.1953385919332504,0.4920054078102112,0.0242272056639194,0.0239499118179082,reviewed,
1156,38.5385,2494,2,car,0.1404649317264557,353.15435791015625,513.2159423828125,429.6262512207031,543.3394775390625,0.203849121928215,0.4891460239887237,0.0398291125893592,0.0278921630233526,reviewed,
1157,38.571866666666665,749,2,car,0.9451835751533508,771.18359375,432.42474365234375,1238.827392578125,762.4459228515625,0.5234403610229492,0.5531808137893677,0.2435644716024398,0.3055751621723175,reviewed,
1157,38.571866666666665,1292,2,car,0.8776841759681702,1283.9693603515625,466.79437255859375,1413.4627685546875,520.0906982421875,0.7024562954902649,0.4568912386894226,0.0674444809556007,0.0493484511971473,reviewed,
1157,38.571866666666665,2126,2,car,0.4370502233505249,53.27476119995117,515.157470703125,145.0205535888672,566.9711303710938,0.0516394041478633,0.5009855031967163,0.0477842651307582,0.0479756109416484,reviewed,
1157,38.571866666666665,2036,2,car,0.4881285429000854,431.6630554199219,507.1360473632813,505.4032287597656,536.2987060546875,0.2440276741981506,0.4830716848373413,0.0384063385426998,0.0270024612545967,reviewed,
1157,38.571866666666665,2574,2,car,0.6870723366737366,1716.4852294921875,463.314453125,1843.548583984375,503.1056518554688,0.9270921349525452,0.4474167227745056,0.0661788284778595,0.0368437021970748,reviewed,
1157,38.571866666666665,2586,2,car,0.5025925040245056,640.50439453125,491.8472595214844,696.068115234375,518.1937255859375,0.3480657637119293,0.4676115810871124,0.0289394371211528,0.0243948753923177,reviewed,
1157,38.571866666666665,2129,2,car,0.1743762195110321,391.1452941894531,510.5087890625,429.8928833007813,538.5565795898438,0.2138120383024215,0.4856784343719482,0.0201810356229543,0.0259701758623123,reviewed,
1157,38.571866666666665,2366,2,car,0.1270746439695358,211.7016143798828,520.9346313476562,288.35528564453125,554.2000732421875,0.1302231401205063,0.4977475702762604,0.0399237871170043,0.0308013353496789,reviewed,
1157,38.571866666666665,2660,2,car,0.7563334703445435,1154.601318359375,472.8392333984375,1262.072998046875,504.5107116699219,0.629342257976532,0.45247682929039,0.0559748336672782,0.0293254423886537,reviewed,
1157,38.571866666666665,2662,2,car,0.4481894671916961,599.1639404296875,501.6595764160156,645.2669067382812,523.3675537109375,0.324070543050766,0.4745495915412903,0.0240119621157646,0.0200999788939952,reviewed,
1157,38.571866666666665,2092,2,car,0.224544957280159,294.0225830078125,517.0313110351562,347.7812805175781,544.90087890625,0.1671364158391952,0.4916352331638336,0.0279993209987878,0.0258051548153162,reviewed,
1157,38.571866666666665,2318,2,car,0.5298613905906677,744.20263671875,487.6739807128906,813.587890625,515.4285278320312,0.4056746065616607,0.4643993377685547,0.0361381545662879,0.0256986543536186,reviewed,
1157,38.571866666666665,2682,7,truck,0.4734648466110229,52.35247421264648,513.6731567382812,143.93740844726562,565.3163452148438,0.0511171594262123,0.4995321631431579,0.0477004833519458,0.0478177666664123,reviewed,
1157,38.571866666666665,2459,2,car,0.2101734578609466,314.4039306640625,517.4771728515625,353.9948425292969,544.2654418945312,0.1740621924400329,0.4915475249290466,0.0206202659755945,0.0248039532452821,reviewed,
1157,38.571866666666665,2696,2,car,0.4610404968261719,693.3013916015625,494.8899841308594,742.8609619140625,517.1688232421875,0.374000608921051,0.4685457646846771,0.0258122757077217,0.0206285547465086,reviewed,
1157,38.571866666666665,2702,2,car,0.2099693119525909,351.7251892089844,518.4894409179688,398.7897033691406,544.4059448242188,0.1954465806484222,0.4920811951160431,0.024512767791748,0.0239967629313468,reviewed,
1157,38.571866666666665,2494,2,car,0.1236263290047645,352.8776550292969,513.6278686523438,422.3697509765625,543.1325073242188,0.2018873542547226,0.4892409145832062,0.0361937992274761,0.0273191090673208,reviewed,
1158,38.60523333333333,749,2,car,0.9440454840660096,771.2586059570312,432.4378662109375,1238.7271728515625,762.407470703125,0.5234338045120239,0.5531691312789917,0.2434732168912887,0.3055274188518524,reviewed,
1158,38.60523333333333,1292,2,car,0.8748013973236084,1284.3087158203125,466.9448547363281,1413.4398193359375,520.07568359375,0.7025386691093445,0.4569539427757263,0.0672557801008224,0.0491952113807201,reviewed,
1158,38.60523333333333,2126,2,car,0.4517199695110321,53.19822311401367,514.4588623046875,144.961181640625,566.9639282226562,0.051604013890028,0.5006587505340576,0.0477932058274745,0.0486158020794391,reviewed,
1158,38.60523333333333,2036,2,car,0.491711676120758,431.9965515136719,507.3879699707031,505.6843872070313,535.9443969726562,0.2441877424716949,0.4830242693424225,0.0383790805935859,0.0264411363750696,reviewed,
1158,38.60523333333333,2574,2,car,0.4562940895557403,1740.7911376953125,462.8388671875,1845.362060546875,502.8872375488281,0.9338940978050232,0.4470953941345215,0.0544640235602855,0.0370818227529525,reviewed,
1158,38.60523333333333,2586,2,car,0.5465689301490784,641.4722290039062,492.031494140625,694.9916381835938,518.056396484375,0.348037451505661,0.4676332771778106,0.0278746914118528,0.0240971315652132,reviewed,
1158,38.60523333333333,2129,2,car,0.1729801297187805,390.9626159667969,510.4607543945313,430.4711608886719,537.9274291992188,0.2139150500297546,0.4853649139404297,0.0205773673951625,0.0254321061074733,reviewed,
1158,38.60523333333333,2366,2,car,0.1666964739561081,211.9022674560547,520.3014526367188,288.47149658203125,553.9194946289062,0.130305677652359,0.497324526309967,0.0398798063397407,0.0311278160661458,reviewed,
1158,38.60523333333333,2660,2,car,0.7788216471672058,1162.400146484375,472.9766540527344,1270.4285888671875,504.6181640625,0.6335490942001343,0.4525901973247528,0.0562648139894008,0.0292976945638656,reviewed,
1158,38.60523333333333,2662,2,car,0.3868817389011383,599.2073974609375,501.47259521484375,645.5629272460938,523.488037109375,0.3241589367389679,0.4745188355445862,0.0241435058414936,0.020384669303894,reviewed,
1158,38.60523333333333,2092,2,car,0.2361258864402771,292.9929504394531,516.661865234375,349.3103942871094,546.3965454101562,0.1672665029764175,0.4921566545963287,0.0293320026248693,0.0275321118533611,reviewed,
1158,38.60523333333333,2318,2,car,0.5279896855354309,750.240478515625,486.1824951171875,816.3958740234375,515.2543334960938,0.40797820687294,0.4636281728744507,0.0344559364020824,0.0269183684140443,reviewed,
1158,38.60523333333333,2682,7,truck,0.4320549666881561,52.2129020690918,513.159912109375,143.80487060546875,565.3757934570312,0.0510462969541549,0.4993220567703247,0.0477041490375995,0.0483480393886566,reviewed,
1158,38.60523333333333,2459,2,car,0.2537199556827545,315.39697265625,517.0382080078125,354.0348205566406,544.5900268554688,0.1743311882019043,0.4914945363998413,0.020123878493905,0.0255109425634145,reviewed,
1158,38.60523333333333,2696,2,car,0.506515622138977,692.1942749023438,495.0338134765625,742.3635864257812,517.7484741210938,0.3735827803611755,0.46888068318367,0.0261298492550849,0.0210320930927991,reviewed,
1158,38.60523333333333,2702,2,car,0.2571361064910888,351.4578552246094,518.327880859375,401.0558471679688,544.5926513671875,0.1959671080112457,0.4920928478240967,0.025832287967205,0.0243192315101623,reviewed,
1158,38.60523333333333,2494,2,car,0.1120221093297004,353.2548828125,512.6820068359375,427.4243774414063,543.386962890625,0.2033018916845321,0.4889208078384399,0.0386299453675746,0.0284305140376091,reviewed,
1159,38.6386,749,2,car,0.9434584379196168,771.2889404296875,432.35296630859375,1239.6693115234375,763.4930419921875,0.5236870646476746,0.553632378578186,0.2439481168985366,0.3066111803054809,reviewed,
1159,38.6386,1292,2,car,0.872904360294342,1284.4273681640625,467.1708984375,1413.8095703125,520.1935424804688,0.7026658654212952,0.4571131765842438,0.0673865601420402,0.0490950420498847,reviewed,
1159,38.6386,2126,2,car,0.4951986670494079,53.67218017578125,514.3683471679688,144.7174835205078,566.4493408203125,0.051663976162672,0.5003785490989685,0.0474194288253784,0.04822314158082,reviewed,
1159,38.6386,2036,2,car,0.5026350021362305,431.5722961425781,507.3740539550781,507.5347595214844,535.3831787109375,0.2445591241121292,0.482757955789566,0.0395637825131416,0.0259343739598989,reviewed,
1159,38.6386,2574,2,car,0.5807278156280518,1748.4185791015625,462.7474670410156,1848.98876953125,502.12603759765625,0.9368247985839844,0.4467007219791412,0.0523803085088729,0.0364616401493549,reviewed,
1159,38.6386,2586,2,car,0.4851713478565216,640.10498046875,491.9300537109375,694.785888671875,518.5038452148438,0.3476278185844421,0.4677934646606445,0.0284796394407749,0.0246053617447614,reviewed,
1159,38.6386,2129,2,car,0.2050545960664749,391.9334716796875,510.9165954589844,431.3917846679688,537.185302734375,0.2144076228141784,0.4852323830127716,0.0205512046813964,0.0243228767067194,reviewed,
1159,38.6386,2366,2,car,0.1779330372810363,211.54769897460932,516.8261108398438,288.26727294921875,554.2451782226562,0.1301601529121399,0.4958663284778595,0.0399581119418144,0.0346472859382629,reviewed,
1159,38.6386,2660,2,car,0.7110113501548767,1165.7884521484375,472.9388122558594,1280.2659912109375,504.8629455566406,0.6369933485984802,0.4526860117912292,0.0596237182617187,0.0295593831688165,reviewed,
1159,38.6386,2662,2,car,0.2813650965690613,600.4026489257812,501.3883666992188,645.7902221679688,522.991455078125,0.3245293796062469,0.4742499589920044,0.0236393604427576,0.0200028587132692,reviewed,
1159,38.6386,2092,2,car,0.2347350716590881,289.0262145996094,516.3875732421875,350.8343200683594,547.3447265625,0.1666303426027298,0.4924686551094055,0.0321917198598384,0.0286640301346778,reviewed,
1159,38.6386,2318,2,car,0.4995563328266144,753.5750732421875,484.1363220214844,819.3889770507812,515.0496215820312,0.4096260666847229,0.4625860750675201,0.0342780761420726,0.0286234263330698,reviewed,
1159,38.6386,2682,7,truck,0.3919633328914642,52.82501983642578,513.0191650390625,143.3966827392578,565.0081176757812,0.0510994046926498,0.4990867376327514,0.0471727401018142,0.0481379181146621,reviewed,
1159,38.6386,2459,2,car,0.2638130784034729,315.8533020019531,516.68505859375,354.7186584472656,544.0086669921875,0.1746281087398529,0.4910618960857391,0.0202423725277185,0.0252996366471052,reviewed,
1159,38.6386,2696,2,car,0.4588016271591186,693.609375,494.7346801757813,742.290771484375,517.4723510742188,0.3739323318004608,0.4686143696308136,0.0253548938781023,0.0210533998906612,reviewed,
1159,38.6386,2702,2,car,0.3109076619148254,351.94415283203125,517.8630981445312,403.0822448730469,544.6976318359375,0.1966214478015899,0.4919262826442718,0.0266344230622053,0.0248467903584241,reviewed,
1159,38.6386,2494,2,car,0.1476051062345504,353.7036437988281,513.0228271484375,428.294921875,543.6597290039062,0.2036454528570175,0.4892049133777618,0.0388496257364749,0.0283675026148557,reviewed,
1160,38.67196666666667,749,2,car,0.9453248977661132,771.2601318359375,432.440185546875,1240.2254638671875,764.0215454101562,0.5238243937492371,0.5539174675941467,0.2442527711391449,0.3070197701454162,reviewed,
1160,38.67196666666667,1292,2,car,0.8725235462188721,1285.8187255859375,467.3146667480469,1414.119140625,520.1741333007812,0.7031088471412659,0.4571707248687744,0.0668231323361396,0.0489439517259597,reviewed,
1160,38.67196666666667,2126,2,car,0.5275677442550659,54.27800750732422,513.6100463867188,144.9506378173828,565.784912109375,0.0518824569880962,0.4997199177742004,0.0472253300249576,0.0483100600540638,reviewed,
1160,38.67196666666667,2036,2,car,0.511704683303833,431.65130615234375,507.3755493164063,508.3477783203125,534.8983764648438,0.2447914332151413,0.4825342297554016,0.0399460792541503,0.025484099984169,reviewed,
1160,38.67196666666667,2574,2,car,0.6744813323020935,1755.3927001953125,462.8587646484375,1846.4881591796875,501.8630981445313,0.9379898309707642,0.4466304779052734,0.0474455505609512,0.0361151248216629,reviewed,
1160,38.67196666666667,2586,2,car,0.4593179225921631,637.9579467773438,491.8989868164063,695.1566772460938,518.864990234375,0.3471652567386627,0.4679462909698486,0.0297910049557685,0.024968521669507,reviewed,
1160,38.67196666666667,2129,2,car,0.2421692162752151,392.5826416015625,510.8015747070313,430.9813537597656,536.4217529296875,0.214469775557518,0.4848256409168243,0.0199993290007114,0.0237223878502845,reviewed,
1160,38.67196666666667,2366,2,car,0.2296190410852432,212.1611785888672,518.5191040039062,286.39801025390625,554.4307250976562,0.1298331320285797,0.4967360198497772,0.0386650152504444,0.0332515016198158,reviewed,
1160,38.67196666666667,2660,2,car,0.6542935371398926,1173.49560546875,472.8765563964844,1287.865234375,505.430419921875,0.6409794092178345,0.4529199004173279,0.0595675148069858,0.0301424656063318,reviewed,
1160,38.67196666666667,2662,2,car,0.2825200855731964,601.7057495117188,501.2996826171875,646.4065551757812,522.0973510742188,0.3250292539596557,0.473794937133789,0.0232816692441701,0.0192571002990007,reviewed,
1160,38.67196666666667,2092,2,car,0.3075015842914581,285.2723999023437,516.09423828125,353.1658935546875,546.92529296875,0.1662599742412567,0.4921386837959289,0.0353611931204795,0.0285472720861434,reviewed,
1160,38.67196666666667,2318,2,car,0.4469010531902313,756.51220703125,483.2315673828125,822.0615234375,514.77880859375,0.4110869169235229,0.4620418548583984,0.0341402702033519,0.0292104091495275,reviewed,
1160,38.67196666666667,2682,7,truck,0.3854029178619385,53.55037307739258,512.7681884765625,143.73651123046875,565.0568237304688,0.0513767935335636,0.4989930391311645,0.0469719506800174,0.0484154038131237,reviewed,
1160,38.67196666666667,2459,2,car,0.2695243954658508,314.8451843261719,516.3750610351562,356.510986328125,543.6469116210938,0.1748323440551757,0.4907509088516235,0.0217009391635656,0.0252517126500606,reviewed,
1160,38.67196666666667,2696,2,car,0.4279452562332153,695.203369140625,494.2916870117188,741.8508911132812,516.5051879882812,0.3742328584194183,0.4679615199565887,0.0242955852299928,0.0205680560320615,reviewed,
1160,38.67196666666667,2702,2,car,0.3105837106704712,352.7567749023437,516.94140625,400.8224792480469,544.6298217773438,0.1962445825338363,0.4914681911468506,0.0250342208892107,0.0256374217569828,reviewed,
1160,38.67196666666667,2494,2,car,0.1595585644245147,354.25177001953125,513.3469848632812,426.63818359375,543.3596801757812,0.2033567577600479,0.4892160594463348,0.0377012565732002,0.0277895331382751,reviewed,
1161,38.705333333333336,749,2,car,0.945867657661438,771.2083129882812,432.3606262207031,1240.548583984375,764.337646484375,0.5238950252532959,0.5540269613265991,0.2444480508565902,0.3073861300945282,reviewed,
1161,38.705333333333336,1292,2,car,0.8620960712432861,1286.6826171875,467.2365112304688,1414.3905029296875,520.0930786132812,0.7034044861793518,0.4570970237255096,0.0665145218372345,0.0489412657916545,reviewed,
1161,38.705333333333336,2126,2,car,0.539191722869873,53.86657333374024,513.5641479492188,144.9188995361328,565.5211791992188,0.0517670512199401,0.4995765388011932,0.0474230833351612,0.0481083616614341,reviewed,
1161,38.705333333333336,2036,2,car,0.5144196152687073,431.8974609375,507.2669982910156,507.9595336914063,534.4580688476562,0.2447544187307357,0.4822801351547241,0.0396156646311283,0.0251769162714481,reviewed,
1161,38.705333333333336,2574,2,car,0.6226000785827637,1764.84814453125,463.7554016113281,1845.9066162109373,502.34075927734375,0.9403007626533508,0.4472667574882507,0.0422179549932479,0.0357271842658519,reviewed,
1161,38.705333333333336,2586,2,car,0.4688430726528168,637.6170654296875,491.2901611328125,693.5924072265625,518.4351806640625,0.3466691374778747,0.4674654304981231,0.029153823852539,0.0251342765986919,reviewed,
1161,38.705333333333336,2129,2,car,0.259234756231308,393.6697692871094,510.71868896484375,432.1399536132813,536.4374389648438,0.2150546014308929,0.4847944974899292,0.0200365539640188,0.0238136574625968,reviewed,
1161,38.705333333333336,2366,2,car,0.1939066350460052,212.24026489257807,519.4495849609375,285.3373718261719,554.2190551757812,0.1295775026082992,0.497068852186203,0.038071408867836,0.0321939550340175,reviewed,
1161,38.705333333333336,2660,2,car,0.767384946346283,1184.264892578125,472.385498046875,1296.986328125,510.40032958984375,0.6461591720581055,0.4549934267997741,0.05870908126235,0.0351989194750785,reviewed,
1161,38.705333333333336,2662,2,car,0.2435918301343917,602.8342895507812,501.29388427734375,647.411865234375,521.4111328125,0.3255849182605743,0.4734745323657989,0.0232174880802631,0.01862708106637,reviewed,
1161,38.705333333333336,2092,2,car,0.3865499198436737,280.43603515625,515.87841796875,354.02606201171875,548.2311401367188,0.1652245074510574,0.4926433563232422,0.0383281372487545,0.0299562234431505,reviewed,
1161,38.705333333333336,2318,2,car,0.364905297756195,761.7325439453125,483.58392333984375,825.1624145507812,514.0112915039062,0.413253903388977,0.4618496298789978,0.0330363921821117,0.0281734894961118,reviewed,
1161,38.705333333333336,2682,7,truck,0.3414606750011444,53.05302429199219,512.6953125,143.72129821777344,564.6174926757812,0.0512433126568794,0.4987559020519256,0.0472230575978755,0.0480760931968688,reviewed,
1161,38.705333333333336,2696,2,car,0.4635008871555328,695.4371337890625,493.6489562988281,741.2262573242188,515.8240356445312,0.3741310834884643,0.4673486351966858,0.0238485019654035,0.0205324813723564,reviewed,
1161,38.705333333333336,2702,2,car,0.3323912322521209,353.3008728027344,516.4288330078125,401.3828430175781,544.17919921875,0.1965322196483612,0.4910222291946411,0.0250426921993494,0.0256947837769985,reviewed,
1161,38.705333333333336,2712,2,car,0.324398398399353,0.0985688939690589,517.7539672851562,29.30357360839844,554.1168823242188,0.0076568075455725,0.496236503124237,0.0152109405025839,0.0336693674325943,reviewed,
1162,38.7387,749,2,car,0.9452535510063172,771.0762939453125,432.4676513671875,1240.6519775390625,764.3197631835938,0.523887574672699,0.5540682077407837,0.2445706725120544,0.3072704672813415,reviewed,
1162,38.7387,1292,2,car,0.8589589595794678,1285.98779296875,467.1963806152344,1414.39892578125,520.0045166015625,0.7032257318496704,0.457037478685379,0.0668807998299598,0.0488964207470417,reviewed,
1162,38.7387,2126,2,car,0.5252094864845276,53.37873458862305,513.3806762695312,144.88937377929688,565.5228271484375,0.051632322371006,0.4994923770427704,0.0476617887616157,0.048279769718647,reviewed,
1162,38.7387,2036,2,car,0.4937744736671448,432.1275939941406,507.177734375,508.9688720703125,534.3367309570312,0.2450771927833557,0.4821825921535492,0.0400214977562427,0.0251472182571887,reviewed,
1162,38.7387,2574,2,car,0.6084911823272705,1775.7113037109375,463.5709838867188,1844.6048583984373,500.8576354980469,0.942790687084198,0.4464947283267975,0.0358820594847202,0.0345246791839599,reviewed,
1162,38.7387,2586,2,car,0.4267876744270324,635.3346557617188,490.8865661621094,691.7996826171875,518.584716796875,0.3456078767776489,0.4673478305339813,0.0294088684022426,0.0256464350968599,reviewed,
1162,38.7387,2129,2,car,0.2691603004932403,394.3247375488281,510.48779296875,432.4501647949219,536.4459228515625,0.2153059691190719,0.4846915304660797,0.0198569931089878,0.0240353047847747,reviewed,
1162,38.7387,2366,2,car,0.1526999324560165,213.2603912353516,519.822021484375,286.1054077148437,552.8905639648438,0.1300431787967682,0.4966262280941009,0.0379401110112667,0.0306190215051174,reviewed,
1162,38.7387,2660,2,car,0.696426272392273,1194.7330322265625,472.2555236816406,1299.1043701171875,510.5784912109375,0.6494368314743042,0.4550157189369201,0.0543600730597972,0.0354842282831668,reviewed,
1162,38.7387,2662,2,car,0.2094846814870834,603.4003295898438,501.39306640625,647.4912719726562,521.276611328125,0.3257530331611633,0.4734581708908081,0.0229640323668718,0.0184106901288032,reviewed,
1162,38.7387,2092,2,car,0.3724314272403717,278.5331115722656,515.8724365234375,354.4789733886719,548.624755859375,0.1648468971252441,0.4928227663040161,0.0395551361143589,0.0303262211382389,reviewed,
1162,38.7387,2318,2,car,0.5308065414428711,768.0396118164062,483.2557373046875,833.4840698242188,513.4470825195312,0.417063444852829,0.4614364802837372,0.0340856537222862,0.0279549490660429,reviewed,
1162,38.7387,2682,7,truck,0.386907547712326,52.71375274658203,512.6906127929688,143.67710876464844,564.9247436523438,0.0511434562504291,0.4988960027694702,0.0473767481744289,0.0483649373054504,reviewed,
1162,38.7387,2696,2,car,0.4684643149375915,696.066650390625,493.44769287109375,740.8712768554688,515.4662475585938,0.3742026090621948,0.4670898020267486,0.0233357436954975,0.0203875508159399,reviewed,
1162,38.7387,2702,2,car,0.3262209296226501,353.34033203125,516.2120971679688,401.6945495605469,543.9828491210938,0.1966236680746078,0.4908309876918793,0.0251844879239797,0.0257136598229408,reviewed,
1162,38.7387,2712,2,car,0.3110091984272003,0.0679435953497886,518.1986694335938,29.20992660522461,554.0615234375,0.0076244454830884,0.4964167773723602,0.0151781160384416,0.0332063473761081,reviewed,
1163,38.77206666666667,749,2,car,0.9472481608390808,771.3543090820312,432.2701110839844,1240.3365478515625,764.2821044921875,0.5238778591156006,0.5539593696594238,0.2442615777254104,0.3074185252189636,reviewed,
1163,38.77206666666667,1292,2,car,0.8590445518493652,1284.898681640625,466.8385314941406,1414.0906982421875,520.1408081054688,0.7028617858886719,0.4569348990917206,0.0672875121235847,0.0493539609014987,reviewed,
1163,38.77206666666667,2126,2,car,0.5794127583503723,52.82133865356445,513.3403930664062,144.1765594482422,565.6275024414062,0.051301535218954,0.4995221793651581,0.0475808456540107,0.0484139919281005,reviewed,
1163,38.77206666666667,2036,2,car,0.4006286561489105,431.1289978027344,507.00299072265625,511.1268005371094,534.3648071289062,0.2453791201114654,0.4821147322654724,0.0416655205190181,0.0253350157290697,reviewed,
1163,38.77206666666667,2574,2,car,0.6078266501426697,1786.250732421875,463.1155395507813,1843.09423828125,501.31201171875,0.9451419115066528,0.4464942514896393,0.0296059921383857,0.0353671051561832,reviewed,
1163,38.77206666666667,2586,2,car,0.4230315387248993,634.9229125976562,491.0157165527344,689.5695190429688,517.8452758789062,0.344919890165329,0.4670652747154236,0.0284617748111486,0.0248421840369701,reviewed,
1163,38.77206666666667,2129,2,car,0.2472309023141861,393.5776672363281,510.41497802734375,431.6822509765625,536.419921875,0.2149114310741424,0.484645813703537,0.019846137613058,0.0240786522626876,reviewed,
1163,38.77206666666667,2366,2,car,0.1029673740267753,211.78309631347656,518.398681640625,285.5752868652344,553.8643798828125,0.1295204162597656,0.4964180886745453,0.0384334325790405,0.0328386090695858,reviewed,
1163,38.77206666666667,2660,2,car,0.6631783246994019,1202.92529296875,471.8683166503906,1299.767333984375,507.4548645019531,0.6517428755760193,0.45339035987854,0.0504385642707347,0.0329505056142807,reviewed,
1163,38.77206666666667,2662,2,car,0.2080851048231125,603.8834838867188,501.0515747070313,647.2882690429688,521.0510864257812,0.3258259892463684,0.4731956720352173,0.0226066596806049,0.0185180660337209,reviewed,
1163,38.77206666666667,2092,2,car,0.4030700027942657,275.99530029296875,516.0913696289062,351.56011962890625,551.3245849609375,0.1634258925914764,0.4941740930080414,0.0393566749989986,0.0326233468949794,reviewed,
1163,38.77206666666667,2318,2,car,0.543319046497345,773.8140869140625,482.9888916015625,835.349365234375,513.4189453125,0.4190529882907867,0.4612999260425567,0.0320496223866939,0.028175976127386,reviewed,
1163,38.77206666666667,2682,7,truck,0.3764106631278991,52.72066879272461,512.8793334960938,142.75022888183594,565.2911376953125,0.0509038791060447,0.4991529583930969,0.0468903928995132,0.0485294498503208,reviewed,
1163,38.77206666666667,2696,2,car,0.496696263551712,695.8794555664062,493.51861572265625,740.6824340820312,515.3346557617188,0.3741046488285064,0.467061698436737,0.0233348850160837,0.0202000364661216,reviewed,
1163,38.77206666666667,2712,2,car,0.3128991425037384,0.0,519.9212646484375,28.024110794067383,553.895263671875,0.0072979456745088,0.4971372783184051,0.0145958913490176,0.0314574055373668,reviewed,
1163,38.77206666666667,2715,2,car,0.4263348877429962,612.52978515625,490.44720458984375,689.6910400390625,519.3536987304688,0.3391200006008148,0.4675004184246063,0.0401881523430347,0.0267652720212936,reviewed,
1164,38.80543333333333,749,2,car,0.946341633796692,771.3582763671875,432.96624755859375,1239.077392578125,763.0614013671875,0.5235509276390076,0.5537164807319641,0.2436037063598632,0.3056436479091644,reviewed,
1164,38.80543333333333,1292,2,car,0.8687273859977722,1284.1866455078125,466.6887817382813,1413.156494140625,520.1192016601562,0.702433168888092,0.4568555355072021,0.0671717971563339,0.0494726113975048,reviewed,
1164,38.80543333333333,2126,2,car,0.5725551843643188,53.34746170043945,513.9502563476562,143.7109375,565.700927734375,0.0513172894716262,0.4998384714126587,0.0470643118023872,0.0479172877967357,reviewed,
1164,38.80543333333333,2036,2,car,0.411325603723526,431.0774841308594,507.0346374511719,515.1583862304688,534.3935546875,0.2464155852794647,0.482142686843872,0.0437921360135078,0.0253323316574096,reviewed,
1164,38.80543333333333,2574,2,car,0.3256139159202575,1797.7310791015625,463.4424133300781,1841.0250244140625,499.0627136230469,0.9475927352905272,0.4456042349338531,0.0225489307194948,0.0329817607998847,reviewed,
1164,38.80543333333333,2586,2,car,0.3352592289447784,625.5316162109375,490.5574340820313,687.6651000976562,517.0545043945312,0.3419783413410187,0.4664870202541351,0.0323611907660961,0.02453432418406,reviewed,
1164,38.80543333333333,2129,2,car,0.2522751986980438,394.4083557128906,511.9911193847656,430.1047973632813,536.4783325195312,0.2147169709205627,0.4854025244712829,0.0185918975621461,0.0226733461022377,reviewed,
1164,38.80543333333333,2366,2,car,0.1339389383792877,210.93698120117188,519.2352294921875,285.8374938964844,553.9039916992188,0.1293683499097824,0.4968236982822418,0.0390106849372386,0.0321007072925567,reviewed,
1164,38.80543333333333,2660,2,car,0.6856775283813477,1211.4827880859375,471.6200866699219,1300.67333984375,506.1102600097656,0.6542073488235474,0.4526529312133789,0.0464534126222133,0.0319353453814983,reviewed,
1164,38.80543333333333,2662,2,car,0.1930617839097976,603.1266479492188,498.1261901855469,652.0138549804688,521.3589477539062,0.3268595039844513,0.4719838500022888,0.0254620872437953,0.0215118117630481,reviewed,
1164,38.80543333333333,2092,2,car,0.3420491516590118,274.189453125,516.4630737304688,349.3786315917969,552.24072265625,0.1623875349760055,0.4947703182697296,0.039161030203104,0.0331274531781673,reviewed,
1164,38.80543333333333,2318,2,car,0.6300016045570374,779.3396606445312,482.8027038574219,836.3663330078125,512.8285522460938,0.4207567870616913,0.4609403908252716,0.0297013912349939,0.0278017111122608,reviewed,
1164,38.80543333333333,2696,2,car,0.5279877185821533,695.4234619140625,493.7696838378906,740.8775024414062,515.3688354492188,0.3740367293357849,0.4671937823295593,0.0236739795655012,0.0199992153793573,reviewed,
1164,38.80543333333333,2712,2,car,0.308706134557724,0.0,521.6051025390625,27.250322341918945,553.8836669921875,0.0070964382030069,0.4979114532470703,0.0141928764060139,0.0298875588923692,reviewed,
1164,38.80543333333333,2715,2,car,0.5124323964118958,605.384765625,490.3201293945313,689.6134643554688,519.9434814453125,0.337239146232605,0.4677146375179291,0.0438691154122352,0.0274290293455123,reviewed,
1164,38.80543333333333,2656,2,car,0.2649754881858825,351.8945007324219,516.35009765625,408.7233581542969,544.1536254882812,0.1980775743722915,0.4909739196300506,0.0295983627438545,0.0257440079003572,reviewed,
1165,38.8388,749,2,car,0.947548806667328,771.2940673828125,432.6798095703125,1239.4820556640625,763.6583862304688,0.5236396193504333,0.5538602471351624,0.243847906589508,0.3064616322517395,reviewed,
1165,38.8388,1292,2,car,0.8755817413330078,1283.4290771484375,466.5916137695313,1412.86767578125,520.2371826171875,0.702160656452179,0.4568651914596557,0.0674159377813339,0.049671821296215,reviewed,
1165,38.8388,2126,2,car,0.5579485297203064,52.83250045776367,513.9757080078125,142.0215606689453,565.7465209960938,0.050743244588375,0.4998713731765747,0.0464526340365409,0.0479359365999698,reviewed,
1165,38.8388,2036,2,car,0.4728077948093414,431.2182922363281,507.0574035644531,516.6378784179688,534.661376953125,0.2468375563621521,0.4822771847248077,0.0444893687963485,0.0255592353641986,reviewed,
1165,38.8388,2574,2,car,0.4154863059520721,1809.2584228515625,464.2758483886719,1840.775146484375,498.5460815429688,0.9505296349525452,0.445750892162323,0.0164149608463048,0.0317316986620426,reviewed,
1165,38.8388,2586,2,car,0.2148918211460113,618.5668334960938,490.7773742675781,686.3245849609375,517.2733154296875,0.3398154675960541,0.4666901230812073,0.0352904945611953,0.0245332792401313,reviewed,
1165,38.8388,2129,2,car,0.3603085577487945,391.3204956054688,512.3319702148438,429.509521484375,536.33984375,0.2137578129768371,0.4854962527751922,0.0198901183903217,0.0222295131534338,reviewed,
1165,38.8388,2366,2,car,0.1934360116720199,210.4948272705078,519.999267578125,283.7973937988281,553.9706420898438,0.1287219375371933,0.4972083270549774,0.0381784215569496,0.0314549766480922,reviewed,
1165,38.8388,2660,2,car,0.7347328066825867,1220.7601318359375,470.7713317871094,1303.14453125,504.060791015625,0.6572668552398682,0.4513111710548401,0.0429085418581962,0.0308235734701156,reviewed,
1165,38.8388,2092,2,car,0.3265675008296966,273.40435791015625,516.7098388671875,347.8604736328125,552.4976806640625,0.1617877185344696,0.4950034916400909,0.0387792252004146,0.0331368893384933,reviewed,
1165,38.8388,2318,2,car,0.6249089241027832,782.4761962890625,483.7786865234375,836.5918579101562,512.5101928710938,0.421632319688797,0.4612448513507843,0.0281852409243583,0.0266032461076974,reviewed,
1165,38.8388,2696,2,car,0.5283492207527161,694.8468017578125,493.9880676269531,741.02099609375,515.3919677734375,0.3739238977432251,0.4673055708408355,0.0240490604192018,0.0198184251785278,reviewed,
1165,38.8388,2712,2,car,0.2187650352716446,0.0,525.1239624023438,26.78288078308105,553.8927001953125,0.0069747087545692,0.4995447099208832,0.0139494175091385,0.0266377199441194,reviewed,
1165,38.8388,2715,2,car,0.4897940158843994,600.399169921875,490.7584838867188,687.1962890625,522.151123046875,0.3353113234043121,0.4689396321773529,0.0452068336308002,0.0290672592818737,reviewed,
1165,38.8388,2656,2,car,0.2645997107028961,350.98638916015625,516.8711547851562,407.8748168945313,544.1045532226562,0.1976201087236404,0.4911924600601196,0.0296293888241052,0.0252161100506782,reviewed,
1165,38.8388,2459,2,car,0.2568157911300659,315.0264892578125,515.9235229492188,354.1027526855469,543.6779174804688,0.1742524206638336,0.4905562102794647,0.0203522201627492,0.0256985127925872,reviewed,
1166,38.872166666666665,749,2,car,0.945494830608368,770.9893188476562,432.4116821289063,1239.496826171875,763.81005859375,0.5235641002655029,0.5538063049316406,0.2440143227577209,0.3068503439426422,reviewed,
1166,38.872166666666665,1292,2,car,0.8758817911148071,1283.2357177734375,466.6700134277344,1412.913818359375,520.3289184570312,0.7021222710609436,0.456943929195404,0.0675406754016876,0.0496841706335544,reviewed,
1166,38.872166666666665,2126,2,car,0.5569100379943848,53.1953010559082,513.81787109375,141.27992248535156,565.8031616210938,0.0506445877254009,0.499824583530426,0.0458774082362651,0.0481345281004905,reviewed,
1166,38.872166666666665,2036,2,car,0.5062748789787292,430.8694152832031,507.0830078125,516.4746704101562,534.8485717773438,0.2467041909694671,0.4823757708072662,0.044586069881916,0.0257088560611009,reviewed,
1166,38.872166666666665,2586,2,car,0.2713529467582702,618.1963500976562,491.6417541503906,682.2044067382812,517.2481689453125,0.3386460244655609,0.4670786559581756,0.0333375297486782,0.0237096436321735,reviewed,
1166,38.872166666666665,2129,2,car,0.3820354044437408,389.9083557128906,512.2338256835938,429.3104248046875,536.3071899414062,0.2133382111787796,0.4854356646537781,0.0205219108611345,0.022290151566267,reviewed,
1166,38.872166666666665,2366,2,car,0.2143220156431198,210.48065185546875,520.2316284179688,282.3421936035156,554.1860961914062,0.1283392757177353,0.4974156022071838,0.0374278873205184,0.0314393229782581,reviewed,
1166,38.872166666666665,2660,2,car,0.7096689939498901,1230.19775390625,470.4320983886719,1307.3946533203125,503.5450439453125,0.6608313322067261,0.4509153664112091,0.0402067191898822,0.0306601356714963,reviewed,
1166,38.872166666666665,2092,2,car,0.2980492413043976,272.7010803222656,517.402587890625,344.5530700683594,553.0674438476562,0.1607432663440704,0.495587944984436,0.0374229103326797,0.0330230146646499,reviewed,
1166,38.872166666666665,2318,2,car,0.5589902997016907,786.7178955078125,484.0703430175781,836.2409057617188,512.4840698242188,0.4226455092430115,0.4613677859306335,0.0257932338863611,0.0263090059161186,reviewed,
1166,38.872166666666665,2696,2,car,0.5346713662147522,694.4522094726562,494.0484924316406,740.9389038085938,515.3877563476562,0.3737997710704803,0.4673316180706024,0.0242118202149868,0.019758578389883,reviewed,
1166,38.872166666666665,2712,2,car,0.179664745926857,0.0462549366056919,526.282958984375,26.63150787353516,553.9176635742188,0.0069473339244723,0.5000929236412048,0.0138464858755469,0.0255876891314983,reviewed,
1166,38.872166666666665,2715,2,car,0.4091598987579345,599.44921875,491.4005432128906,682.0281372070312,522.3638916015625,0.3337180316448211,0.4693353772163391,0.0430098548531532,0.0286697670817375,reviewed,
1166,38.872166666666665,2656,2,car,0.3140332996845245,350.5492248535156,517.041015625,407.6884460449219,544.111572265625,0.197457730770111,0.491274356842041,0.0297600105404853,0.0250653307884931,reviewed,
1166,38.872166666666665,2719,7,truck,0.395949125289917,52.17572021484375,512.6660766601562,140.9361572265625,565.3491821289062,0.0502895526587963,0.4990811347961426,0.0462293960154056,0.0487806536257267,reviewed,
1166,38.872166666666665,2459,2,car,0.2784510254859924,314.6474609375,515.86865234375,354.058349609375,543.7645263671875,0.1741421371698379,0.4905709028244018,0.0205265041440725,0.0258295126259326,reviewed,
1167,38.90553333333333,749,2,car,0.9468408226966858,771.4537963867188,432.2796020507813,1240.085693359375,763.9000244140625,0.5238384008407593,0.5537868738174438,0.2440791130065918,0.3070559501647949,reviewed,
1167,38.90553333333333,1292,2,car,0.880708634853363,1283.8416748046875,466.6216735839844,1413.148681640625,520.2214965820312,0.7023411989212036,0.4568718373775482,0.0673473998904228,0.0496294647455215,reviewed,
1167,38.90553333333333,2126,2,car,0.5555122494697571,53.76970672607422,513.8457641601562,142.34642028808594,565.7496948242188,0.0510719045996665,0.4998127222061157,0.046133704483509,0.048059195280075,reviewed,
1167,38.90553333333333,2036,2,car,0.4499712884426117,431.4219055175781,507.1522521972656,516.824951171875,534.7451782226562,0.2469392716884613,0.4823599457740783,0.0444807521998882,0.0255490057170391,reviewed,
1167,38.90553333333333,2586,2,car,0.2502184808254242,619.54248046875,491.5381774902344,679.8885498046875,516.7288208007812,0.3383935093879699,0.4667902588844299,0.0314302444458007,0.0233246702700853,reviewed,
1167,38.90553333333333,2129,2,car,0.2959481477737427,392.1995544433594,512.6917114257812,429.67822265625,536.390625,0.2140306830406189,0.4856862425804138,0.0195201393216848,0.0219434387981891,reviewed,
1167,38.90553333333333,2366,2,car,0.1539061218500137,210.6800994873047,520.21875,284.65606689453125,554.204833984375,0.1289937943220138,0.4974183142185211,0.0385291501879692,0.0314685963094234,reviewed,
1167,38.90553333333333,2660,2,car,0.7092624306678772,1239.2056884765625,468.85302734375,1313.6329345703125,504.0040283203125,0.6648017168045044,0.4503967761993408,0.03876418992877,0.0325472243130207,reviewed,
1167,38.90553333333333,2092,2,car,0.2975457012653351,273.89312744140625,517.1883544921875,346.3105773925781,552.7366333007812,0.1615113914012909,0.4953356683254242,0.0377174206078052,0.032915074378252,reviewed,
1167,38.90553333333333,2318,2,car,0.5297849178314209,793.3251342773438,484.3258361816406,837.6439819335938,512.5935668945312,0.4247315526008606,0.4615367650985718,0.0230827331542968,0.0261738244444131,reviewed,
1167,38.90553333333333,2696,2,car,0.5166888236999512,694.893310546875,493.9735107421875,741.1063842773438,515.3827514648438,0.3739582598209381,0.4672945737838745,0.0240693092346191,0.019823370501399,reviewed,
1167,38.90553333333333,2712,2,car,0.2174269258975982,0.2662012875080108,526.0267944335938,27.1082706451416,553.9481811523438,0.0071287686005234,0.4999884068965912,0.0139802442863583,0.0258531365543603,reviewed,
1167,38.90553333333333,2715,2,car,0.3555783927440643,599.186767578125,490.9010314941406,679.9331665039062,522.3115234375,0.333104133605957,0.4690798819065094,0.0420554168522357,0.0290837883949279,reviewed,
1167,38.90553333333333,2656,2,car,0.2894972264766693,351.1111145019531,517.0645141601562,408.9540710449219,544.0747680664062,0.1979336440563202,0.4912681877613067,0.0301265399903059,0.0250094942748546,reviewed,
1167,38.90553333333333,2719,7,truck,0.3549669682979584,53.18472290039063,512.7614135742188,141.80015563964844,565.65478515625,0.0507773123681545,0.4992667734622955,0.0461538694798946,0.0489753447473049,reviewed,
1167,38.90553333333333,2459,2,car,0.2424201220273971,314.6918640136719,515.8612670898438,354.31866455078125,543.5872192382812,0.1742214858531952,0.4904853999614715,0.0206389594823122,0.0256721787154674,reviewed,
1168,38.9389,749,2,car,0.9492339491844176,771.8065185546875,432.47454833984375,1240.654052734375,764.0796508789062,0.5240782499313354,0.5539602637290955,0.2441914230585098,0.3070417642593384,reviewed,
1168,38.9389,1292,2,car,0.7682427167892456,1276.84326171875,466.6138610839844,1413.77197265625,520.1213989257812,0.7006810307502747,0.456821858882904,0.0713170394301414,0.0495440177619457,reviewed,
1168,38.9389,2126,2,car,0.5304583311080933,53.21356964111328,513.64892578125,143.5586700439453,565.6856689453125,0.0512427724897861,0.4996919333934784,0.0470547415316104,0.0481821708381176,reviewed,
1168,38.9389,2036,2,car,0.4049396216869354,431.53802490234375,507.0691833496094,515.8165893554688,534.5144653320312,0.2467069327831268,0.4822146296501159,0.0438950844109058,0.0254122987389564,reviewed,
1168,38.9389,2586,2,car,0.2025599330663681,616.4842529296875,491.1427307128906,678.527587890625,516.9302978515625,0.3372426629066467,0.4667004644870758,0.0323142372071743,0.0238773766905069,reviewed,
1168,38.9389,2129,2,car,0.1966078430414199,393.3582458496094,512.6134033203125,430.1619567871094,536.185302734375,0.2144583910703659,0.485554963350296,0.0191685985773801,0.0218258332461118,reviewed,
1168,38.9389,2366,2,car,0.1423841565847396,211.5363006591797,519.9957275390625,284.5525817871094,554.2662353515625,0.1291898041963577,0.497343510389328,0.0380293130874633,0.0317319519817829,reviewed,
1168,38.9389,2660,2,car,0.5239555835723877,1250.8201904296875,467.3815002441406,1319.741455078125,509.08349609375,0.6694170832633972,0.452067106962204,0.0358964912593364,0.0386129580438137,reviewed,
1168,38.9389,2092,2,car,0.3554007709026336,275.100341796875,516.564453125,348.3523254394531,552.6047973632812,0.1623574644327163,0.4949857294559479,0.0381520763039588,0.0333706885576248,reviewed,
1168,38.9389,2318,2,car,0.4011304974555969,799.5850219726562,483.6560974121094,839.0706787109375,512.4269409179688,0.4267332851886749,0.4611495435237884,0.0205654464662075,0.0266396701335906,reviewed,
1168,38.9389,2696,2,car,0.4766905009746551,695.8125610351562,493.5677795410156,742.2128295898438,515.307373046875,0.3744857907295227,0.4670718014240265,0.0241668056696653,0.0201292540878057,reviewed,
1168,38.9389,2712,2,car,0.21514293551445,0.3837801516056061,523.8942260742188,27.590261459350582,553.9241943359375,0.0072849066928029,0.4989899694919586,0.0141700422391295,0.0278055258095264,reviewed,
1168,38.9389,2715,2,car,0.3906740248203277,599.9566650390625,490.1059875488281,678.5835571289062,522.5215454101562,0.3329531848430633,0.4688090682029724,0.0409515053033828,0.0300144050270319,reviewed,
1168,38.9389,2656,2,car,0.2932285666465759,352.2506103515625,516.63818359375,409.7807312011719,544.0007934570312,0.198445662856102,0.4910365343093872,0.0299636051058769,0.0253357496112585,reviewed,
1168,38.9389,2719,7,truck,0.4041808247566223,52.69895935058594,512.763427734375,142.6127166748047,565.4520874023438,0.0508624166250228,0.4991738796234131,0.0468300804495811,0.0487857945263385,reviewed,
1168,38.9389,2459,2,car,0.2251834124326706,305.2167358398437,515.8115844726562,354.9120178222656,544.0848999023438,0.1719085425138473,0.4906928241252899,0.0258829593658447,0.0261789951473474,reviewed,
1169,38.97226666666667,749,2,car,0.949059009552002,771.688720703125,432.5276184082031,1240.6322021484375,764.0574340820312,0.5240418910980225,0.5539745688438416,0.244241401553154,0.3069720566272735,reviewed,
1169,38.97226666666667,1292,2,car,0.8633313179016113,1272.47216796875,466.5296630859375,1413.6756591796875,519.830078125,0.6995176672935486,0.4566480219364166,0.073543481528759,0.0493522360920906,reviewed,
1169,38.97226666666667,2126,2,car,0.5228391289710999,53.04380416870117,513.2810668945312,143.8719482421875,565.5669555664062,0.0512801446020603,0.4994666874408722,0.0473063215613365,0.0484128594398498,reviewed,
1169,38.97226666666667,2036,2,car,0.3858009874820709,431.3437194824219,507.1408081054688,513.31005859375,534.4483642578125,0.2460035979747772,0.4822171926498413,0.0426908023655414,0.0252847746014595,reviewed,
1169,38.97226666666667,2586,2,car,0.2469674497842788,618.7166137695312,491.03265380859375,675.4400024414062,518.39501953125,0.3370199501514435,0.4673276245594024,0.0295434314757585,0.0253355242311954,reviewed,
1169,38.97226666666667,2129,2,car,0.2121277749538421,393.19342041015625,512.64208984375,430.1018981933594,536.1212158203125,0.2143998146057129,0.4855385720729828,0.0192231647670269,0.0217399317771196,reviewed,
1169,38.97226666666667,2366,2,car,0.1168507933616638,211.62918090820312,519.8129272460938,284.7145080566406,554.3361206054688,0.1292561739683151,0.49729123711586,0.0380652733147144,0.0319659188389778,reviewed,
1169,38.97226666666667,2660,2,car,0.1513003259897232,1259.83349609375,467.5096740722656,1319.7523193359375,504.1607055664063,0.6717671751976013,0.449847400188446,0.0312077198177576,0.0339361391961574,reviewed,
1169,38.97226666666667,2092,2,car,0.3228377997875213,275.34228515625,516.4739990234375,348.7403259277344,552.6092529296875,0.1625215262174606,0.4949459433555603,0.0382281467318534,0.0334585681557655,reviewed,
1169,38.97226666666667,2318,2,car,0.42681685090065,805.218017578125,483.3541564941406,839.4786987304688,511.3294677734375,0.4283064603805542,0.4605016708374023,0.0178441051393747,0.0259030666202306,reviewed,
1169,38.97226666666667,2696,2,car,0.4610731303691864,695.8026123046875,493.4922180175781,742.099853515625,515.2919311523438,0.3744537532329559,0.467029720544815,0.0241131465882062,0.0201849192380905,reviewed,
1169,38.97226666666667,2712,2,car,0.204595685005188,0.1793886125087738,523.7669677734375,27.525049209594727,553.9437255859375,0.0072146970778703,0.4989401400089264,0.0142425317317247,0.0279414430260658,reviewed,
1169,38.97226666666667,2715,2,car,0.411582887172699,601.2505493164062,490.4584045410156,675.2413330078125,521.7680053710938,0.3324197828769684,0.4686233401298523,0.0385368652641773,0.0289903711527586,reviewed,
1169,38.97226666666667,2656,2,car,0.3058432936668396,352.4486083984375,516.5655517578125,409.93115234375,544.0748291015625,0.1985363960266113,0.4910372197628021,0.0299388244748115,0.0254715532064437,reviewed,
1169,38.97226666666667,2719,7,truck,0.4278521239757538,52.549896240234375,512.6317138671875,142.83847045898438,565.2794799804688,0.0508823879063129,0.4990329444408417,0.0470253005623817,0.048747930675745,reviewed,
1169,38.97226666666667,2459,2,car,0.2115783989429474,300.7646179199219,515.842529296875,354.9600830078125,544.130615234375,0.1707616448402404,0.4907283186912536,0.0282268039882183,0.0261926725506782,reviewed,
1169,38.97226666666667,2725,2,car,0.3052303493022918,735.6104736328125,491.787109375,753.9932250976562,513.6077880859375,0.3879176378250122,0.4654605984687805,0.0095743499696254,0.0202043317258358,reviewed,
1170,39.005633333333336,749,2,car,0.9477127194404602,771.2344970703125,432.5088806152344,1240.1014404296875,764.0810546875,0.523785412311554,0.553976833820343,0.2442015260457992,0.3070112764835357,reviewed,
1170,39.005633333333336,1292,2,car,0.8787998557090759,1274.93994140625,466.0533142089844,1413.2056884765625,519.6995239257812,0.7000378966331482,0.4563670456409454,0.0720134079456329,0.0496724173426628,reviewed,
1170,39.005633333333336,2126,2,car,0.591795802116394,53.65008163452149,514.2935180664062,142.77774047851562,565.90869140625,0.05115307867527,0.5000935792922974,0.0464206524193286,0.0477918274700641,reviewed,
1170,39.005633333333336,2036,2,car,0.5001499652862549,430.9024353027344,507.004638671875,515.3963623046875,534.9671020507812,0.2464319914579391,0.4823943078517914,0.0440072529017925,0.0258911699056625,reviewed,
1170,39.005633333333336,2586,2,car,0.1482143551111221,630.774169921875,491.9855346679688,671.8907470703125,517.2650756835938,0.3392356634140014,0.4672456383705139,0.0214148834347724,0.023406982421875,reviewed,
1170,39.005633333333336,2129,2,car,0.295131117105484,390.8045043945313,512.6640014648438,429.7467041015625,536.3418579101562,0.2136852145195007,0.4856508672237396,0.02028239518404,0.021923940628767,reviewed,
1170,39.005633333333336,2366,2,car,0.1040231361985206,210.68161010742188,518.0287475585938,288.7037658691406,554.6487426757812,0.1300482749938964,0.4966099560260772,0.0406365394592285,0.0339074023067951,reviewed,
1170,39.005633333333336,2660,2,car,0.1157068684697151,1265.7093505859375,467.1901245117188,1324.3751220703125,504.8334045410156,0.6745011806488037,0.4500108957290649,0.0305550899356603,0.0348548889160156,reviewed,
1170,39.005633333333336,2092,2,car,0.2168397456407547,273.6021728515625,517.313232421875,346.0825500488281,553.8257446289062,0.1613762229681015,0.4958976507186889,0.0377501957118511,0.0338078811764717,reviewed,
1170,39.005633333333336,2318,2,car,0.2493533641099929,809.8034057617188,484.12451171875,837.7933959960938,511.2576293945313,0.4290616810321808,0.4608250558376312,0.0145781198516488,0.025123257189989,reviewed,
1170,39.005633333333336,2696,2,car,0.4702024757862091,695.122314453125,493.7747802734375,740.796630859375,515.385498046875,0.3739372193813324,0.467203825712204,0.0237887073308229,0.0200099237263202,reviewed,
1170,39.005633333333336,2712,2,car,0.213084876537323,0.0,524.4674682617188,27.21564102172852,554.2508544921875,0.0070874067023396,0.4994066059589386,0.0141748134046792,0.0275772102177143,reviewed,
1170,39.005633333333336,2715,2,car,0.4449931681156158,600.1500244140625,492.3183898925781,671.2625122070312,521.7985229492188,0.3310970366001129,0.4694985747337341,0.0370377525687217,0.027296420186758,reviewed,
1170,39.005633333333336,2656,2,car,0.2257178276777267,351.41357421875,517.31103515625,404.7359313964844,544.6671142578125,0.196913942694664,0.4916565418243408,0.0277720615267753,0.0253297034651041,reviewed,
1170,39.005633333333336,2719,7,truck,0.2171513587236404,52.00366973876953,513.5046997070312,142.72137451171875,564.7783203125,0.0507096461951732,0.499205082654953,0.0472488030791282,0.0474755764007568,reviewed,
1170,39.005633333333336,2459,2,car,0.2046596407890319,300.2544250488281,516.0217895507812,353.1822814941406,543.3009643554688,0.1701658070087433,0.4904271960258484,0.0275665912777185,0.025258494541049,reviewed,
1170,39.005633333333336,2725,2,car,0.3061965107917785,735.1660766601562,492.1438903808594,753.1129760742188,513.7425537109375,0.3875726759433746,0.4656881690025329,0.0093473438173532,0.019998762756586,reviewed,
1170,39.005633333333336,2662,2,car,0.2551217675209045,601.1358032226562,496.99505615234375,653.2507934570312,521.6934204101562,0.3266631662845611,0.4716150462627411,0.0271432232111692,0.0228688549250364,reviewed,
1171,39.039,749,2,car,0.9466457962989808,770.6399536132812,432.367919921875,1238.771728515625,763.2021484375,0.5232842564582825,0.5535046458244324,0.2438186258077621,0.3063279986381531,reviewed,
1171,39.039,1292,2,car,0.88924640417099,1275.71826171875,465.8910217285156,1412.936767578125,519.5718994140625,0.7001705765724182,0.4562328159809112,0.0714679732918739,0.0497045181691646,reviewed,
1171,39.039,2126,2,car,0.5033602118492126,53.32295989990234,514.8899536132812,142.97064208984375,566.8870849609375,0.0511181280016899,0.5008227229118347,0.0466914996504783,0.0481454916298389,reviewed,
1171,39.039,2036,2,car,0.5343697667121887,431.0309448242188,507.1553039550781,509.3908386230469,535.2811889648438,0.244901493191719,0.4826095104217529,0.0408124439418315,0.0260424856096506,reviewed,
1171,39.039,2586,2,car,0.2064468562602996,618.1868286132812,493.0046997070313,668.930419921875,518.5042114257812,0.3351867794990539,0.468291163444519,0.0264289546757936,0.0236106589436531,reviewed,
1171,39.039,2129,2,car,0.4506587088108063,389.6921997070313,510.3113098144531,429.8980102539063,536.743408203125,0.21343494951725,0.4847475290298462,0.0209405254572629,0.0244741644710302,reviewed,
1171,39.039,2366,2,car,0.1627504527568817,210.2796173095703,520.6489868164062,282.7511291503906,555.8531494140625,0.1283934265375137,0.4983806610107422,0.0377455800771713,0.0325964465737342,reviewed,
1171,39.039,2092,2,car,0.190758466720581,273.6484375,517.2982788085938,347.9291381835937,552.2224731445312,0.1618691533803939,0.4951485097408294,0.0386878661811351,0.0323372185230255,reviewed,
1171,39.039,2318,2,car,0.1529896259307861,812.3737182617188,483.1611633300781,837.4961547851562,510.7970886230469,0.4296536147594452,0.4601658582687378,0.0130846025422215,0.0255888197571039,reviewed,
1171,39.039,2696,2,car,0.4819816946983337,693.8165893554688,494.1296081542969,740.8098754882812,515.7864990234375,0.3736006319522857,0.4675537645816803,0.0244756694883108,0.0200526770204305,reviewed,
1171,39.039,2712,2,car,0.2123280167579651,0.0,528.666748046875,25.909990310668945,555.140380859375,0.0067473934032022,0.5017625689506531,0.0134947868064045,0.0245126225054264,reviewed,
1171,39.039,2715,2,car,0.4889768362045288,598.6889038085938,493.364990234375,668.24072265625,522.0535888671875,0.3299296200275421,0.4701012074947357,0.0362249054014682,0.0265635177493095,reviewed,
1171,39.039,2656,2,car,0.3318473696708679,350.6830749511719,517.8477172851562,395.7498474121094,544.4508666992188,0.1943835765123367,0.4918048977851867,0.0234722774475812,0.0246325451880693,reviewed,
1171,39.039,2719,7,truck,0.3992483615875244,51.58962631225586,513.5530395507812,142.17323303222656,565.3314819335938,0.0504590794444084,0.499483585357666,0.0471789613366127,0.047943003475666,reviewed,
1171,39.039,2459,2,car,0.266787052154541,297.8753967285156,516.7318725585938,352.189208984375,544.243408203125,0.1692876517772674,0.4911922812461853,0.0282884445041418,0.0254736449569463,reviewed,
1171,39.039,2725,2,car,0.2019387632608413,733.1287841796875,493.499755859375,751.9691772460938,514.5762329101562,0.3867442309856415,0.4667018353939056,0.0098127042874693,0.0195152573287487,reviewed,
1172,39.07236666666667,749,2,car,0.94499671459198,769.978759765625,432.230224609375,1237.637939453125,763.364990234375,0.5228168368339539,0.5535163283348083,0.2435724884271621,0.306606262922287,reviewed,
1172,39.07236666666667,1292,2,car,0.882311999797821,1279.2139892578125,465.7373352050781,1412.722412109375,519.30419921875,0.701025128364563,0.4560377299785614,0.0695356354117393,0.0495989471673965,reviewed,
1172,39.07236666666667,2036,2,car,0.521668016910553,428.7282104492188,506.8536987304688,504.6543884277344,535.8749389648438,0.2430683821439743,0.4827447533607483,0.0395448841154575,0.0268715191632509,reviewed,
1172,39.07236666666667,2586,2,car,0.2237959057092666,622.1714477539062,496.3072509765625,665.4547729492188,518.4993896484375,0.3353193402290344,0.4698178768157959,0.0225433986634016,0.0205482766032218,reviewed,
1172,39.07236666666667,2129,2,car,0.3492812514305115,388.76263427734375,510.7828063964844,429.1809692382813,537.3904418945312,0.2130061537027359,0.4852653741836548,0.0210512168705463,0.0246366988867521,reviewed,
1172,39.07236666666667,2366,2,car,0.1421141922473907,209.8625946044922,522.0730590820312,280.9843139648437,556.3466796875,0.1278247237205505,0.4992683827877044,0.037042561918497,0.0317348353564739,reviewed,
1172,39.07236666666667,2092,2,car,0.2484975159168243,273.2030944824219,517.68896484375,349.4666442871094,552.692626953125,0.1621535718441009,0.4955470263957977,0.0397205986082553,0.0324107967317104,reviewed,
1172,39.07236666666667,2318,2,car,0.1606495082378387,817.9664306640625,482.5077819824219,837.2957763671875,509.9478454589844,0.431057870388031,0.4594702124595642,0.0100673679262399,0.0254074670374393,reviewed,
1172,39.07236666666667,2696,2,car,0.5584661960601807,692.3960571289062,494.9590148925781,740.666259765625,516.6890258789062,0.3731932938098907,0.4683555960655212,0.025140730664134,0.0201203804463148,reviewed,
1172,39.07236666666667,2712,2,car,0.2273840606212616,0.0,528.1675415039062,24.127309799194336,556.1689453125,0.0062831537798047,0.5020076036453247,0.0125663075596094,0.0259272251278162,reviewed,
1172,39.07236666666667,2715,2,car,0.4184089004993438,598.0831298828125,494.668212890625,664.9586791992188,522.0943603515625,0.3289171159267425,0.470723420381546,0.0348310135304927,0.0253945812582969,reviewed,
1172,39.07236666666667,2656,2,car,0.2921513617038727,349.720947265625,518.0291137695312,393.0439758300781,544.7714233398438,0.1934283524751663,0.492037296295166,0.0225640777498483,0.0247613973915576,reviewed,
1172,39.07236666666667,2459,2,car,0.5089130401611328,292.193359375,517.086669921875,351.5475158691406,546.3724975585938,0.1676408499479293,0.4923422336578369,0.0309136230498552,0.0271165072917938,reviewed,
1172,39.07236666666667,2725,2,car,0.2054314613342285,732.7055053710938,494.2983093261719,751.23583984375,515.025634765625,0.3864430785179138,0.4672796130180359,0.0096512157469987,0.0191919673234224,reviewed,
1172,39.07236666666667,2662,2,car,0.3101164698600769,599.46630859375,498.7414245605469,649.6178588867188,521.67138671875,0.3252823650836944,0.4724133610725403,0.0261205993592739,0.0212314464151859,reviewed,
1173,39.10573333333333,749,2,car,0.9497647285461426,769.5530395507812,432.2365417480469,1236.8702392578125,763.7134399414062,0.522506058216095,0.5536805391311646,0.2433943748474121,0.3069230616092682,reviewed,
1173,39.10573333333333,1292,2,car,0.8733073472976685,1280.1865234375,465.7306213378906,1412.1712646484375,519.1630249023438,0.7011348605155945,0.4559693038463592,0.0687420517206192,0.0494744479656219,reviewed,
1173,39.10573333333333,2036,2,car,0.544427216053009,428.9081726074219,506.2890930175781,502.1648864746094,536.675048828125,0.2424669414758682,0.4828537404537201,0.0381545387208461,0.0281351450830698,reviewed,
1173,39.10573333333333,2586,2,car,0.2195395678281784,632.084716796875,498.13970947265625,663.1039428710938,518.3251342773438,0.3372887372970581,0.4705855846405029,0.0161558464169502,0.0186902079731225,reviewed,
1173,39.10573333333333,2129,2,car,0.4196163713932037,389.0913391113281,511.4250793457031,428.7384338378906,538.2770385742188,0.2129765003919601,0.4859732091426849,0.0206495281308889,0.0248629245907068,reviewed,
1173,39.10573333333333,2366,2,car,0.185018315911293,208.71340942382807,521.1935424804688,317.4574890136719,557.3468627929688,0.1370236724615097,0.4993242621421814,0.0566375404596328,0.0334752984344959,reviewed,
1173,39.10573333333333,2092,2,car,0.2065585702657699,271.1852722167969,520.7913208007812,345.8387145996094,554.5182495117188,0.1606833338737487,0.4978285133838653,0.0388820022344589,0.0312286373227834,reviewed,
1173,39.10573333333333,2696,2,car,0.5843587517738342,691.4946899414062,495.6844482421875,740.5517578125,517.2733764648438,0.3729287385940552,0.4689619541168213,0.0255505554378032,0.0199897475540637,reviewed,
1173,39.10573333333333,2712,2,car,0.1638669371604919,0.0,528.5670776367188,24.313106536865234,556.7325439453125,0.0063315383158624,0.5024535059928894,0.0126630766317248,0.0260791350156068,reviewed,
1173,39.10573333333333,2715,2,car,0.4059136807918548,596.4130859375,495.89306640625,662.1065673828125,521.6486206054688,0.3277395069599151,0.4710841178894043,0.0342153534293174,0.023847734555602,reviewed,
1173,39.10573333333333,2656,2,car,0.2803536653518677,348.7386779785156,518.15771484375,392.7890319824219,545.4320068359375,0.1931061744689941,0.4924026429653168,0.0229428932070732,0.0252539739012718,reviewed,
1173,39.10573333333333,2459,2,car,0.4313687086105346,289.8716735839844,517.2406616210938,350.92059326171875,546.1505737304688,0.1668729782104492,0.4923107624053955,0.0317963138222694,0.0267684366554021,reviewed,
1173,39.10573333333333,2725,2,car,0.194239854812622,732.16357421875,494.9297790527344,750.8209228515625,515.113525390625,0.3861938714981079,0.4676126539707184,0.0097173694521188,0.0186886545270681,reviewed,
1173,39.10573333333333,2727,2,car,0.4677633643150329,1808.208740234375,466.1802673339844,1836.08251953125,489.7424011230469,0.9490341544151306,0.4425567984580993,0.0145175931975245,0.0218167901039123,reviewed,
1173,39.10573333333333,2662,2,car,0.3042364418506622,597.7703247070312,500.0011596679688,647.7819213867188,521.69580078125,0.324362576007843,0.47300785779953,0.0260477066040039,0.020087631419301,reviewed,
1173,39.10573333333333,2126,2,car,0.7243590950965881,51.63312149047852,516.2135009765625,140.49000549316406,567.518310546875,0.0500320643186569,0.5017277002334595,0.0462796278297901,0.0475044548511505,reviewed,
1174,39.1391,749,2,car,0.9497672319412231,769.192626953125,432.6495971679688,1236.366455078125,763.8841552734375,0.5222809910774231,0.5539507865905762,0.2433197051286697,0.3066986501216888,reviewed,
1174,39.1391,1292,2,car,0.8767156004905701,1280.1463623046875,465.677978515625,1414.290283203125,518.83837890625,0.7016761898994446,0.4557946026325226,0.0698666274547576,0.0492225922644138,reviewed,
1174,39.1391,2036,2,car,0.6034684181213379,429.8351135253906,506.2799682617188,500.3620300292969,537.43603515625,0.2422388345003128,0.4832018911838531,0.0367327705025672,0.0288482103496789,reviewed,
1174,39.1391,2129,2,car,0.4316452741622925,388.8471984863281,512.4848022460938,427.7902221679688,539.0593872070312,0.2126660048961639,0.4868260025978088,0.0202828254550695,0.0246060974895954,reviewed,
1174,39.1391,2366,2,car,0.1470508724451065,207.3871154785156,517.4226684570312,325.8231811523437,558.4281005859375,0.1388568580150604,0.4980790913105011,0.0616854503750801,0.0379679910838604,reviewed,
1174,39.1391,2092,2,car,0.1506941616535186,270.5845947265625,522.0425415039062,343.53826904296875,555.4965209960938,0.1599278301000595,0.4988606870174408,0.0379967056214809,0.0309759061783552,reviewed,
1174,39.1391,2696,2,car,0.5603113770484924,691.27197265625,496.0828857421875,740.2763671875,517.5991821289062,0.3727990388870239,0.4692972600460052,0.0255231224000453,0.0199224967509508,reviewed,
1174,39.1391,2712,2,car,0.2099765837192535,0.0,529.9093627929688,23.88591957092285,558.0618896484375,0.0062202913686633,0.5036903619766235,0.0124405827373266,0.026067154482007,reviewed,
1174,39.1391,2715,2,car,0.4357247054576874,595.3051147460938,495.2622985839844,660.263427734375,521.3812866210938,0.3269709944725036,0.4706683158874511,0.0338324531912803,0.0241842474788427,reviewed,
1174,39.1391,2656,2,car,0.206217274069786,347.456787109375,517.92626953125,394.39105224609375,546.0125732421875,0.1931895464658737,0.4925642907619476,0.024444930255413,0.0260058362036943,reviewed,
1174,39.1391,2459,2,car,0.3319712877273559,289.0455017089844,517.9012451171875,349.99249267578125,545.72216796875,0.1664161384105682,0.4924182593822479,0.031743224710226,0.0257601141929626,reviewed,
1174,39.1391,2725,2,car,0.1913112998008728,733.0916748046875,494.859130859375,750.5703125,515.0162963867188,0.386370301246643,0.4675349295139313,0.0091034574434161,0.0186640415340662,reviewed,
1174,39.1391,2727,2,car,0.4693708419799804,1800.185791015625,465.8312072753906,1835.3187255859373,489.0883483886719,0.9467459321022034,0.4420923888683319,0.0182984042912721,0.0215343907475471,reviewed,
1174,39.1391,2662,2,car,0.105926290154457,593.8549194335938,499.1891784667969,648.4757080078125,522.6548461914062,0.3235235810279846,0.4730759263038635,0.0284483265131711,0.0217274706810712,reviewed,
1174,39.1391,2126,2,car,0.6787188649177551,52.5788459777832,517.268310546875,138.85302734375,568.2858276367188,0.0498520508408546,0.5025714039802551,0.0449344702064991,0.0472384430468082,reviewed,
1175,39.172466666666665,749,2,car,0.9506073594093324,768.8527221679688,432.7242736816406,1236.14306640625,764.0014038085938,0.5221343636512756,0.5540396571159363,0.2433803826570511,0.3067380785942077,reviewed,
1175,39.172466666666665,1292,2,car,0.8798243403434753,1280.0562744140625,465.7688293457031,1415.3577880859375,518.6846313476562,0.7019307613372803,0.4557655155658722,0.0704695358872413,0.0489961132407188,reviewed,
1175,39.172466666666665,2036,2,car,0.6831627488136292,427.7200622558594,506.6457214355469,500.3328857421875,538.278076171875,0.2416804581880569,0.4837610423564911,0.037819180637598,0.0292892176657915,reviewed,
1175,39.172466666666665,2129,2,car,0.3011990189552307,388.7681274414063,512.7095947265625,427.217529296875,539.3046264648438,0.2124962657690048,0.4870435893535614,0.0200257301330566,0.0246250294148921,reviewed,
1175,39.172466666666665,2092,2,car,0.1348856091499328,270.5166320800781,522.4141235351562,343.04034423828125,555.96484375,0.1597804725170135,0.4992494881153106,0.0377727672457695,0.0310654807835817,reviewed,
1175,39.172466666666665,2696,2,car,0.528478741645813,691.321044921875,496.0230102539063,740.3615112304688,517.859375,0.3728340268135071,0.4693900048732757,0.0255419090390205,0.0202188566327095,reviewed,
1175,39.172466666666665,2712,2,car,0.1685109734535217,0.0150112779811024,530.899658203125,23.659645080566406,558.8758544921875,0.0061652748845517,0.5045257210731506,0.0123149137943983,0.0259038861840963,reviewed,
1175,39.172466666666665,2715,2,car,0.47441166639328,594.2411499023438,494.8345642089844,657.9337768554688,521.8284301757812,0.3260872066020965,0.4706772863864898,0.033173244446516,0.024994321167469,reviewed,
1175,39.172466666666665,2656,2,car,0.2388675212860107,346.85968017578125,517.7842407226562,397.6490478515625,546.3665771484375,0.19388248026371,0.4926624298095703,0.0264527965337038,0.0264651272445917,reviewed,
1175,39.172466666666665,2459,2,car,0.2986623346805572,288.1946105957031,518.1825561523438,349.216552734375,545.3579711914062,0.1659924834966659,0.4923798739910126,0.0317822620272636,0.0251624211668968,reviewed,
1175,39.172466666666665,2725,2,car,0.2063129693269729,733.4517211914062,494.5799865722656,750.4826049804688,514.9127807617188,0.3864412307739258,0.4673577845096588,0.0088702524080872,0.0188266616314649,reviewed,
1175,39.172466666666665,2727,2,car,0.5547839999198914,1791.67578125,465.1894836425781,1834.6019287109373,490.1858825683594,0.9443432092666626,0.4423034191131592,0.0223573688417673,0.0231448132544755,reviewed,
1175,39.172466666666665,2126,2,car,0.6287710070610046,53.03009796142578,517.5527954101562,137.76380920410156,568.6727294921875,0.0496859140694141,0.5028822422027588,0.0441321395337581,0.0473332740366458,reviewed,
1176,39.20583333333333,749,2,car,0.950525164604187,768.5787963867188,432.6213684082031,1236.09765625,764.04541015625,0.5220511555671692,0.5540123581886292,0.2434994131326675,0.3068741261959076,reviewed,
1176,39.20583333333333,1292,2,car,0.7999270558357239,1279.8623046875,465.8146667480469,1412.010009765625,518.8395385742188,0.7010084390640259,0.4558584094047546,0.0688269287347793,0.0490971021354198,reviewed,
1176,39.20583333333333,2036,2,car,0.6563438773155212,427.3479919433594,506.3806457519531,500.7747802734375,538.2158813476562,0.2416986525058746,0.483609527349472,0.038243118673563,0.0294770691543817,reviewed,
1176,39.20583333333333,2129,2,car,0.219920203089714,389.3334655761719,513.0413208007812,426.892578125,539.6089477539062,0.2125588804483413,0.4873380959033966,0.0195620376616716,0.0245996546000242,reviewed,
1176,39.20583333333333,2092,2,car,0.1799605339765548,270.84796142578125,520.55615234375,346.1859436035156,554.640869140625,0.1606859266757965,0.4977763891220093,0.0392385311424732,0.0315599218010902,reviewed,
1176,39.20583333333333,2696,2,car,0.5170093774795532,691.2665405273438,496.0885620117188,739.678955078125,518.0596313476562,0.3726420700550079,0.4695130586624145,0.0252147987484931,0.0203435830771923,reviewed,
1176,39.20583333333333,2712,2,car,0.1506674289703369,0.0462498888373374,532.253662109375,23.3278923034668,559.1608276367188,0.0060870158486068,0.5052844882011414,0.0121258553117513,0.0249140430241823,reviewed,
1176,39.20583333333333,2715,2,car,0.4646866023540497,592.7362060546875,496.7073364257813,655.79443359375,522.1424560546875,0.3251381814479828,0.4716897308826446,0.0328428260982036,0.0235510375350713,reviewed,
1176,39.20583333333333,2656,2,car,0.3411935269832611,346.58642578125,517.8206176757812,400.2579956054688,546.593994140625,0.1944907307624817,0.4927845001220703,0.0279539432376623,0.0266420152038335,reviewed,
1176,39.20583333333333,2459,2,car,0.3506973385810852,292.6383056640625,518.4974365234375,349.2982788085937,547.6910400390625,0.1671709865331649,0.493605762720108,0.0295104030519723,0.0270311143249273,reviewed,
1176,39.20583333333333,2725,2,car,0.1770582646131515,733.52783203125,494.5209045410156,750.4047241210938,514.8528442382812,0.3864407837390899,0.4673026800155639,0.0087900478392839,0.0188258700072765,reviewed,
1176,39.20583333333333,2727,2,car,0.4873710572719574,1783.59521484375,462.5865783691406,1833.9039306640625,489.8849182128906,0.9420570135116576,0.4409590363502502,0.0262024570256471,0.0252762399613857,reviewed,
1176,39.20583333333333,2126,2,car,0.6721642017364502,53.34349822998047,518.1987915039062,136.89540100097656,569.0432739257812,0.0495413765311241,0.5033528208732605,0.0435166172683239,0.0470782257616519,reviewed,
1177,39.2392,749,2,car,0.9502584338188172,768.3221435546875,432.5137634277344,1236.0625,764.0065307617188,0.5219751596450806,0.5539445877075195,0.2436147630214691,0.3069377541542053,reviewed,
1177,39.2392,1292,2,car,0.8244721293449402,1279.7763671875,465.7270812988281,1410.5792236328125,519.2232055664062,0.7006133794784546,0.4559955298900604,0.0681264847517013,0.0495334491133689,reviewed,
1177,39.2392,2036,2,car,0.6154984831809998,427.4527587890625,506.3284606933594,500.3222961425781,538.0333862304688,0.2416080832481384,0.4835008382797241,0.0379528850317001,0.02935641258955,reviewed,
1177,39.2392,2129,2,car,0.1933305561542511,389.186767578125,513.0171508789062,426.37298583984375,539.7847900390625,0.212385356426239,0.4874083399772644,0.0193678215146064,0.0247848518192768,reviewed,
1177,39.2392,2092,2,car,0.2036131769418716,270.5761108398437,520.054931640625,347.2124328613281,554.2320556640625,0.1608824431896209,0.4973550736904144,0.0399147495627403,0.0316454842686653,reviewed,
1177,39.2392,2696,2,car,0.4991376399993896,691.2318725585938,496.0940856933594,739.266845703125,518.1575927734375,0.3725257217884063,0.4695609807968139,0.0250182151794433,0.0204291734844446,reviewed,
1177,39.2392,2712,2,car,0.1910306811332702,0.086181953549385,532.9624633789062,22.79295539855957,559.7897338867188,0.0059581086970865,0.5059037804603577,0.0118264444172382,0.0248400662094354,reviewed,
1177,39.2392,2715,2,car,0.3976846039295196,592.4977416992188,497.4114990234375,653.2178344726562,522.391357421875,0.3244051039218902,0.4721309542655945,0.0316250473260879,0.0231294985860586,reviewed,
1177,39.2392,2656,2,car,0.3627460896968841,346.8528137207031,518.10888671875,401.7640380859375,546.998291015625,0.1949522942304611,0.4931051731109619,0.0285995956510305,0.0267494488507509,reviewed,
1177,39.2392,2459,2,car,0.3466101884841919,294.93560791015625,518.7901611328125,349.3424072265625,549.1301879882812,0.167780727148056,0.494407594203949,0.0283368751406669,0.0280926171690225,reviewed,
1177,39.2392,2725,2,car,0.167143240571022,732.74072265625,494.6605529785156,750.2586059570312,514.8184814453125,0.3861977159976959,0.4673513770103454,0.0091238971799612,0.0186647493392229,reviewed,
1177,39.2392,2727,2,car,0.5334316492080688,1773.894287109375,456.6490173339844,1833.98583984375,489.6653747558594,0.939552128314972,0.4381085038185119,0.0312976837158203,0.030570700764656,reviewed,
1177,39.2392,2126,2,car,0.6640501022338867,53.03667068481445,518.5162963867188,136.74026489257812,569.5750122070312,0.0494210757315158,0.503745973110199,0.0435956232249736,0.0472765900194644,reviewed,
1178,39.27256666666667,749,2,car,0.9483165144920348,768.0161743164062,432.3692321777344,1235.8397216796875,764.0863647460938,0.5218374729156494,0.5539146065711975,0.2436580955982208,0.3071455061435699,reviewed,
1178,39.27256666666667,1292,2,car,0.8283244967460632,1279.566650390625,465.609130859375,1409.780029296875,519.1530151367188,0.7003507018089294,0.4559083878993988,0.0678194686770439,0.049577672034502,reviewed,
1178,39.27256666666667,2036,2,car,0.6232760548591614,426.6698303222656,507.2608642578125,499.5142211914063,538.8162841796875,0.2411937713623047,0.484294980764389,0.0379397869110107,0.0292179808020591,reviewed,
1178,39.27256666666667,2129,2,car,0.1782802194356918,388.3135070800781,512.54296875,425.86962890625,539.3967895507812,0.2120268493890762,0.4870091080665588,0.0195604804903268,0.024864649400115,reviewed,
1178,39.27256666666667,2092,2,car,0.1737818270921707,270.1536560058594,519.9053344726562,348.1094970703125,554.0812377929688,0.1610060334205627,0.4972160160541534,0.0406020022928714,0.0316443555057048,reviewed,
1178,39.27256666666667,2696,2,car,0.5131105184555054,691.2103271484375,496.2035217285156,739.0203857421875,518.2067260742188,0.3724559247493744,0.4696343839168548,0.024901071563363,0.0203733369708061,reviewed,
1178,39.27256666666667,2712,2,car,0.1924561858177185,0.0724305883049964,533.3123168945312,22.5146541595459,560.4554443359375,0.0058820531703531,0.5063740015029907,0.0116886589676141,0.0251325257122516,reviewed,
1178,39.27256666666667,2715,2,car,0.3300444483757019,592.5616455078125,496.3663635253906,652.2164916992188,522.7615356445312,0.3241609632968902,0.4718184769153595,0.0310702323913574,0.0244399737566709,reviewed,
1178,39.27256666666667,2656,2,car,0.363201230764389,347.0585632324219,518.3963623046875,402.4756164550781,547.2269287109375,0.1951911896467209,0.4933441281318664,0.0288630481809377,0.026694968342781,reviewed,
1178,39.27256666666667,2459,2,car,0.2926892638206482,296.1617736816406,518.9867553710938,349.8789367675781,549.6519165039062,0.1682397723197937,0.4947401285171509,0.0279776882380247,0.028393667191267,reviewed,
1178,39.27256666666667,2725,2,car,0.1618681997060775,730.9227294921875,494.7335205078125,749.73828125,514.8792724609375,0.3855887949466705,0.4674133360385895,0.0097997663542628,0.0186534747481346,reviewed,
1178,39.27256666666667,2727,2,car,0.5642632842063904,1766.3880615234375,453.1378784179688,1833.8616943359373,489.68304443359375,0.93756502866745,0.4364911615848541,0.0351425185799598,0.033838115632534,reviewed,
1178,39.27256666666667,2126,2,car,0.6381599307060242,52.78536605834961,519.0503540039062,136.36859130859375,569.8162841796875,0.0492588430643081,0.5041049718856812,0.0435329265892505,0.0470054894685745,reviewed,
1178,39.27256666666667,2734,2,car,0.4779493808746338,1360.763427734375,464.8061218261719,1462.72412109375,502.5644836425781,0.7352831959724426,0.4478567540645599,0.0531045272946357,0.0349614471197128,reviewed,
1179,39.305933333333336,749,2,car,0.9501320123672484,767.5763549804688,432.2477111816406,1235.3603515625,763.9952392578125,0.5215981006622314,0.5538161396980286,0.2436375021934509,0.3071736395359039,reviewed,
1179,39.305933333333336,1292,2,car,0.8542467951774597,1279.042236328125,465.6155090332031,1409.206787109375,518.7471923828125,0.7000648379325867,0.4557234644889831,0.0677940398454666,0.0491960048675537,reviewed,
1179,39.305933333333336,2036,2,car,0.6107219457626343,425.5924987792969,507.8497314453125,498.23480224609375,539.3128662109375,0.2405800223350525,0.4847975075244903,0.037834532558918,0.0291325319558382,reviewed,
1179,39.305933333333336,2129,2,car,0.1840206831693649,388.2315979003906,511.2745056152344,425.5679931640625,538.8762817382812,0.2119269669055938,0.4861809015274048,0.0194460395723581,0.0255571994930505,reviewed,
1179,39.305933333333336,2092,2,car,0.1753552854061126,270.4316711425781,520.111328125,347.43048095703125,554.0241088867188,0.1609016060829162,0.4972849488258362,0.0401035472750663,0.0314007215201854,reviewed,
1179,39.305933333333336,2696,2,car,0.5499805212020874,690.569580078125,496.2699279785156,737.773681640625,518.4434204101562,0.3719643950462341,0.4697747230529785,0.0245854686945676,0.0205310117453336,reviewed,
1179,39.305933333333336,2712,2,car,0.2549407482147217,0.0,534.82177734375,22.052419662475582,561.064208984375,0.0057428176514804,0.5073546171188354,0.0114856353029608,0.0242985486984252,reviewed,
1179,39.305933333333336,2715,2,car,0.3876679241657257,590.9658203125,495.9101257324219,650.6666870117188,523.3853759765625,0.323341816663742,0.471896082162857,0.0310942009091377,0.0254400465637445,reviewed,
1179,39.305933333333336,2656,2,car,0.3873030543327331,346.4314270019531,518.8854370117188,402.8544921875,547.512939453125,0.1951265335083007,0.4937029778957367,0.0293870139867067,0.0265069473534822,reviewed,
1179,39.305933333333336,2459,2,car,0.2416279464960098,297.67803955078125,519.5147094726562,348.8319091796875,549.8693237304688,0.1683619618415832,0.495085209608078,0.0266426410526037,0.0281061250716447,reviewed,
1179,39.305933333333336,2725,2,car,0.1664115786552429,727.490966796875,494.8277587890625,748.8610229492188,515.052978515625,0.384466677904129,0.467537373304367,0.0111302379518747,0.0187270548194646,reviewed,
1179,39.305933333333336,2727,2,car,0.7672178149223328,1757.5035400390625,450.6482849121094,1833.2080078125,489.5613098144531,0.9350811243057252,0.4352822303771972,0.0394294112920761,0.0360305793583393,reviewed,
1179,39.305933333333336,2126,2,car,0.656518280506134,51.26206207275391,519.1890869140625,136.1686553955078,570.6033325195312,0.0488100834190845,0.5045335292816162,0.0442221835255622,0.0476057827472686,reviewed,
1179,39.305933333333336,2734,2,car,0.6066368222236633,1368.4193115234375,465.5970764160156,1469.2430419921875,501.2933349609375,0.7389745712280273,0.4476344287395477,0.0525123588740825,0.0330520905554294,reviewed,
1179,39.305933333333336,2735,2,car,0.4852850437164306,799.472900390625,486.1925964355469,830.0952758789062,510.1838073730469,0.424366682767868,0.4612853825092315,0.0159491542726755,0.0222140848636627,reviewed,
1180,39.3393,749,2,car,0.94623202085495,766.8256225585938,431.9332275390625,1234.804931640625,763.9176025390625,0.5212579965591431,0.5536346435546875,0.2437392175197601,0.3073929250240326,reviewed,
1180,39.3393,1292,2,car,0.8408064246177673,1278.4368896484375,465.5188903808594,1408.554931640625,518.344482421875,0.6997374296188354,0.4554923176765442,0.0677698105573654,0.0489125847816467,reviewed,
1180,39.3393,2036,2,car,0.5755717158317566,425.00341796875,507.7046508789063,498.3346862792969,539.5303955078125,0.2404526323080063,0.4848310649394989,0.038193367421627,0.0294682811945676,reviewed,
1180,39.3393,2129,2,car,0.2355607599020004,388.4282836914063,511.6752014160156,424.840576171875,538.9639892578125,0.2117887586355209,0.4864070117473602,0.0189647357910871,0.0252673961222171,reviewed,
1180,39.3393,2092,2,car,0.3253576457500458,269.9288330078125,520.1550903320312,347.0094909667969,553.4993896484375,0.1606610268354416,0.4970622956752777,0.0401461757719516,0.0308743510395288,reviewed,
1180,39.3393,2696,2,car,0.568934440612793,689.9933471679688,496.2373352050781,738.3684692382812,518.74462890625,0.3719692230224609,0.4698990285396576,0.0251953769475221,0.020840086042881,reviewed,
1180,39.3393,2712,2,car,0.1710188686847686,0.0,536.83935546875,21.49677848815918,561.4408569335938,0.0055981194600462,0.5084630846977234,0.0111962389200925,0.0227791685611009,reviewed,
1180,39.3393,2715,2,car,0.4213669598102569,590.1165771484375,496.7052307128906,647.7438354492188,523.4100341796875,0.3223594725131988,0.4722755849361419,0.0300141964107751,0.0247266702353954,reviewed,
1180,39.3393,2656,2,car,0.4727438390254974,345.8402099609375,519.2327880859375,403.5626831054688,547.8583374023438,0.1951570063829422,0.4940236508846283,0.0300637874752283,0.0265051387250423,reviewed,
1180,39.3393,2459,2,car,0.3922090530395508,300.5111083984375,519.9205932617188,347.8819580078125,550.0844116210938,0.1688523590564727,0.4953726828098297,0.0246723182499408,0.0279294606298208,reviewed,
1180,39.3393,2725,2,car,0.1713377833366394,727.6029052734375,494.8225708007813,748.36669921875,515.20068359375,0.3843670785427093,0.4676033556461334,0.010814475826919,0.0188686233013868,reviewed,
1180,39.3393,2727,2,car,0.7033777832984924,1748.5098876953125,449.58197021484375,1833.2003173828125,489.3642578125,0.9327370524406432,0.4346973299980163,0.0441095978021621,0.0368354506790638,reviewed,
1180,39.3393,2126,2,car,0.7037465572357178,49.84317779541016,519.5769653320312,135.27174377441406,571.1593017578125,0.0482070110738277,0.5049705505371094,0.0444940440356731,0.0477614216506481,reviewed,
1180,39.3393,2734,2,car,0.7175072431564331,1380.665771484375,466.13519287109375,1478.9183349609375,502.7027893066406,0.7446833252906799,0.4485361278057098,0.0511732101440429,0.0338588841259479,reviewed,
1180,39.3393,2735,2,car,0.3927438855171203,796.9012451171875,487.9040222167969,829.9857177734375,510.59271240234375,0.4236684739589691,0.4622669816017151,0.0172314960509538,0.0210080463439226,reviewed,
1181,39.37266666666667,749,2,car,0.9437645673751832,766.3175659179688,431.60833740234375,1234.4747314453125,763.76123046875,0.5210396647453308,0.5534118413925171,0.2438318580389022,0.3075489699840545,reviewed,
1181,39.37266666666667,1292,2,car,0.8468485474586487,1277.9327392578125,465.6782836914063,1408.2882080078125,518.0654296875,0.6995366811752319,0.4554369151592254,0.0678934752941131,0.0485066175460815,reviewed,
1181,39.37266666666667,2036,2,car,0.5696088075637817,424.9775390625,507.5474548339844,498.0671691894531,539.5281982421875,0.2403762191534042,0.4847572743892669,0.0380675159394741,0.029611799865961,reviewed,
1181,39.37266666666667,2129,2,car,0.2543818056583404,389.6258544921875,512.3242797851562,424.36865234375,539.2617797851562,0.2119777351617813,0.4868454039096832,0.0180952064692974,0.0249421298503875,reviewed,
1181,39.37266666666667,2092,2,car,0.3002127707004547,269.75457763671875,520.192626953125,347.3531799316406,553.097900390625,0.1607051491737365,0.4968937635421753,0.0404159389436244,0.0304678454995155,reviewed,
1181,39.37266666666667,2696,2,car,0.5653027296066284,689.680419921875,496.1896057128906,738.2893676757812,518.7595825195312,0.3718671202659607,0.4698838889598846,0.0253171604126691,0.020898126065731,reviewed,
1181,39.37266666666667,2712,2,car,0.1567455679178238,0.0515457540750503,537.3448486328125,21.41236686706543,561.6546020507812,0.0055895606055855,0.5087960958480835,0.0111254276707768,0.0225090309977531,reviewed,
1181,39.37266666666667,2656,2,car,0.5025818347930908,345.41668701171875,519.6263427734375,403.6408081054688,547.989990234375,0.1950670629739761,0.4942668080329895,0.030325062572956,0.0262626372277736,reviewed,
1181,39.37266666666667,2459,2,car,0.3983310163021087,307.6111145019531,520.3950805664062,347.9603881835937,549.0879516601562,0.1707217544317245,0.4951310455799103,0.0210152473300695,0.0265674740076065,reviewed,
1181,39.37266666666667,2725,2,car,0.1606133729219436,727.7841796875,494.8367919921875,747.9656372070312,515.136962890625,0.3843098282814026,0.4675804376602173,0.0105111757293343,0.0187964551150798,reviewed,
1181,39.37266666666667,2727,2,car,0.6905397176742554,1742.720703125,449.0925903320313,1833.3663330078125,488.945068359375,0.9312726259231568,0.4342767000198364,0.0472112670540809,0.0369004420936107,reviewed,
1181,39.37266666666667,2126,2,car,0.7020491361618042,48.51469039916992,519.7728271484375,135.41659545898438,571.4470825195312,0.0478987731039524,0.5051944255828857,0.0452614054083824,0.047846533358097,reviewed,
1181,39.37266666666667,2734,2,car,0.7662259936332703,1390.2091064453125,465.7447509765625,1490.1688232421875,503.92388916015625,0.7500984072685242,0.4489206671714782,0.0520623512566089,0.0353510528802871,reviewed,
1181,39.37266666666667,2735,2,car,0.4494122266769409,793.4923095703125,485.8505554199219,830.4906005859375,511.4302062988281,0.4229122102260589,0.4617040455341339,0.0192699432373046,0.023684861138463,reviewed,
1182,39.40603333333333,749,2,car,0.9433324337005616,766.08642578125,431.5998229980469,1234.53076171875,763.7188720703125,0.5209940671920776,0.5533882975578308,0.2439814209938049,0.3075176477432251,reviewed,
1182,39.40603333333333,1292,2,car,0.8264656066894531,1277.563720703125,465.5802307128906,1409.3060302734375,518.364013671875,0.6997056603431702,0.4555297195911407,0.0686157867312431,0.0488738715648651,reviewed,
1182,39.40603333333333,2036,2,car,0.5593675971031189,424.9696044921875,507.6463012695313,497.6312255859375,539.4328002929688,0.2402606308460235,0.4847588539123535,0.0378445945680141,0.0294319428503513,reviewed,
1182,39.40603333333333,2129,2,car,0.2041507810354232,389.1427612304688,512.5038452148438,424.1984558105469,539.8905639648438,0.2118075937032699,0.4872196316719055,0.018258174881339,0.025358073413372,reviewed,
1182,39.40603333333333,2092,2,car,0.265210896730423,269.9844970703125,520.1046142578125,348.2631530761719,553.1082153320312,0.1610019952058792,0.4968578219413757,0.0407701320946216,0.0305588897317647,reviewed,
1182,39.40603333333333,2696,2,car,0.5656959414482117,689.651611328125,496.0934753417969,738.338623046875,518.8655395507812,0.3718724548816681,0.4698884189128876,0.0253578182309865,0.0210852455347776,reviewed,
1182,39.40603333333333,2712,2,car,0.1869431436061859,0.1558140367269516,537.3937377929688,21.26548385620117,561.840087890625,0.0055784629657864,0.5089045763015747,0.0109946196898818,0.0226355101913213,reviewed,
1182,39.40603333333333,2656,2,car,0.4706227779388428,345.2908935546875,519.4495239257812,404.14654541015625,548.1876220703125,0.1951660066843032,0.4942764937877655,0.0306539852172136,0.0266093499958515,reviewed,
1182,39.40603333333333,2459,2,car,0.3696258962154388,309.6058654785156,520.4053344726562,348.08160400390625,548.7926635742188,0.1712727844715118,0.4949990808963775,0.0200394466519355,0.0262845642864704,reviewed,
1182,39.40603333333333,2725,2,car,0.1684826612472534,728.5755004882812,494.8272399902344,747.9009399414062,515.419677734375,0.3844990730285644,0.4677069187164306,0.0100653329864144,0.019067071378231,reviewed,
1182,39.40603333333333,2727,2,car,0.7165629267692566,1737.5352783203125,448.6970520019531,1833.7515869140625,488.9608459472656,0.9300225973129272,0.434100866317749,0.0501126609742641,0.0372812896966934,reviewed,
1182,39.40603333333333,2126,2,car,0.6484111547470093,48.20488739013672,519.6320190429688,135.60400390625,571.6331176757812,0.0478668995201587,0.5052153468132019,0.0455203726887702,0.0481491647660732,reviewed,
1182,39.40603333333333,2734,2,car,0.7696359753608704,1397.1513671875,465.8361206054688,1501.978759765625,502.2568054199219,0.7549818158149719,0.4481911659240722,0.0545976012945175,0.0337228551506996,reviewed,
1182,39.40603333333333,2735,2,car,0.5134133100509644,791.14208984375,484.4337158203125,831.175048828125,511.7328796386719,0.4224784076213836,0.46118825674057,0.0208505000919103,0.0252770036458969,reviewed,
1182,39.40603333333333,2662,2,car,0.5046349763870239,589.03955078125,499.8292236328125,645.1355590820312,524.0267944335938,0.3213997483253479,0.4740074276924133,0.0292166713625192,0.0224051587283611,reviewed,
1183,39.4394,749,2,car,0.9424222707748412,765.9118041992188,431.4637451171875,1234.4573974609375,763.6083984375,0.5209294557571411,0.5532741546630859,0.2440341562032699,0.3075413405895233,reviewed,
1183,39.4394,1292,2,car,0.8036667704582214,1277.5113525390625,465.3115539550781,1408.783447265625,518.4842529296875,0.6995559930801392,0.4554609954357147,0.0683708861470222,0.0492339804768562,reviewed,
1183,39.4394,2036,2,car,0.5159019231796265,424.8014831542969,507.8657531738281,497.8713073730469,539.5628662109375,0.2402793765068054,0.4849206507205963,0.0380572006106376,0.0293491780757904,reviewed,
1183,39.4394,2129,2,car,0.1898996084928512,387.92626953125,513.0634155273438,423.9413757324219,540.9507446289062,0.2114238739013672,0.4879695177078247,0.0187578685581684,0.0258216001093387,reviewed,
1183,39.4394,2092,2,car,0.2259899526834488,271.0269775390625,520.3871459960938,347.84442138671875,553.0402221679688,0.1611644327640533,0.4969571232795715,0.0400090850889682,0.0302343294024467,reviewed,
1183,39.4394,2696,2,car,0.5797668695449829,689.4795532226562,496.0681457519531,738.7919921875,519.0205688476562,0.371945708990097,0.4699485003948211,0.0256835613399744,0.021252242848277,reviewed,
1183,39.4394,2712,2,car,0.1803082674741745,0.1296762377023697,537.701416015625,21.038204193115234,562.3248291015625,0.0055124689824879,0.5092713832855225,0.010889858007431,0.0227994564920663,reviewed,
1183,39.4394,2656,2,car,0.4683926105499267,345.351318359375,519.5220336914062,404.8858642578125,548.478271484375,0.1953742653131485,0.4944445490837097,0.0310075767338275,0.0268113315105438,reviewed,
1183,39.4394,2459,2,car,0.3668530881404876,304.0392761230469,520.1704711914062,347.7723083496094,548.7601318359375,0.1697425991296768,0.4948753118515014,0.0227776207029819,0.0264719072729349,reviewed,
1183,39.4394,2725,2,car,0.1619259119033813,728.3431396484375,495.0976867675781,747.5927734375,515.7808227539062,0.3843583166599273,0.4679993093013763,0.0100258504971861,0.0191510524600744,reviewed,
1183,39.4394,2727,2,car,0.6913009881973267,1734.5545654296875,448.3872375488281,1833.786865234375,489.7178649902344,0.9292555451393129,0.4343079030513763,0.0516834892332553,0.0382690988481044,reviewed,
1183,39.4394,2126,2,car,0.6680883169174194,47.61871719360352,520.0922241210938,135.25338745117188,571.876708984375,0.0476229414343833,0.505541205406189,0.0456430576741695,0.0479485988616943,reviewed,
1183,39.4394,2734,2,car,0.7367932796478271,1400.683349609375,466.06103515625,1512.760498046875,501.406982421875,0.7587093114852905,0.4479018747806549,0.0583735145628452,0.0327277295291423,reviewed,
1183,39.4394,2735,2,car,0.4180099964141845,786.0442504882812,484.270751953125,830.8175048828125,511.6853332519531,0.4210577607154846,0.4610907733440399,0.0233194027096033,0.0253838710486888,reviewed,
1183,39.4394,2662,2,car,0.4172172248363495,588.8550415039062,499.3163757324219,644.7514038085938,524.658935546875,0.3212516903877258,0.4740626513957977,0.0291126891970634,0.0234653335064649,reviewed,
1184,39.472766666666665,749,2,car,0.9434650540351868,765.480712890625,431.3698120117188,1234.1651611328125,763.931884765625,0.5207411050796509,0.5533804297447205,0.2441064864397049,0.3079278469085693,reviewed,
1184,39.472766666666665,1292,2,car,0.8314441442489624,1277.373779296875,465.3617858886719,1407.7491455078125,518.3466186523438,0.6992508172988892,0.4554205536842346,0.0679038390517234,0.0490600317716598,reviewed,
1184,39.472766666666665,2036,2,car,0.5289148092269897,424.1883239746094,508.6128234863281,498.4937744140625,539.838623046875,0.24028180539608,0.4853941798210144,0.0387007556855678,0.0289127770811319,reviewed,
1184,39.472766666666665,2129,2,car,0.2149228900671005,387.47021484375,515.041748046875,424.0078125,541.9067993164062,0.211322396993637,0.489327996969223,0.0190299991518259,0.024875046685338,reviewed,
1184,39.472766666666665,2092,2,car,0.1752718538045883,273.2707824707031,521.0457763671875,346.8229064941406,553.5905151367188,0.1614827364683151,0.49751678109169,0.0383083969354629,0.0301340166479349,reviewed,
1184,39.472766666666665,2696,2,car,0.6057248115539551,688.8883666992188,496.6251831054688,739.125732421875,519.3796997070312,0.3718786835670471,0.4703726172447204,0.0261652953922748,0.0210689976811409,reviewed,
1184,39.472766666666665,2712,2,car,0.1390774846076965,0.0397143997251987,537.457275390625,20.345577239990234,562.5133666992188,0.0053086699917912,0.5092456936836243,0.0105759697034955,0.0232000853866338,reviewed,
1184,39.472766666666665,2656,2,car,0.3994153439998626,344.64874267578125,518.566650390625,406.3371887207031,549.0003662109375,0.1955692619085312,0.4942439794540405,0.0321293994784355,0.0281793661415576,reviewed,
1184,39.472766666666665,2459,2,car,0.2983548045158386,304.4897155761719,520.5323486328125,347.4261169433594,548.6290283203125,0.169769749045372,0.4949821233749389,0.0223627090454101,0.026015443727374,reviewed,
1184,39.472766666666665,2725,2,car,0.1446368545293808,728.4330444335938,495.263671875,747.4274291992188,516.1458129882812,0.3843386769294739,0.46824511885643,0.0098929088562726,0.0193353164941072,reviewed,
1184,39.472766666666665,2727,2,car,0.6884346604347229,1733.2823486328125,447.8644409179688,1832.9039306640625,490.1131286621094,0.9286943674087524,0.4342488646507263,0.0518862418830394,0.039119154214859,reviewed,
1184,39.472766666666665,2126,2,car,0.6741878986358643,46.7216911315918,521.0460815429688,133.7262420654297,572.0180053710938,0.0469916500151157,0.5060482025146484,0.0453148670494556,0.0471962243318557,reviewed,
1184,39.472766666666665,2734,2,car,0.8292786478996277,1403.243896484375,466.0732727050781,1523.0751953125,502.9990234375,0.7620622515678406,0.4486445784568786,0.0624121353030204,0.034190509468317,reviewed,
1184,39.472766666666665,2735,2,car,0.6301516890525818,782.38671875,484.6455383300781,829.978515625,511.5368347167969,0.4198867678642273,0.4611955285072326,0.0247873943299055,0.0248993486166,reviewed,
1184,39.472766666666665,2662,2,car,0.4797628819942474,588.9931640625,498.9900817871094,643.7777099609375,524.8313598632812,0.3210340738296509,0.4739913940429687,0.0285336170345544,0.0239271093159914,reviewed,
1185,39.50613333333333,749,2,car,0.9442261457443236,764.9617309570312,431.6692199707031,1233.758056640625,763.908447265625,0.5204999446868896,0.5535081624984741,0.2441647499799728,0.3076288998126983,reviewed,
1185,39.50613333333333,1292,2,car,0.8351389765739441,1276.6495361328125,464.93011474609375,1406.969482421875,517.9423828125,0.6988591551780701,0.4550335705280304,0.067874975502491,0.049085434526205,reviewed,
1185,39.50613333333333,2036,2,car,0.6193132400512695,423.9979248046875,509.3728942871094,498.6930236816406,540.297607421875,0.2402841001749038,0.4859585762023926,0.0389036983251571,0.0286339931190013,reviewed,
1185,39.50613333333333,2129,2,car,0.2161800265312194,386.8181457519531,516.0255737304688,423.3509826660156,542.3740234375,0.210981547832489,0.4899998307228088,0.0190275199711322,0.0243967119604349,reviewed,
1185,39.50613333333333,2092,2,car,0.1712462604045868,275.0723876953125,521.7459716796875,345.72100830078125,553.8995361328125,0.1616649478673935,0.4979840219020843,0.0367961563169956,0.0297718197107315,reviewed,
1185,39.50613333333333,2696,2,car,0.617315948009491,688.427978515625,496.9269714355469,739.8089599609375,519.4804077148438,0.3719367086887359,0.4705589711666107,0.0267609283328056,0.020882811397314,reviewed,
1185,39.50613333333333,2656,2,car,0.4288172423839569,343.5170288085937,518.3825073242188,410.818603515625,549.2216796875,0.196441575884819,0.494261234998703,0.03505290299654,0.0285547897219657,reviewed,
1185,39.50613333333333,2459,2,car,0.2668148577213287,306.3186340332031,521.0111083984375,346.1659545898437,547.8255004882812,0.1699178665876388,0.4948318004608154,0.0207538120448589,0.02482814155519,reviewed,
1185,39.50613333333333,2725,2,car,0.1417128294706344,727.2158203125,495.33050537109375,747.0831298828125,516.4368896484375,0.3839320242404938,0.4684108197689056,0.0103475572541356,0.0195429492741823,reviewed,
1185,39.50613333333333,2727,2,car,0.6959734559059143,1715.55126953125,447.0320129394531,1831.6024169921875,491.78411865234375,0.9237379431724548,0.4346370995044708,0.0604433044791221,0.0414371341466903,reviewed,
1185,39.50613333333333,2126,2,car,0.6630376577377319,46.06473159790039,521.3421020507812,132.87339782714844,572.31640625,0.0465984717011451,0.5063233375549316,0.0452128499746322,0.0471984297037124,reviewed,
1185,39.50613333333333,2734,2,car,0.8374339938163757,1405.31640625,466.2127990722656,1532.673095703125,502.5363464355469,0.765101432800293,0.4484949707984924,0.06633161008358,0.0336329154670238,reviewed,
1185,39.50613333333333,2735,2,car,0.6043838858604431,777.68994140625,484.7097473144531,828.9627685546875,511.5563659667969,0.4183991551399231,0.461234301328659,0.0267045982182025,0.0248579811304807,reviewed,
1185,39.50613333333333,2662,2,car,0.5608411431312561,588.06982421875,499.8320617675781,642.4426879882812,525.0108032226562,0.3204459547996521,0.4744642972946167,0.0283192005008459,0.0233136489987373,reviewed,
1186,39.5395,749,2,car,0.9413955211639404,763.2338256835938,430.4917602539063,1233.1055908203125,764.6311645507812,0.5198800563812256,0.5532976388931274,0.2447248846292495,0.3093883395195007,reviewed,
1186,39.5395,1292,2,car,0.8353264331817627,1276.431396484375,464.1526184082031,1407.166748046875,517.7080078125,0.6988536715507507,0.4545650780200958,0.0680913254618644,0.0495883226394653,reviewed,
1186,39.5395,2036,2,car,0.6723172068595886,424.5509033203125,510.0649108886719,498.5273132324219,540.1990966796875,0.240384966135025,0.4862333536148071,0.0385293811559677,0.0279020238667726,reviewed,
1186,39.5395,2129,2,car,0.2711010873317718,385.5107116699219,516.687255859375,422.1556091308594,542.4793701171875,0.2103297710418701,0.4903549253940582,0.0190858840942382,0.0238815881311893,reviewed,
1186,39.5395,2092,2,car,0.3241234123706817,283.547607421875,521.5030517578125,345.5780944824219,551.5159912109375,0.1638348251581192,0.4967680871486664,0.0323075465857982,0.0277897585183382,reviewed,
1186,39.5395,2696,2,car,0.6010542511940002,687.8917236328125,497.4016723632813,740.4440307617188,519.5323486328125,0.3719624280929565,0.4708027839660644,0.0273709930479526,0.0204913672059774,reviewed,
1186,39.5395,2656,2,car,0.4353863894939422,342.2525329589844,517.4052124023438,416.5210571289063,549.4065551757812,0.1975972801446914,0.4938943386077881,0.0386815220117569,0.0296308733522892,reviewed,
1186,39.5395,2459,2,car,0.3279618620872497,307.2254333496094,521.6813354492188,345.6390380859375,548.99169921875,0.1700167953968048,0.4956820011138916,0.0200070850551128,0.0252873729914426,reviewed,
1186,39.5395,2725,2,car,0.1473003327846527,722.1137084960938,495.6166687011719,746.43408203125,516.56298828125,0.3824343383312225,0.4686017036437988,0.012666861526668,0.0193947404623031,reviewed,
1186,39.5395,2727,2,car,0.6997799873352051,1703.5533447265625,447.8860473632813,1830.397216796875,491.3599853515625,0.9202996492385864,0.4348361194133758,0.0660645142197609,0.040253646671772,reviewed,
1186,39.5395,2126,2,car,0.5873175263404846,45.2297477722168,521.8817138671875,132.2439422607422,572.2581787109375,0.046217106282711,0.5065462589263916,0.0453198924660682,0.0466448739171028,reviewed,
1186,39.5395,2734,2,car,0.8175334930419922,1410.998046875,465.688232421875,1544.05126953125,501.9470825195313,0.7695440649986267,0.4479793012142181,0.0692985504865646,0.0335730090737342,reviewed,
1186,39.5395,2735,2,car,0.6155463457107544,774.1647338867188,484.5012817382813,827.831787109375,511.52392578125,0.4171866178512573,0.4611227810382843,0.0279515907168388,0.0250209663063287,reviewed,
1186,39.5395,2662,2,car,0.546083390712738,586.9594116210938,499.92181396484375,641.8826904296875,524.44189453125,0.3200109601020813,0.4742424786090851,0.0286058746278285,0.0227037779986858,reviewed,
1187,39.57286666666667,749,2,car,0.9409230947494508,762.2290649414062,430.1340942382813,1232.933349609375,764.849853515625,0.5195735096931458,0.55323326587677,0.2451584786176681,0.3099220097064972,reviewed,
1187,39.57286666666667,1292,2,car,0.85061115026474,1276.3487548828125,463.5915832519531,1407.1766357421875,517.6693725585938,0.6988347172737122,0.4542874991893768,0.0681395232677459,0.0500720255076885,reviewed,
1187,39.57286666666667,2036,2,car,0.658616304397583,424.6147766113281,510.2672119140625,498.5989074707031,540.2747192382812,0.2404202371835708,0.4863620400428772,0.0385334007441997,0.0277847293764352,reviewed,
1187,39.57286666666667,2129,2,car,0.2886370420455932,384.8078002929688,516.9878540039062,421.4182739257813,542.839111328125,0.2099547088146209,0.4906606078147888,0.0190679542720317,0.0239363498985767,reviewed,
1187,39.57286666666667,2092,2,car,0.3428280055522918,289.6014709472656,521.4589233398438,345.7486877441406,550.5264892578125,0.1654557734727859,0.4962895214557647,0.0292433425784111,0.0269144121557474,reviewed,
1187,39.57286666666667,2696,2,car,0.6099104285240173,687.3556518554688,497.490478515625,740.4661865234375,519.7316284179688,0.3718285858631134,0.4709361493587494,0.0276617370545864,0.0205936580896377,reviewed,
1187,39.57286666666667,2656,2,car,0.4431711137294769,341.5482482910156,515.257080078125,419.1863403320313,549.5267333984375,0.198107972741127,0.4929554760456085,0.0404365062713623,0.0317311622202396,reviewed,
1187,39.57286666666667,2459,2,car,0.1906563192605972,308.2372436523437,522.438232421875,345.6072998046875,549.53759765625,0.170272022485733,0.4962851107120514,0.0194635707885026,0.0250920057296752,reviewed,
1187,39.57286666666667,2725,2,car,0.1469137370586395,721.9559326171875,495.6409301757813,746.0574951171875,516.4501953125,0.382295161485672,0.4685606956481933,0.0125528974458575,0.019267838448286,reviewed,
1187,39.57286666666667,2727,2,car,0.7109903693199158,1694.3289794921875,448.4733581542969,1829.740966796875,490.5826416015625,0.9177265167236328,0.4347481727600097,0.0705270767211914,0.0389900766313076,reviewed,
1187,39.57286666666667,2126,2,car,0.5473270416259766,44.54373550415039,522.0509033203125,132.168212890625,572.31103515625,0.0460187345743179,0.5066490173339844,0.0456377491354942,0.046537160873413,reviewed,
1187,39.57286666666667,2734,2,car,0.8015301823616028,1420.1767578125,465.18115234375,1554.4393310546875,500.53912353515625,0.7746396660804749,0.4470927119255066,0.0699284225702285,0.0327388606965541,reviewed,
1187,39.57286666666667,2735,2,car,0.6193662881851196,772.0980834960938,485.00244140625,826.7384033203125,511.6901550292969,0.4163636565208435,0.4614317715167999,0.0284585002809762,0.0247108452022075,reviewed,
1187,39.57286666666667,2662,2,car,0.5503562688827515,585.8242797851562,500.3747863769531,641.8495483398438,524.4948120117188,0.3197067379951477,0.4744766652584076,0.0291798282414674,0.0223333574831485,reviewed,
1187,39.57286666666667,2366,2,car,0.3131091594696045,204.06692504882807,523.0503540039062,339.65087890625,561.0151977539062,0.1415931731462478,0.5018821954727173,0.070616640150547,0.0351526327431201,reviewed,
1188,39.606233333333336,749,2,car,0.9419376850128174,761.8323974609375,429.9483642578125,1232.7703857421875,764.9404907226562,0.5194278359413147,0.5531893372535706,0.2452802062034607,0.3101778924465179,reviewed,
1188,39.606233333333336,1292,2,car,0.8558170199394226,1276.3984375,463.2047424316406,1407.2464599609375,517.6730346679688,0.6988658905029297,0.4541100859642029,0.0681500136852264,0.0504336021840572,reviewed,
1188,39.606233333333336,2036,2,car,0.6523423790931702,424.86907958984375,510.40570068359375,498.4155578613281,540.2521362304688,0.2404387146234512,0.4864156544208526,0.0383054576814174,0.0276355892419815,reviewed,
1188,39.606233333333336,2129,2,car,0.3050225079059601,384.3512878417969,517.3402709960938,421.0470275878906,543.1065063476562,0.2097391486167907,0.4909475743770599,0.0191123653203248,0.0238576252013444,reviewed,
1188,39.606233333333336,2092,2,car,0.3604406714439392,290.25390625,521.4685668945312,346.06231689453125,550.3088989257812,0.1657073497772216,0.4961932599544525,0.0290668811649084,0.0267040114849805,reviewed,
1188,39.606233333333336,2696,2,car,0.6180701851844788,687.3289794921875,497.4822082519531,740.8739624023438,519.756591796875,0.3719278275966644,0.4709438681602478,0.0278880111873149,0.020624428987503,reviewed,
1188,39.606233333333336,2656,2,car,0.4228869974613189,341.1171875,513.11376953125,420.6343078613281,549.5814208984375,0.1983727812767028,0.4919885098934173,0.0414151661098003,0.0337663441896438,reviewed,
1188,39.606233333333336,2459,2,car,0.1539872288703918,307.3924865722656,522.6201171875,346.23065185546875,549.847900390625,0.170214369893074,0.4965129792690277,0.0202282108366489,0.0252109095454216,reviewed,
1188,39.606233333333336,2725,2,car,0.1620372384786605,720.6845092773438,495.868896484375,746.2562255859375,516.4318237304688,0.3820157945156097,0.4686577320098877,0.0133186019957065,0.0190397482365369,reviewed,
1188,39.606233333333336,2727,2,car,0.7158393263816833,1686.9200439453125,448.6726684570313,1829.590576171875,490.9081115722656,0.9157580137252808,0.4349911212921142,0.0743075683712959,0.0391068905591964,reviewed,
1188,39.606233333333336,2126,2,car,0.5737842917442322,44.28624725341797,522.1576538085938,132.0359649658203,572.3919677734375,0.0459172390401363,0.5067359209060669,0.0457029789686203,0.0465132519602775,reviewed,
1188,39.606233333333336,2734,2,car,0.851089596748352,1429.57373046875,464.5518493652344,1564.4366455078125,499.7076721191406,0.779690146446228,0.446416437625885,0.0702411010861396,0.0325516872107982,reviewed,
1188,39.606233333333336,2735,2,car,0.6280947327613831,768.5097045898438,485.0884399414063,825.8783569335938,512.0256958007812,0.4152052104473114,0.4616269171237945,0.0298795066773891,0.0249419044703245,reviewed,
1188,39.606233333333336,2662,2,car,0.5513548254966736,585.3948974609375,500.3547668457031,641.7781372070312,524.6063842773438,0.3195763230323791,0.4745190739631653,0.0293662715703248,0.0224552005529403,reviewed,
1188,39.606233333333336,2366,2,car,0.3556155562400818,203.60777282714844,523.2144775390625,340.8061218261719,561.1620483398438,0.141774445772171,0.5020261406898499,0.0714574754238128,0.0351366400718688,reviewed,
1189,39.6396,749,2,car,0.941415786743164,761.642333984375,429.92681884765625,1232.5535888671875,764.9425048828125,0.519321858882904,0.5531802773475647,0.2452662736177444,0.3101997077465057,reviewed,
1189,39.6396,1292,2,car,0.8695352077484131,1276.2513427734375,462.8741149902344,1407.12060546875,517.5725708007812,0.6987947821617126,0.4539104998111725,0.0681610777974128,0.0506467185914516,reviewed,
1189,39.6396,2036,2,car,0.6336073279380798,424.8454895019531,510.4022521972656,498.8148193359375,540.4932861328125,0.2405365258455276,0.486525684595108,0.0385256931185722,0.0278620682656765,reviewed,
1189,39.6396,2129,2,car,0.3263412415981293,384.14691162109375,517.372802734375,420.8431091308594,543.312744140625,0.2096328139305114,0.4910581111907959,0.019112603738904,0.0240184646099805,reviewed,
1189,39.6396,2092,2,car,0.3300807476043701,290.7557067871094,521.527099609375,346.128173828125,550.1724853515625,0.1658551841974258,0.4961572289466858,0.0288398265838623,0.0265235044062137,reviewed,
1189,39.6396,2696,2,car,0.6210418343544006,687.2994995117188,497.4363403320313,741.0831909179688,519.7767333984375,0.3719746470451355,0.4709319770336151,0.0280123390257358,0.0206855498254299,reviewed,
1189,39.6396,2656,2,car,0.4129237830638885,341.0848999023437,513.2333984375,420.373046875,549.698486328125,0.1982963383197784,0.4920980930328369,0.0412959083914756,0.0337639711797237,reviewed,
1189,39.6396,2459,2,car,0.1375893801450729,308.3253173828125,522.8645629882812,346.728759765625,549.8853149414062,0.1705870032310485,0.496643453836441,0.0200017932802438,0.0250192154198884,reviewed,
1189,39.6396,2725,2,car,0.1638150513172149,715.18212890625,495.9176330566406,746.0704956054688,516.4794311523438,0.3805345594882965,0.4687023460865021,0.0160876903682947,0.0190387014299631,reviewed,
1189,39.6396,2727,2,car,0.7394436001777649,1679.539794921875,448.918701171875,1827.632080078125,490.52838134765625,0.9133260250091552,0.4349291920661926,0.0771313980221748,0.0385274812579155,reviewed,
1189,39.6396,2126,2,car,0.5349133610725403,43.031036376953125,522.0017700195312,131.8812255859375,572.7943115234375,0.0455500669777393,0.5068500638008118,0.0462761409580707,0.0470301322638988,reviewed,
1189,39.6396,2734,2,car,0.815665066242218,1438.9542236328125,464.0906066894531,1575.5245361328125,499.14349365234375,0.7850205302238464,0.4459417164325714,0.0711303725838661,0.0324563756585121,reviewed,
1189,39.6396,2735,2,car,0.6227425932884216,766.117919921875,484.94189453125,826.1535034179688,511.8517150878906,0.4146540462970733,0.4614785015583038,0.0312685333192348,0.0249164998531341,reviewed,
1189,39.6396,2662,2,car,0.4901610314846039,585.033203125,500.8338317871094,642.1201171875,525.34228515625,0.3195711672306061,0.4750815629959106,0.0297327674925327,0.0226930119097232,reviewed,
1189,39.6396,2366,2,car,0.2381693869829177,203.2061309814453,523.7177124023438,340.72491455078125,561.3414916992188,0.1416487097740173,0.5023422241210938,0.0716243684291839,0.0348368324339389,reviewed,
1190,39.67296666666667,749,2,car,0.9429208636283876,761.4900512695312,430.0753784179688,1232.09326171875,764.810302734375,0.5191622972488403,0.5531878471374512,0.2451058328151703,0.3099397420883178,reviewed,
1190,39.67296666666667,1292,2,car,0.8623079657554626,1275.697021484375,463.2459716796875,1406.4105224609375,517.6931762695312,0.6984654664993286,0.4541384875774383,0.0680799484252929,0.050414077937603,reviewed,
1190,39.67296666666667,2036,2,car,0.6178027391433716,423.7564086914063,510.8694763183594,498.8790893554688,540.6678466796875,0.240269660949707,0.4868228435516357,0.0391263961791992,0.0275910831987857,reviewed,
1190,39.67296666666667,2129,2,car,0.3151892125606537,383.70062255859375,517.4746704101562,420.134765625,543.0415649414062,0.209332138299942,0.4909797310829162,0.0189761165529489,0.0236730501055717,reviewed,
1190,39.67296666666667,2092,2,car,0.2015497386455536,289.481201171875,521.1080322265625,346.02691650390625,548.0377807617188,0.1654969006776809,0.4949748814105987,0.0294508934020996,0.0249349530786275,reviewed,
1190,39.67296666666667,2696,2,car,0.6040182709693909,687.0830078125,497.5150451660156,741.7469482421875,519.961181640625,0.372091144323349,0.471053808927536,0.0284708030521869,0.0207834597676992,reviewed,
1190,39.67296666666667,2656,2,car,0.4074837565422058,341.2896728515625,516.7360229492188,416.4178161621094,549.9083862304688,0.19731967151165,0.4938168525695801,0.0391292423009872,0.030715150758624,reviewed,
1190,39.67296666666667,2459,2,car,0.3149471879005432,304.6419677734375,522.5140380859375,346.144775390625,549.77783203125,0.169475719332695,0.4964314103126526,0.0216160453855991,0.0252442527562379,reviewed,
1190,39.67296666666667,2725,2,car,0.1480325311422348,716.0589599609375,495.8824768066406,745.9224853515625,516.668701171875,0.3807243406772613,0.4687736928462982,0.0155539195984601,0.0192465037107467,reviewed,
1190,39.67296666666667,2727,2,car,0.7830076217651367,1671.4837646484375,449.1352844238281,1823.6065673828125,490.6182861328125,0.9101797938346864,0.4350710809230804,0.0792306289076805,0.0384101867675781,reviewed,
1190,39.67296666666667,2126,2,car,0.548121988773346,42.2227897644043,521.73681640625,131.3448944091797,572.9411010742188,0.0451999194920063,0.506795346736908,0.046417761594057,0.0474113747477531,reviewed,
1190,39.67296666666667,2734,2,car,0.851285994052887,1448.830810546875,463.5716247558594,1586.439697265625,498.5603332519531,0.7904350161552429,0.4454314708709717,0.0716712921857833,0.0323969535529613,reviewed,
1190,39.67296666666667,2735,2,car,0.4865168929100036,763.4508666992188,485.84222412109375,819.8258056640625,511.8688354492188,0.4123116135597229,0.4619032740592956,0.0293619465082883,0.02409871481359,reviewed,
1190,39.67296666666667,2662,2,car,0.4125634431838989,584.9653930664062,501.16802978515625,642.0460815429688,525.4658203125,0.3195342421531677,0.4752934277057647,0.0297295246273279,0.0224979538470506,reviewed,
1190,39.67296666666667,2366,2,car,0.2003171145915985,201.60028076171875,523.2606201171875,337.4239807128906,562.1854248046875,0.1403709053993225,0.5025213360786438,0.0707415118813514,0.0360414870083332,reviewed,
1191,39.70633333333333,749,2,car,0.9432454109191896,760.9923095703125,430.15179443359375,1231.392333984375,764.9559326171875,0.5188501477241516,0.553290605545044,0.2450000196695327,0.3100038170814514,reviewed,
1191,39.70633333333333,1292,2,car,0.8626236915588379,1275.04736328125,463.45751953125,1405.0068359375,518.0555419921875,0.6979307532310486,0.454404205083847,0.0676872283220291,0.0505537241697311,reviewed,
1191,39.70633333333333,2036,2,car,0.5875100493431091,423.13519287109375,511.679443359375,500.1687622070313,540.8486328125,0.2404437363147735,0.4872815310955047,0.0401216521859169,0.0270085092633962,reviewed,
1191,39.70633333333333,2129,2,car,0.2702068984508514,382.8551635742188,517.2530517578125,418.94769287109375,542.9978637695312,0.2088028341531753,0.4908569455146789,0.0187981929630041,0.0238377880305051,reviewed,
1191,39.70633333333333,2092,2,car,0.266008198261261,292.30230712890625,521.49560546875,345.2157287597656,549.1115112304688,0.1660203337669372,0.4956514835357666,0.0275590736418962,0.0255702827125787,reviewed,
1191,39.70633333333333,2696,2,car,0.6498224139213562,686.4747314453125,497.4797973632813,742.4061279296875,520.0565185546875,0.3721043765544891,0.4710816144943237,0.0291309356689453,0.0209043715149164,reviewed,
1191,39.70633333333333,2656,2,car,0.3794212639331817,340.709716796875,518.7222290039062,414.7184448242188,550.1017456054688,0.1967260837554931,0.4948258996009826,0.0385462120175361,0.0290551073849201,reviewed,
1191,39.70633333333333,2459,2,car,0.1235580891370773,306.6387634277344,523.071533203125,345.1131286621094,550.5344848632812,0.1697270572185516,0.497039794921875,0.0200387313961982,0.0254286583513021,reviewed,
1191,39.70633333333333,2725,2,car,0.1466258019208908,705.3709106445312,495.7257080078125,745.20263671875,517.218017578125,0.3777535259723663,0.4689554274082184,0.0207456909120082,0.0199002865701913,reviewed,
1191,39.70633333333333,2727,2,car,0.7145667672157288,1663.5924072265625,449.3152160644531,1815.522216796875,490.79248046875,0.9060194492340088,0.4352350234985351,0.0791301056742668,0.0384048745036125,reviewed,
1191,39.70633333333333,2126,2,car,0.5796086192131042,42.33238220214844,521.853271484375,130.3486328125,573.5379028320312,0.0449690148234367,0.5071254968643188,0.0458417981863021,0.0478561408817768,reviewed,
1191,39.70633333333333,2734,2,car,0.8388059139251709,1458.295166015625,463.2340698242188,1596.064453125,498.7097473144531,0.7954061627388,0.4453443884849548,0.0717548355460167,0.0328478477895259,reviewed,
1191,39.70633333333333,2735,2,car,0.4906834363937378,760.4530029296875,485.6771240234375,819.3424072265625,511.9870910644531,0.4114050567150116,0.4618815779685974,0.030671564862132,0.0243610814213752,reviewed,
1191,39.70633333333333,2662,2,car,0.4241105318069458,584.7759399414062,501.1282653808594,641.7069702148438,525.2925415039062,0.3193965852260589,0.4751948118209839,0.029651578515768,0.0223743300884962,reviewed,
1191,39.70633333333333,2366,2,car,0.1022456437349319,199.6791534423828,520.2394409179688,339.0777893066406,562.03759765625,0.1403012871742248,0.5010542273521423,0.0726034566760063,0.0387019962072372,reviewed,
1192,39.7397,749,2,car,0.9417023062705994,760.7669677734375,429.935546875,1230.919189453125,765.1099243164062,0.5186682939529419,0.5532617568969727,0.2448709458112716,0.3103466331958771,reviewed,
1192,39.7397,1292,2,car,0.8427278399467468,1274.38623046875,463.6768493652344,1404.2977294921875,518.279052734375,0.6975739598274231,0.454609215259552,0.067662239074707,0.0505575947463512,reviewed,
1192,39.7397,2036,2,car,0.5285139083862305,420.49908447265625,512.9370727539062,501.6952819824219,540.686279296875,0.2401547729969024,0.4877885580062866,0.0422896854579448,0.0256937090307474,reviewed,
1192,39.7397,2129,2,car,0.3042213022708893,382.9158630371094,517.4290771484375,418.6236267089844,542.997802734375,0.2087342441082,0.4909383654594421,0.0185977928340435,0.0236747451126575,reviewed,
1192,39.7397,2092,2,car,0.1338927000761032,290.67254638671875,521.8195190429688,339.4725646972656,546.2514038085938,0.1641003042459488,0.4944772720336914,0.0254166759550571,0.0226221159100532,reviewed,
1192,39.7397,2696,2,car,0.6549503207206726,685.4114379882812,497.2699279785156,742.29345703125,519.9881591796875,0.3717981278896332,0.4709528088569641,0.0296260509639978,0.021035399287939,reviewed,
1192,39.7397,2656,2,car,0.3878058195114136,340.5279846191406,519.90625,403.5038757324219,550.0853881835938,0.1937582939863205,0.4953665137290954,0.032799944281578,0.0279436465352773,reviewed,
1192,39.7397,2459,2,car,0.2352351546287536,306.98687744140625,523.4579467773438,344.0267333984375,549.7364501953125,0.1695347875356674,0.4968492388725281,0.019291590899229,0.0243319477885961,reviewed,
1192,39.7397,2725,2,car,0.1610713750123977,706.8690185546875,495.4714660644531,744.5438842773438,517.3604736328125,0.3779720962047577,0.4689036607742309,0.0196223258972167,0.0202676001936197,reviewed,
1192,39.7397,2727,2,car,0.7681773900985718,1656.821533203125,449.7627258300781,1806.3843994140625,491.0065002441406,0.9018765687942504,0.4355413019657135,0.0778973251581192,0.0381886810064315,reviewed,
1192,39.7397,2126,2,car,0.6321271657943726,43.27435302734375,521.9166259765625,129.9960479736328,573.9673461914062,0.0451225005090236,0.5073537230491638,0.0451675504446029,0.0481951124966144,reviewed,
1192,39.7397,2734,2,car,0.7942196130752563,1466.974609375,463.2842712402344,1606.7659912109375,498.1196899414063,0.8004533052444458,0.4450944066047668,0.0728080123662948,0.0322550162672996,reviewed,
1192,39.7397,2735,2,car,0.5037416815757751,756.2421875,485.34619140625,813.8997802734375,512.4573974609375,0.4088911414146423,0.4619460999965668,0.0300299953669309,0.0251029692590236,reviewed,
1192,39.7397,2662,2,car,0.3994379639625549,584.4407958984375,501.2398986816406,640.5969848632812,525.0786743164062,0.3190202713012695,0.4751475155353546,0.0292480159550905,0.0220729410648345,reviewed,
1192,39.7397,2366,7,truck,0.1380836218595504,198.8505706787109,520.1141357421875,337.6930236816406,562.1607666015625,0.1397248953580856,0.5010532140731812,0.0723137781023979,0.0389320664107799,reviewed,
1193,39.773066666666665,749,2,car,0.9443158507347108,760.9105834960938,429.77825927734375,1230.8028564453125,765.0755615234375,0.5186753869056702,0.5531730651855469,0.2447355538606643,0.310460478067398,reviewed,
1193,39.773066666666665,1292,2,car,0.8450959920883179,1274.4395751953125,463.550048828125,1404.6181640625,518.2445678710938,0.6976712346076965,0.4545345306396484,0.0678013488650322,0.0506430715322494,reviewed,
1193,39.773066666666665,2036,2,car,0.5048115849494934,419.9674377441406,513.49462890625,502.014892578125,540.484130859375,0.2400995641946792,0.4879531264305115,0.0427330508828163,0.0249902792274951,reviewed,
1193,39.773066666666665,2129,2,car,0.2560594975948334,384.24322509765625,517.9484252929688,418.41217041015625,543.0503540039062,0.2090248465538025,0.4912031292915344,0.0177963264286518,0.0232425257563591,reviewed,
1193,39.773066666666665,2092,2,car,0.1502745300531387,289.8214416503906,521.861572265625,340.86480712890625,545.5853881835938,0.164241224527359,0.4941884279251098,0.0265850853174924,0.0219664964824914,reviewed,
1193,39.773066666666665,2696,2,car,0.6563109159469604,685.2513427734375,497.1436462402344,742.0665893554688,519.9185180664062,0.3716973662376404,0.4708620905876159,0.0295912735164165,0.0210878439247608,reviewed,
1193,39.773066666666665,2656,2,car,0.3996281027793884,340.6558532714844,520.820068359375,397.3297119140625,550.0979614257812,0.1921837478876114,0.4957953691482544,0.0295176338404417,0.0271091610193252,reviewed,
1193,39.773066666666665,2459,2,car,0.2605360448360443,305.8742370605469,523.4761352539062,343.744384765625,549.374267578125,0.1691715270280838,0.4966899752616882,0.0197240356355905,0.0239797513931989,reviewed,
1193,39.773066666666665,2725,2,car,0.1536236852407455,708.48095703125,495.5100708007813,744.1821899414062,517.5543212890625,0.3782976865768432,0.4690113067626953,0.018594391644001,0.020411342382431,reviewed,
1193,39.773066666666665,2727,2,car,0.7592112421989441,1649.8868408203125,450.0260620117188,1799.59423828125,490.7739868164063,0.8983023166656494,0.4355555772781372,0.0779726058244705,0.0377295613288879,reviewed,
1193,39.773066666666665,2126,2,car,0.6370283365249634,43.86148834228516,521.8660278320312,130.04685974121094,574.027587890625,0.0452886335551738,0.5073581337928772,0.0448882132768631,0.0482977405190467,reviewed,
1193,39.773066666666665,2734,2,car,0.8479740619659424,1477.1868896484375,461.9489440917969,1618.7718505859375,497.64501953125,0.8062392473220825,0.4442564845085144,0.0737421661615371,0.033051922917366,reviewed,
1193,39.773066666666665,2735,2,car,0.4711958765983581,754.5313110351562,485.04931640625,810.94140625,512.4232177734375,0.407675176858902,0.4617928266525268,0.0293802581727504,0.0253462046384811,reviewed,
1193,39.773066666666665,2662,2,car,0.3606069087982178,585.1803588867188,501.8171081542969,640.29296875,524.9063720703125,0.3191336989402771,0.4753349721431732,0.028704484924674,0.0213789474219083,reviewed,
1193,39.773066666666665,2366,7,truck,0.1429999023675918,198.5229339599609,519.921142578125,337.37664794921875,562.157470703125,0.1395571827888488,0.5009623169898987,0.0723196417093277,0.0391077101230621,reviewed,
1194,39.80643333333333,749,2,car,0.9448488354682922,761.7325439453125,430.7847900390625,1230.75732421875,764.3862915039062,0.5188775658607483,0.5533199906349182,0.2442837357521057,0.3088902831077575,reviewed,
1194,39.80643333333333,1292,2,car,0.8551092147827148,1274.538818359375,463.5167236328125,1404.8033447265625,518.2361450195312,0.6977453827857971,0.4545152187347412,0.0678461045026779,0.0506661310791969,reviewed,
1194,39.80643333333333,2036,2,car,0.5123089551925659,419.9618225097656,513.7135009765625,502.1681213378906,540.4430541992188,0.2401380091905594,0.4880354106426239,0.0428157821297645,0.0247495863586664,reviewed,
1194,39.80643333333333,2129,2,car,0.287380188703537,385.022216796875,517.8955078125,418.636962890625,543.0037841796875,0.2092862427234649,0.4911570847034454,0.017507679760456,0.02324840426445,reviewed,
1194,39.80643333333333,2092,2,car,0.1495182812213897,289.46990966796875,521.9120483398438,341.2563171386719,545.4459228515625,0.1642516106367111,0.4941471815109253,0.0269720871001482,0.0217906236648559,reviewed,
1194,39.80643333333333,2696,2,car,0.6555240154266357,685.272705078125,497.0850524902344,742.2645263671875,519.8794555664062,0.3717544972896576,0.4708168804645538,0.0296832397580146,0.0211059283465147,reviewed,
1194,39.80643333333333,2656,2,car,0.3865495026111603,340.731201171875,520.9790649414062,394.58892822265625,550.1817016601562,0.1914896219968795,0.4959077537059784,0.0280508995056152,0.0270394776016473,reviewed,
1194,39.80643333333333,2459,2,car,0.2610475122928619,305.6400756835937,523.4253540039062,343.6971435546875,549.3068237304688,0.1690982282161712,0.4966352581977844,0.0198213886469602,0.0239643231034278,reviewed,
1194,39.80643333333333,2725,2,car,0.1793143153190612,710.288818359375,495.3709411621094,745.0299682617188,517.4881591796875,0.3789892792701721,0.4689162671566009,0.0180943496525287,0.020478906109929,reviewed,
1194,39.80643333333333,2727,2,car,0.7894140481948853,1646.140380859375,449.921875,1791.84716796875,490.5608825683594,0.8953092694282532,0.4354087114334106,0.075888954102993,0.0376287102699279,reviewed,
1194,39.80643333333333,2126,2,car,0.640929102897644,44.147239685058594,521.9111938476562,130.1273956298828,573.9937133789062,0.0453840158879756,0.5073633790016174,0.0447813309729099,0.0482245534658432,reviewed,
1194,39.80643333333333,2734,2,car,0.7938136458396912,1488.055908203125,460.6968994140625,1631.682373046875,497.2427062988281,0.8124318718910217,0.4434905350208282,0.0748054534196853,0.0338387116789817,reviewed,
1194,39.80643333333333,2735,2,car,0.472793310880661,753.1721801757812,486.7709045410156,806.0486450195312,512.2613525390625,0.4060470759868622,0.4625149071216583,0.027539825066924,0.0236022658646106,reviewed,
1194,39.80643333333333,2662,2,car,0.3173876106739044,585.9263916015625,502.31298828125,640.4087524414062,524.8129272460938,0.3193581402301788,0.4755212962627411,0.0283762291073799,0.0208332762122154,reviewed,
1194,39.80643333333333,2366,7,truck,0.1471531838178634,198.50668334960932,519.4014892578125,337.1576232910156,562.1668701171875,0.1394959092140197,0.5007261037826538,0.0722140297293663,0.0395975746214389,reviewed,
1195,39.8398,749,2,car,0.944859266281128,762.2388916015625,431.036865234375,1230.9068603515625,764.301025390625,0.5190483927726746,0.5533971786499023,0.2440979033708572,0.3085779249668121,reviewed,
1195,39.8398,1292,2,car,0.8574250936508179,1274.69384765625,463.5149230957031,1404.9073486328125,518.2202758789062,0.6978127956390381,0.454507052898407,0.0678195282816886,0.0506531037390232,reviewed,
1195,39.8398,2036,2,car,0.5433389544487,421.5244140625,513.3397827148438,502.2965087890625,540.7965698242188,0.2405783683061599,0.4880260825157165,0.0420687980949878,0.0254229512065649,reviewed,
1195,39.8398,2129,2,car,0.2803806066513061,385.6032104492188,518.0802612304688,419.0504760742188,542.9071655273438,0.209545224905014,0.4911978840827942,0.0174204502254724,0.0229878742247819,reviewed,
1195,39.8398,2092,2,car,0.1494907587766647,289.4163513183594,521.786865234375,341.36541748046875,545.4514770507812,0.1642660796642303,0.4940918087959289,0.0270568057894706,0.0219116769731044,reviewed,
1195,39.8398,2696,2,car,0.6528838276863098,685.346435546875,497.0655212402344,742.8876953125,519.8673706054688,0.3719359636306762,0.4708022475242615,0.0299694053828716,0.0211128238588571,reviewed,
1195,39.8398,2656,2,car,0.3949342966079712,340.9546203613281,520.4393310546875,395.02734375,550.1550903320312,0.1916619688272476,0.4956455826759338,0.0281628761440515,0.0275145918130874,reviewed,
1195,39.8398,2459,2,car,0.2545348405838012,305.8758544921875,523.324462890625,343.90216064453125,549.4490966796875,0.1692130267620086,0.4966544210910797,0.0198053680360317,0.0241894759237766,reviewed,
1195,39.8398,2725,2,car,0.2071968466043472,711.5753173828125,495.3018493652344,745.6090087890625,517.51904296875,0.3794750869274139,0.4688985645771026,0.0177258811891078,0.0205714758485555,reviewed,
1195,39.8398,2727,2,car,0.7961617112159729,1641.5533447265625,450.140869140625,1784.6903076171875,490.5085144042969,0.8922509551048279,0.43548583984375,0.0745505020022392,0.0373774506151676,reviewed,
1195,39.8398,2126,2,car,0.6145719885826111,44.56793212890625,521.847900390625,130.0514678955078,574.079345703125,0.0454738028347492,0.5073737502098083,0.0445226766169071,0.048362448811531,reviewed,
1195,39.8398,2734,2,car,0.8437331914901733,1499.233154296875,460.2739562988281,1637.6822509765625,497.0213623046875,0.8169050812721252,0.4431922733783722,0.0721089020371437,0.0340253747999668,reviewed,
1195,39.8398,2735,2,car,0.5035631060600281,751.9088134765625,488.0433349609375,804.6508178710938,512.0704956054688,0.4053540527820587,0.4630156755447387,0.0274697933346033,0.0222473703324794,reviewed,
1195,39.8398,2662,2,car,0.3174430131912231,585.3423461914062,500.15185546875,640.155517578125,525.6077270507812,0.3191400468349457,0.4748886525630951,0.028548527508974,0.0235702507197856,reviewed,
1195,39.8398,2366,2,car,0.1149583607912063,198.72232055664065,519.9589233398438,337.52685546875,561.9091796875,0.1396482139825821,0.5008648633956909,0.0722940266132354,0.0388428308069705,reviewed,
1196,39.87316666666667,749,2,car,0.9432915449142456,762.3829345703125,430.9908752441406,1230.919921875,764.1783447265625,0.5190892815589905,0.5533190965652466,0.2440296858549118,0.3085069060325622,reviewed,
1196,39.87316666666667,1292,2,car,0.8591870069503784,1274.820556640625,463.4627990722656,1404.9124755859375,518.1708984375,0.6978471279144287,0.4544600248336792,0.0677562057971954,0.050655648112297,reviewed,
1196,39.87316666666667,2036,2,car,0.538245439529419,422.0431518554688,513.1386108398438,503.6433410644531,541.1022338867188,0.2410642057657241,0.4880744516849518,0.0425000973045825,0.0258922427892684,reviewed,
1196,39.87316666666667,2129,2,car,0.2318590581417083,385.614013671875,517.8721923828125,419.1365356445313,542.6705932617188,0.2095704525709152,0.49099200963974,0.0174596477299928,0.0229614824056625,reviewed,
1196,39.87316666666667,2092,2,car,0.1713881641626358,289.1216125488281,521.66943359375,341.0804138183594,545.310791015625,0.1641151160001754,0.4939723312854767,0.0270618759095668,0.0218901466578245,reviewed,
1196,39.87316666666667,2696,2,car,0.6391980051994324,685.6195068359375,497.1162414550781,742.8280639648438,519.8760375976562,0.3719915449619293,0.4708297848701477,0.0297961235046386,0.0210738852620124,reviewed,
1196,39.87316666666667,2656,2,car,0.3800167441368103,340.96209716796875,520.0374755859375,401.0729675292969,550.1476440429688,0.1932382881641388,0.4954560399055481,0.0313077457249164,0.0278797857463359,reviewed,
1196,39.87316666666667,2459,2,car,0.1160067766904831,307.39166259765625,523.8323364257812,343.8490295410156,550.1776733398438,0.169593945145607,0.4972268640995025,0.018988212570548,0.024393830448389,reviewed,
1196,39.87316666666667,2725,2,car,0.2312723994255066,713.2748413085938,495.12249755859375,745.6641235351562,517.1978759765625,0.3799320161342621,0.4686668515205383,0.01686941832304,0.0204401649534702,reviewed,
1196,39.87316666666667,2727,2,car,0.7779208421707153,1644.35107421875,449.8767700195313,1777.6845703125,491.2810668945313,0.8911551237106323,0.435721218585968,0.0694445297122001,0.0383373126387596,reviewed,
1196,39.87316666666667,2126,2,car,0.5779946446418762,44.25510787963867,521.8046875,130.0406951904297,574.1196899414062,0.0453895330429077,0.5073723793029785,0.0446799919009208,0.0484398156404495,reviewed,
1196,39.87316666666667,2734,2,car,0.7433685660362244,1510.13330078125,460.2803955078125,1639.0787353515625,497.2341613769531,0.8201072812080383,0.4432937502861023,0.0671590790152549,0.0342164486646652,reviewed,
1196,39.87316666666667,2735,2,car,0.4917705357074737,749.4423828125,488.75872802734375,804.3472900390625,512.1200561523438,0.4046327173709869,0.4633698165416717,0.028596306219697,0.0216308590024709,reviewed,
1196,39.87316666666667,2662,2,car,0.2901058793067932,582.62744140625,499.16119384765625,640.295166015625,525.8182373046875,0.3184694349765777,0.4745275378227234,0.0300352741032838,0.0246824473142623,reviewed,
1196,39.87316666666667,2366,2,car,0.1307610869407653,198.87744140625,520.482421875,337.75787353515625,561.8938598632812,0.1397487819194793,0.5011001229286194,0.0723335593938827,0.0383439250290393,reviewed,
1197,39.906533333333336,749,2,car,0.9427862763404846,762.4985961914062,430.8482055664063,1230.8607177734375,764.1110229492188,0.51910400390625,0.5532218813896179,0.243938609957695,0.3085766732692718,reviewed,
1197,39.906533333333336,1292,2,car,0.8611024022102356,1274.70166015625,463.6760864257813,1404.734375,518.1741333007812,0.697769820690155,0.4545602798461914,0.0677253752946853,0.0504611544311046,reviewed,
1197,39.906533333333336,2036,2,car,0.5469957590103149,422.17132568359375,512.9443359375,503.9631958007813,541.2731323242188,0.2411808669567108,0.4880636632442474,0.042599931359291,0.0262303669005632,reviewed,
1197,39.906533333333336,2129,2,car,0.2452427893877029,385.3355407714844,517.8633422851562,419.1708068847656,543.2288208007812,0.2095068544149398,0.4912463724613189,0.0176225341856479,0.0234865546226501,reviewed,
1197,39.906533333333336,2092,2,car,0.1688040941953659,288.9884338378906,521.584716796875,340.7645874023437,545.2157592773438,0.1639981865882873,0.4938891232013702,0.0269667468965053,0.0218805950134992,reviewed,
1197,39.906533333333336,2696,2,car,0.6202827095985413,685.73291015625,497.1049499511719,741.7449340820312,519.8829345703125,0.371739000082016,0.4708277285099029,0.0291729290038347,0.0210907272994518,reviewed,
1197,39.906533333333336,2656,2,car,0.3561728298664093,340.8835754394531,519.56103515625,402.65374755859375,550.0577392578125,0.1936295181512832,0.4951938688755035,0.0321719646453857,0.0282376892864704,reviewed,
1197,39.906533333333336,2459,2,car,0.1163262799382209,308.4442749023437,524.0836181640625,343.6383972167969,550.428466796875,0.169813185930252,0.4974592924118042,0.0183302722871303,0.0243933778256177,reviewed,
1197,39.906533333333336,2725,2,car,0.2336961179971695,717.7907104492188,494.8371887207031,745.5765380859375,517.17578125,0.3810852169990539,0.4685245156288147,0.0144717851653695,0.0206838827580213,reviewed,
1197,39.906533333333336,2727,2,car,0.7063663005828857,1641.4639892578125,450.0365295410156,1770.5697021484375,493.0045166015625,0.8885504603385925,0.4365930557250976,0.0672425553202629,0.0397851727902889,reviewed,
1197,39.906533333333336,2126,2,car,0.59224933385849,44.15093612670898,521.6564331054688,129.88262939453125,574.0631103515625,0.0453212410211563,0.5072775483131409,0.0446519218385219,0.0485247001051902,reviewed,
1197,39.906533333333336,2734,2,car,0.704135537147522,1521.03369140625,460.7099609375,1647.8961181640625,497.8199157714844,0.8252421021461487,0.4437638521194458,0.0660741776227951,0.0343610681593418,reviewed,
1197,39.906533333333336,2735,2,car,0.4361618161201477,745.8052368164062,487.896728515625,798.4105224609375,512.6246948242188,0.4021395444869995,0.4632043540477752,0.0273985862731933,0.0228962656110525,reviewed,
1197,39.906533333333336,2662,2,car,0.2940179705619812,576.3705444335938,498.93841552734375,640.1560668945312,526.0146484375,0.3168038129806518,0.4745153486728668,0.0332216247916221,0.0250705853104591,reviewed,
1197,39.906533333333336,2366,2,car,0.1234060600399971,198.9482879638672,520.5455322265625,337.6588134765625,561.8660278320312,0.1397414356470108,0.5011165142059326,0.072245068848133,0.0382597185671329,reviewed,
1198,39.9399,749,2,car,0.9430620074272156,762.47998046875,430.8237609863281,1230.833251953125,764.046142578125,0.5190919637680054,0.5531805157661438,0.2439339905977249,0.3085392415523529,reviewed,
1198,39.9399,1292,2,car,0.857572078704834,1274.5673828125,463.50726318359375,1404.881591796875,518.1053466796875,0.6977731585502625,0.4544502794742584,0.067871980369091,0.0505537800490856,reviewed,
1198,39.9399,2036,2,car,0.5240105390548706,422.3753356933594,513.3760375976562,502.2669372558594,541.2242431640625,0.2407922595739364,0.488240897655487,0.0416102074086666,0.0257853753864765,reviewed,
1198,39.9399,2129,2,car,0.2877320349216461,385.8232421875,518.0836791992188,418.8664855957031,543.5438842773438,0.2095546126365661,0.4914942383766174,0.0172100234776735,0.0235742647200822,reviewed,
1198,39.9399,2092,2,car,0.165751427412033,289.08349609375,521.6668701171875,342.3223876953125,546.052490234375,0.1644286215305328,0.4943145215511322,0.0277285892516374,0.0225792787969112,reviewed,
1198,39.9399,2696,2,car,0.6440565586090088,685.4727783203125,497.0863342285156,741.62744140625,519.8340454101562,0.371640682220459,0.4707964956760406,0.0292472206056118,0.021062696352601,reviewed,
1198,39.9399,2656,2,car,0.3776675462722778,340.9198608398437,518.9296264648438,399.7912902832031,550.0526123046875,0.1928935348987579,0.4948991537094116,0.030662203207612,0.0288175791501998,reviewed,
1198,39.9399,2459,2,car,0.3033652603626251,305.4698181152344,523.4469604492188,343.6186828613281,549.8187255859375,0.1690334677696228,0.4968822300434112,0.0198692008852958,0.0244183018803596,reviewed,
1198,39.9399,2725,2,car,0.2196761965751648,717.799560546875,494.9552307128906,745.9570922851562,517.1964111328125,0.3811866044998169,0.4685887098312378,0.0146653810515999,0.0205936860293149,reviewed,
1198,39.9399,2727,2,car,0.5561503171920776,1640.60693359375,450.0047302246094,1762.215576171875,493.43017578125,0.8861516714096069,0.4367754459381103,0.0633378326892852,0.0402087457478046,reviewed,
1198,39.9399,2126,2,car,0.6245243549346924,43.54667663574219,521.3347778320312,129.76087951660156,573.870849609375,0.0451321750879287,0.5070396065711975,0.0449032299220562,0.0486445091664791,reviewed,
1198,39.9399,2734,2,car,0.5683652758598328,1531.1986083984375,459.6257934570313,1664.864013671875,498.16351318359375,0.8323079347610474,0.4434209764003753,0.0696173980832099,0.0356830731034278,reviewed,
1198,39.9399,2735,2,car,0.4770002663135528,743.9265747070312,487.8348693847656,800.6903076171875,512.4013061523438,0.4022440016269684,0.4630723297595978,0.029564443975687,0.0227467007935047,reviewed,
1198,39.9399,2662,2,car,0.3146859407424927,559.1756591796875,499.0855712890625,639.5836181640625,526.3085327148438,0.3121768832206726,0.4747194647789001,0.0418791435658931,0.025206446647644,reviewed,
1198,39.9399,2366,7,truck,0.1572525948286056,198.43182373046875,520.9102783203125,337.550537109375,562.0507202148438,0.1395787447690963,0.5013707876205444,0.0724576637148857,0.0380930006504058,reviewed,
1199,39.97326666666667,749,2,car,0.9435487389564514,762.3011474609375,430.7847900390625,1230.5045166015625,763.9360961914062,0.5189598202705383,0.5531115531921387,0.2438559234142303,0.3084734380245209,reviewed,
1199,39.97326666666667,1292,2,car,0.8463362455368042,1274.330078125,463.6361389160156,1404.4093017578125,518.0341186523438,0.697588324546814,0.4544769823551178,0.0677495971322059,0.0503684990108013,reviewed,
1199,39.97326666666667,2036,2,car,0.5331885814666748,424.5447998046875,513.130615234375,499.9071960449219,540.640625,0.2407427132129669,0.4878570437431335,0.0392512492835521,0.0254722312092781,reviewed,
1199,39.97326666666667,2129,2,car,0.2629680633544922,384.9273071289063,517.6485595703125,418.6178588867188,543.5748901367188,0.2092565596103668,0.4913071095943451,0.0175471622496843,0.0240058619529008,reviewed,
1199,39.97326666666667,2092,2,car,0.1221282035112381,288.61376953125,521.9037475585938,340.8919372558594,545.3245239257812,0.1639337837696075,0.4940871596336365,0.0272282119840383,0.021685903891921,reviewed,
1199,39.97326666666667,2696,2,car,0.6640043258666992,685.4279174804688,497.1896667480469,740.7473754882812,519.7725830078125,0.3713998198509216,0.4708158671855926,0.0288122184574604,0.020910108461976,reviewed,
1199,39.97326666666667,2656,2,car,0.3818814158439636,340.84698486328125,518.1130981445312,395.4151306152344,549.9454345703125,0.1917349249124527,0.4944715797901153,0.0284209083765745,0.0294743850827217,reviewed,
1199,39.97326666666667,2459,2,car,0.3079369366168976,305.24151611328125,523.104248046875,343.527587890625,549.464111328125,0.1689502894878387,0.4965594112873077,0.0199406631290912,0.0244072806090116,reviewed,
1199,39.97326666666667,2725,2,car,0.1942658424377441,720.239501953125,494.9813537597656,746.8837280273438,516.971923828125,0.3820633590221405,0.4684968590736389,0.0138772008940577,0.0203616395592689,reviewed,
1199,39.97326666666667,2727,2,car,0.5491865873336792,1639.7330322265625,450.9576416015625,1755.0777587890625,494.3092041015625,0.8840653300285339,0.437623530626297,0.0600753799080848,0.0401403345167636,reviewed,
1199,39.97326666666667,2126,2,car,0.6079245805740356,41.92012786865234,521.091064453125,129.55975341796875,573.3460083007812,0.0446562208235263,0.5066838264465332,0.0456456393003463,0.0483842082321643,reviewed,
1199,39.97326666666667,2734,2,car,0.4163678586483001,1540.9130859375,458.432373046875,1679.351806640625,497.6840515136719,0.8386106491088867,0.4426465034484863,0.0721035003662109,0.0363441482186317,reviewed,
1199,39.97326666666667,2735,2,car,0.4420464634895324,741.9854125976562,488.677978515625,797.6012573242188,512.427490234375,0.4009340405464172,0.4634747505187988,0.0289665851742029,0.0219902880489826,reviewed,
1199,39.97326666666667,2662,2,car,0.349685400724411,556.6614990234375,499.1806640625,638.9246215820312,526.1519775390625,0.311350554227829,0.4746910333633423,0.0428453758358955,0.0249734390527009,reviewed,
1199,39.97326666666667,2366,7,truck,0.1618652194738388,198.4806671142578,522.0953369140625,333.1600952148437,562.302978515625,0.138448104262352,0.5020362734794617,0.0701455324888229,0.037229299545288,reviewed,
1200,40.00663333333333,749,2,car,0.9436328411102296,762.34423828125,430.7833862304688,1230.435791015625,764.0383911132812,0.5189531445503235,0.5531582236289978,0.2437976896762848,0.308569461107254,reviewed,
1200,40.00663333333333,1292,2,car,0.834339439868927,1274.1741943359375,463.7139892578125,1403.9876708984375,518.0043334960938,0.6974380016326904,0.454499214887619,0.0676111876964569,0.0502688363194465,reviewed,
1200,40.00663333333333,2036,2,car,0.5433725118637085,424.4612731933594,512.8536376953125,500.29400634765625,540.1806640625,0.2408216744661331,0.4875158667564392,0.0394962169229984,0.0253028012812137,reviewed,
1200,40.00663333333333,2129,2,car,0.2105149924755096,384.5818786621094,517.3817749023438,419.0583801269531,543.3448486328125,0.2092813104391098,0.4910771250724792,0.0179565120488405,0.0240398831665515,reviewed,
1200,40.00663333333333,2092,2,car,0.1212269216775894,288.98419189453125,521.6558227539062,337.2523193359375,544.0112915039062,0.1630824208259582,0.4933643937110901,0.0251396503299474,0.0206995084881782,reviewed,
1200,40.00663333333333,2696,2,car,0.661848783493042,685.6248168945312,497.19476318359375,741.5953979492188,519.7664794921875,0.3716719448566437,0.4708153903484344,0.0291513446718454,0.0208997372537851,reviewed,
1200,40.00663333333333,2656,2,car,0.3797543346881866,340.8639221191406,517.6417236328125,396.13470458984375,549.4800415039062,0.1919267326593399,0.4940378963947296,0.0287868659943342,0.0294799245893955,reviewed,
1200,40.00663333333333,2459,2,car,0.2981440126895904,305.3913269042969,522.7493896484375,344.035888671875,549.0226440429688,0.1691216826438903,0.4961907267570495,0.0201273765414953,0.0243270881474018,reviewed,
1200,40.00663333333333,2725,2,car,0.208368569612503,719.7108154296875,495.5740661621094,746.4472045898438,516.9801635742188,0.3818119764328003,0.4687750935554504,0.0139252031221985,0.0198204610496759,reviewed,
1200,40.00663333333333,2727,2,car,0.1594627499580383,1645.888427734375,452.2996826171875,1748.2200927734375,496.3525695800781,0.8838824033737183,0.4391908347606659,0.0532977432012558,0.04078970849514,reviewed,
1200,40.00663333333333,2126,2,car,0.5776237845420837,42.26154327392578,520.4814453125,129.372314453125,572.7643432617188,0.0446963161230087,0.5061323642730713,0.0453701950609684,0.048410091549158,reviewed,
1200,40.00663333333333,2734,2,car,0.5924158692359924,1552.963134765625,455.165771484375,1724.4154052734375,498.2966918945313,0.8534839749336243,0.4414178133010864,0.0892980545759201,0.0399360358715057,reviewed,
1200,40.00663333333333,2735,2,car,0.5114637613296509,741.9686889648438,488.8547668457031,793.9246215820312,512.3741455078125,0.3999722301959991,0.463531881570816,0.0270603820681571,0.0217772033065557,reviewed,
1200,40.00663333333333,2662,2,car,0.36313396692276,570.7760009765625,499.5806579589844,638.84375,526.0480346679688,0.3150051534175873,0.4748280942440033,0.035451952368021,0.0245068296790123,reviewed,
1200,40.00663333333333,2366,2,car,0.1079655140638351,198.54568481445312,522.2950439453125,333.156982421875,561.6613159179688,0.1384642273187637,0.501831591129303,0.0701100528240203,0.0364502519369125,reviewed,
1200,40.00663333333333,2755,2,car,0.4147694408893585,766.8013916015625,489.0049133300781,800.2055053710938,511.315185546875,0.4080747067928314,0.4631111323833465,0.0173979755491018,0.0206576585769653,reviewed,
1200,40.00663333333333,2757,2,car,0.3469938635826111,589.9329223632812,503.4670104980469,639.7296752929688,524.6256713867188,0.3202246427536011,0.4759688079357147,0.0259358081966638,0.0195913519710302,reviewed,
1201,40.04,749,2,car,0.9418197870254515,761.9150390625,429.7638549804688,1230.9326171875,764.8704833984375,0.5189707279205322,0.5530714392662048,0.244279995560646,0.3102839291095733,reviewed,
1201,40.04,1292,2,car,0.8315283060073853,1274.2935791015625,463.8084716796875,1403.9532470703125,518.1006469726562,0.6974601149559021,0.4545875489711761,0.0675310790538787,0.0502705313265323,reviewed,
1201,40.04,2036,2,car,0.5627245306968689,425.1955261230469,512.4096069335938,497.9510498046875,539.5353393554688,0.2404027581214904,0.4870115518569946,0.0378935001790523,0.0251164194196462,reviewed,
1201,40.04,2129,2,car,0.2459392994642257,384.3773498535156,516.6416625976562,419.2752075195313,543.0132446289062,0.2092845290899276,0.4905809760093689,0.0181759670376777,0.024418132379651,reviewed,
1201,40.04,2092,2,car,0.1110458076000213,288.8769836425781,521.5940551757812,328.7210998535156,543.2914428710938,0.1608328372240066,0.4930025339126587,0.0207521431148052,0.0200901739299297,reviewed,
1201,40.04,2696,2,car,0.6521897315979004,686.5236206054688,497.4867248535156,740.4585571289062,519.5924072265625,0.3716099560260772,0.4708699584007263,0.0280911121517419,0.0204682238399982,reviewed,
1201,40.04,2656,2,car,0.3506604135036468,340.44366455078125,517.777099609375,395.5841674804688,548.9971923828125,0.191673919558525,0.4938769936561584,0.0287190116941928,0.0289074927568435,reviewed,
1201,40.04,2459,2,car,0.2329114079475402,306.3778076171875,522.3434448242188,344.7696228027344,548.984130859375,0.169569656252861,0.4959850311279297,0.0199957378208637,0.0246673021465539,reviewed,
1201,40.04,2725,2,car,0.1905384808778762,718.89208984375,496.5870971679688,746.0155029296875,516.5697631835938,0.3814863562583923,0.469054102897644,0.0141267776489257,0.0185024682432413,reviewed,
1201,40.04,2727,2,car,0.1118264719843864,1639.7977294921875,453.5798645019531,1737.886474609375,497.6766662597656,0.879605233669281,0.4403965473175049,0.0510878898203372,0.040830373764038,reviewed,
1201,40.04,2126,2,car,0.4161421358585357,39.93962860107422,519.7247924804688,128.9961395263672,572.3259887695312,0.0439936891198158,0.5055790543556213,0.0463836006820201,0.0487048104405403,reviewed,
1201,40.04,2734,2,car,0.6082273125648499,1563.3248291015625,454.7452697753906,1735.001708984375,498.3889770507813,0.8589392304420471,0.4412658810615539,0.089415043592453,0.0404108390212059,reviewed,
1201,40.04,2735,2,car,0.5306476950645447,741.953857421875,488.3883056640625,784.976318359375,512.3818969726562,0.3976380527019501,0.4633195400238037,0.0224075317382812,0.0222162883728742,reviewed,
1201,40.04,2662,2,car,0.313197374343872,575.3419189453125,499.3887939453125,639.3245239257812,525.6244506835938,0.3163194060325622,0.4745431542396545,0.0333242751657962,0.0242922753095626,reviewed,
1201,40.04,2366,7,truck,0.1456840634346008,198.1779022216797,519.12548828125,329.8667297363281,561.9771728515625,0.1375116258859634,0.5005105137825012,0.0685879290103912,0.0396774858236312,reviewed,
1201,40.04,2755,2,car,0.5201471447944641,774.4791870117188,488.3621520996094,796.9088745117188,511.1961364746094,0.4092156291007995,0.4627584815025329,0.0116821285337209,0.0211425777524709,reviewed,
1201,40.04,2757,2,car,0.308062344789505,589.2732543945312,503.6900024414063,639.9473266601562,524.2643432617188,0.3201095163822174,0.4759047925472259,0.0263927467167377,0.0190503150224685,reviewed,
1202,40.073366666666665,749,2,car,0.9425026178359984,763.0330810546875,430.6913757324219,1231.7384033203125,764.0701904296875,0.5194717645645142,0.5531303882598877,0.2441173493862152,0.3086840808391571,reviewed,
1202,40.073366666666665,1292,2,car,0.7963540554046631,1275.1427001953125,463.6896362304688,1404.344970703125,518.386474609375,0.6977832913398743,0.4546648561954498,0.0672928467392921,0.0506452210247516,reviewed,
1202,40.073366666666665,2036,2,car,0.5796980857849121,425.101318359375,511.2066040039063,497.86029052734375,539.3629760742188,0.2403545826673507,0.4863747954368591,0.0378952994942665,0.0260707139968872,reviewed,
1202,40.073366666666665,2129,2,car,0.2934466004371643,384.9842529296875,515.0035400390625,419.6904296875,542.0264892578125,0.2095506936311721,0.4893657565116882,0.0180761329829692,0.0250212494283914,reviewed,
1202,40.073366666666665,2092,2,car,0.1430931836366653,290.04766845703125,520.9360961914062,335.99688720703125,543.6665649414062,0.1630324423313141,0.4928716123104095,0.023931885138154,0.0210467297583818,reviewed,
1202,40.073366666666665,2696,2,car,0.6348236799240112,687.12744140625,497.4045715332031,740.3867797851562,519.4354858398438,0.3717484772205353,0.4707593023777008,0.0277392379939556,0.0203989949077367,reviewed,
1202,40.073366666666665,2656,2,car,0.2900972366333008,340.13409423828125,516.54150390625,400.3299560546875,548.6019287109375,0.1928291767835617,0.4931219518184662,0.0313520096242427,0.0296855792403221,reviewed,
1202,40.073366666666665,2459,2,car,0.2821287810802459,301.0701599121094,521.7238159179688,344.4986572265625,548.6460571289062,0.168116882443428,0.4955416023731231,0.0226190090179443,0.0249280016869306,reviewed,
1202,40.073366666666665,2725,2,car,0.204028233885765,717.8861083984375,497.0621032714844,746.3259887695312,516.0394897460938,0.3813052475452423,0.469028502702713,0.0148124378174543,0.0175716541707515,reviewed,
1202,40.073366666666665,2727,2,car,0.1489910334348678,1636.821533203125,454.6968994140625,1728.2904052734375,497.5715637207031,0.8763312101364136,0.440865010023117,0.047640036791563,0.0396987646818161,reviewed,
1202,40.073366666666665,2126,2,car,0.5370563268661499,41.09553909301758,519.1881103515625,129.2740020751953,571.74609375,0.04436706751585,0.5050621032714844,0.045926284044981,0.0486648008227348,reviewed,
1202,40.073366666666665,2734,2,car,0.6889482736587524,1574.5078125,454.9806518554688,1734.047607421875,498.2830505371094,0.8616029620170593,0.4413257837295532,0.0830936431884765,0.0400948151946067,reviewed,
1202,40.073366666666665,2735,2,car,0.5349121689796448,741.3992919921875,488.7687683105469,784.643310546875,512.3534545898438,0.3974069356918335,0.4634824991226196,0.0225229263305664,0.0218376722186803,reviewed,
1202,40.073366666666665,2662,2,car,0.3426013886928558,573.7305908203125,498.1346435546875,640.3707885742188,525.1474609375,0.3161722123622894,0.4737417101860046,0.0347084365785121,0.0250118672847747,reviewed,
1202,40.073366666666665,2366,2,car,0.1532519906759262,199.2280120849609,519.2813110351562,332.1343078613281,560.4669799804688,0.1383755952119827,0.4998834729194641,0.0692220255732536,0.0381348803639411,reviewed,
1202,40.073366666666665,2755,2,car,0.3920835852622986,771.3597412109375,488.07562255859375,792.6912841796875,511.2865295410156,0.4073049426078796,0.4626676738262176,0.01111017819494,0.0214915797114372,reviewed,
1202,40.073366666666665,2757,2,car,0.3245271742343902,587.7442016601562,502.7480773925781,640.6205444335938,523.70947265625,0.3198866546154022,0.4752118289470672,0.027539761736989,0.0194086991250515,reviewed,
1203,40.10673333333333,749,2,car,0.9434304237365724,763.7064819335938,430.9190368652344,1232.3619384765625,763.6907958984375,0.5198094844818115,0.5530601143836975,0.2440913766622543,0.3081220090389251,reviewed,
1203,40.10673333333333,1292,2,car,0.7971833944320679,1275.5748291015625,463.7760620117188,1404.626708984375,518.5409545898438,0.6979691982269287,0.454776406288147,0.0672145187854766,0.0507082343101501,reviewed,
1203,40.10673333333333,2036,2,car,0.6644612550735474,424.205078125,510.2724609375,497.6337585449219,539.46533203125,0.2400622069835662,0.4859897196292877,0.038244105875492,0.027030436322093,reviewed,
1203,40.10673333333333,2129,2,car,0.3255913257598877,385.4057312011719,513.9212646484375,420.4593200683594,541.325439453125,0.209860697388649,0.4885401427745819,0.0182570777833461,0.0253742355853319,reviewed,
1203,40.10673333333333,2092,2,car,0.1438191384077072,286.8412170410156,519.866455078125,340.0639343261719,544.3040161132812,0.1632565557956695,0.4926714897155761,0.0277201645076274,0.0226273704320192,reviewed,
1203,40.10673333333333,2696,2,car,0.6455512642860413,687.5632934570312,497.2871398925781,740.14697265625,519.2078857421875,0.3717995285987854,0.4705995321273803,0.0273873321712017,0.0202969871461391,reviewed,
1203,40.10673333333333,2656,2,car,0.401881068944931,340.164306640625,516.9146728515625,399.3043823242188,548.3921508789062,0.1925699710845947,0.4931976199150085,0.0308021232485771,0.0291458126157522,reviewed,
1203,40.10673333333333,2459,2,car,0.3429674804210663,297.0802001953125,520.9530029296875,344.2266540527344,548.28759765625,0.1670069992542266,0.4950188100337982,0.0245554447174072,0.0253098104149103,reviewed,
1203,40.10673333333333,2725,2,car,0.2121776491403579,718.093994140625,497.1170654296875,746.7579345703125,515.80126953125,0.3814718425273895,0.4689436852931976,0.0149291353300213,0.0173001885414123,reviewed,
1203,40.10673333333333,2126,2,car,0.5478106737136841,41.34992218017578,519.2069702148438,130.20164489746094,570.9523315429688,0.0446748882532119,0.5047034025192261,0.0462769381701946,0.0479123704135417,reviewed,
1203,40.10673333333333,2734,2,car,0.7648753523826599,1585.9124755859375,455.5714416503906,1732.7802734375,498.1939697265625,0.8642429113388062,0.4415580332279205,0.0764936432242393,0.0394653044641017,reviewed,
1203,40.10673333333333,2735,2,car,0.6113935708999634,740.9522094726562,489.2102355957031,788.3535766601562,512.2688598632812,0.3982567191123962,0.4636477530002594,0.0246882122009992,0.0213505774736404,reviewed,
1203,40.10673333333333,2662,2,car,0.3357144296169281,566.0917358398438,499.1061401367188,640.601318359375,524.9353637695312,0.3142429888248443,0.4740932881832123,0.0388070754706859,0.0239159483462572,reviewed,
1203,40.10673333333333,2366,2,car,0.2263264209032058,200.71783447265625,519.2449340820312,333.890625,559.0367431640625,0.1392209529876709,0.4992045164108276,0.0693608298897743,0.0368442684412002,reviewed,
1203,40.10673333333333,2757,2,car,0.3272759616374969,589.1648559570312,502.9051513671875,640.7088623046875,523.6492309570312,0.3202796280384063,0.4752566814422607,0.0268458370119333,0.0192074812948703,reviewed,
1204,40.1401,749,2,car,0.94377338886261,763.9172973632812,431.15179443359375,1232.5958251953125,763.3834838867188,0.5199252963066101,0.5530256032943726,0.2441034018993377,0.3076219260692596,reviewed,
1204,40.1401,1292,2,car,0.791412353515625,1275.7127685546875,463.7720336914063,1405.0098876953125,518.4993286132812,0.6981048583984375,0.4547552466392517,0.0673422515392303,0.050673421472311,reviewed,
1204,40.1401,2036,2,car,0.645004153251648,423.3300476074219,509.5908508300781,497.4635620117188,539.4070434570312,0.239789992570877,0.4856472015380859,0.0386112071573734,0.0276075862348079,reviewed,
1204,40.1401,2129,2,car,0.3341906070709228,384.4155578613281,513.4041137695312,421.0247192382813,540.6417236328125,0.209750086069107,0.4879842102527618,0.019067270681262,0.0252200085669755,reviewed,
1204,40.1401,2092,2,car,0.1526851207017898,284.1085510253906,519.5762329101562,341.5023498535156,544.2796630859375,0.1629195064306259,0.4925259053707123,0.0298926029354333,0.0228735469281673,reviewed,
1204,40.1401,2696,2,car,0.6288873553276062,687.7884521484375,497.0285949707031,739.2139282226562,519.1259765625,0.3716152310371399,0.4704419076442718,0.0267841015011072,0.0204605385661125,reviewed,
1204,40.1401,2656,2,car,0.3871575593948364,340.0596618652344,517.1596069335938,398.2584838867188,548.3405151367188,0.1922703385353088,0.4932870864868164,0.0303118862211704,0.0288712121546268,reviewed,
1204,40.1401,2459,2,car,0.3067450225353241,294.6076354980469,520.61474609375,344.20928955078125,547.9603881835938,0.1663585603237152,0.4947107434272766,0.0258341953158378,0.0253200381994247,reviewed,
1204,40.1401,2725,2,car,0.1936554312705993,719.1822509765625,496.4021301269531,746.9353637695312,515.68505859375,0.3818014860153198,0.4685588777065277,0.0144547466188669,0.0178545638918876,reviewed,
1204,40.1401,2126,2,car,0.4863324761390686,41.443336486816406,519.3445434570312,130.46641540527344,570.9707641601562,0.0447681657969951,0.5047755837440491,0.0463661886751651,0.0478020571172237,reviewed,
1204,40.1401,2734,2,car,0.6792848706245422,1586.7694091796875,455.94525146484375,1732.91650390625,497.5816345214844,0.8645015954971313,0.4414476156234741,0.0761182755231857,0.0385522060096263,reviewed,
1204,40.1401,2735,2,car,0.5074018836021423,740.8596801757812,489.5696411132813,789.3793334960938,511.93212890625,0.3984997570514679,0.4636582136154175,0.025270652025938,0.0207060072571039,reviewed,
1204,40.1401,2366,7,truck,0.1109107881784439,200.9539794921875,517.1309814453125,334.0231628417969,558.9088745117188,0.139316976070404,0.498166561126709,0.0693068653345108,0.0386832356452941,reviewed,
1204,40.1401,2757,2,car,0.278914213180542,587.97216796875,501.6514892578125,640.5252075195312,524.55322265625,0.3199211657047272,0.4750947654247284,0.0273713748902082,0.0212053079158067,reviewed,
1204,40.1401,2755,2,car,0.3954077064990997,764.7523193359375,489.4355163574219,790.34765625,511.3155822753906,0.404973953962326,0.4633106887340545,0.0133309047669172,0.0202593207359313,reviewed,
1205,40.17346666666667,749,2,car,0.9442198872566224,763.96728515625,431.3751525878906,1232.6328125,763.2680053710938,0.5199479460716248,0.5530755519866943,0.2440966218709945,0.3073081970214844,reviewed,
1205,40.17346666666667,1292,2,car,0.7897120714187622,1275.735107421875,463.9724731445313,1405.121826171875,518.4379272460938,0.6981398463249207,0.4548196196556091,0.0673889145255088,0.0504309758543968,reviewed,
1205,40.17346666666667,2036,2,car,0.6570808291435242,423.034423828125,509.1592102050781,497.5588073730469,539.3966674804688,0.2397378236055374,0.4854425489902496,0.0388147830963134,0.0279976464807987,reviewed,
1205,40.17346666666667,2129,2,car,0.3455735743045807,383.77532958984375,512.7263793945312,421.3444519042969,540.0794067382812,0.2096665948629379,0.4874100983142853,0.0195672512054443,0.0253268778324127,reviewed,
1205,40.17346666666667,2092,2,car,0.1559783071279525,281.3938293457031,519.4304809570312,341.94097900390625,544.2916259765625,0.1623267829418182,0.4924639761447906,0.0315349735319614,0.023019578307867,reviewed,
1205,40.17346666666667,2696,2,car,0.6313825845718384,687.8665771484375,496.7870178222656,739.661865234375,519.0494384765625,0.3717522025108337,0.4702946543693542,0.0269767120480537,0.0206133518368005,reviewed,
1205,40.17346666666667,2656,2,car,0.3281422555446625,339.5600280761719,516.4314575195312,396.25048828125,548.1304321289062,0.1916173249483108,0.4928527176380157,0.0295262821018695,0.0293509028851985,reviewed,
1205,40.17346666666667,2459,2,car,0.2709239721298218,294.8428649902344,520.37939453125,344.08331298828125,547.4365844726562,0.1663870215415954,0.4943592250347137,0.0256460662931203,0.0250529535114765,reviewed,
1205,40.17346666666667,2725,2,car,0.2051221430301666,720.3574829101562,496.0792236328125,747.1141357421875,515.3624877929688,0.3821540772914886,0.4682600498199463,0.0139357568696141,0.0178548749536275,reviewed,
1205,40.17346666666667,2126,2,car,0.547892153263092,41.01591873168945,518.8617553710938,131.02285766601562,570.4119873046875,0.0448017641901969,0.5042933821678162,0.0468786172568798,0.0477316975593566,reviewed,
1205,40.17346666666667,2734,2,car,0.6172677278518677,1585.3712158203125,456.2262573242188,1756.1331787109375,499.2261657714844,0.8701834082603455,0.4423390626907348,0.0889385193586349,0.0398147292435169,reviewed,
1205,40.17346666666667,2735,2,car,0.463521271944046,742.8262939453125,490.3544006347656,787.933349609375,511.5399169921875,0.3986353278160095,0.4638399481773376,0.0234932582825422,0.0196162182837724,reviewed,
1205,40.17346666666667,2366,2,car,0.1801839172840118,200.73635864257807,518.5908813476562,335.44158935546875,558.9345092773438,0.1396296769380569,0.4988543391227722,0.0701589733362197,0.0373552106320858,reviewed,
1205,40.17346666666667,2757,2,car,0.2805122435092926,588.6480712890625,501.51123046875,640.28564453125,524.7077026367188,0.3200348317623138,0.4751013815402984,0.0268945693969726,0.0214782152324914,reviewed,
1205,40.17346666666667,2761,2,car,0.4431866109371185,739.994384765625,490.4212341308594,778.9183349609375,513.4559936523438,0.3955501914024353,0.4647579491138458,0.0202728901058435,0.0213284809142351,reviewed,
1205,40.17346666666667,2762,2,car,0.3345000743865967,600.626708984375,505.74114990234375,640.9939575195312,522.7686767578125,0.3233386874198913,0.476161926984787,0.0210246089845895,0.0157662294805049,reviewed,
1205,40.17346666666667,2755,2,car,0.2737419605255127,762.94970703125,490.9050598144531,789.2008666992188,511.2174072265625,0.4042058885097503,0.4639455676078796,0.0136724794283509,0.0188077297061681,reviewed,
1206,40.206833333333336,749,2,car,0.943630039691925,764.1112060546875,431.4091796875,1232.819580078125,763.3046264648438,0.5200340747833252,0.553108274936676,0.2441189438104629,0.3073106110095978,reviewed,
1206,40.206833333333336,1292,2,car,0.8074376583099365,1275.9837646484375,463.9166870117188,1405.201904296875,518.39306640625,0.6982253789901733,0.4547730386257171,0.0673011168837547,0.0504410937428474,reviewed,
1206,40.206833333333336,2036,2,car,0.6149670481681824,423.0354919433594,508.3824157714844,497.58538818359375,539.320068359375,0.2397450059652328,0.4850474596023559,0.038828071206808,0.0286459755152463,reviewed,
1206,40.206833333333336,2129,2,car,0.2674014568328857,383.5443420410156,511.7046813964844,422.91217041015625,539.8098754882812,0.2100147306919098,0.4868122935295105,0.0205040778964757,0.0260233283042907,reviewed,
1206,40.206833333333336,2092,2,car,0.1442161649465561,282.0915832519531,519.36572265625,342.2036437988281,543.7650756835938,0.1625768840312957,0.4921902120113373,0.031308364123106,0.0225919932126998,reviewed,
1206,40.206833333333336,2696,2,car,0.5898709297180176,687.9828491210938,496.5268249511719,740.29736328125,518.5586547851562,0.3719479739665985,0.4699469804763794,0.0272471420466899,0.0203998424112796,reviewed,
1206,40.206833333333336,2656,2,car,0.3081518113613128,339.4718933105469,515.7236938476562,396.3177185058594,547.7957763671875,0.1916118711233139,0.4923701584339142,0.0296072009950876,0.0296963732689619,reviewed,
1206,40.206833333333336,2459,2,car,0.2520597577095032,297.4673156738281,520.2222290039062,344.60723876953125,547.5878295898438,0.1672069281339645,0.4943565130233764,0.0245520435273647,0.0253385193645954,reviewed,
1206,40.206833333333336,2725,2,car,0.3119111359119415,718.9293212890625,497.2256774902344,747.43212890625,515.11572265625,0.3818649649620056,0.4686765968799591,0.0148452119901776,0.0165648572146892,reviewed,
1206,40.206833333333336,2126,2,car,0.4748649597167969,41.22328186035156,517.6842651367188,131.2265167236328,570.1857299804688,0.0449088029563427,0.5036435127258301,0.0468766838312149,0.048612467944622,reviewed,
1206,40.206833333333336,2734,2,car,0.6618684530258179,1579.9813232421875,457.281494140625,1773.3896484375,499.031005859375,0.8732737302780151,0.4427372813224792,0.1007335036993026,0.0386569537222385,reviewed,
1206,40.206833333333336,2735,2,car,0.5985255837440491,743.7257080078125,489.93170166015625,784.1875,511.2789611816406,0.3978940546512604,0.4635234773159027,0.0210738498717546,0.019765980541706,reviewed,
1206,40.206833333333336,2366,7,truck,0.1033252924680709,201.1721954345703,518.1080932617188,336.4246520996094,558.677490234375,0.1399991810321808,0.4985118806362152,0.0704439878463745,0.0375642552971839,reviewed,
1206,40.206833333333336,2757,2,car,0.3326020538806915,591.3599243164062,503.0067443847656,640.7919921875,523.851318359375,0.3208728730678558,0.4753972291946411,0.0257458686828613,0.0193005315959453,reviewed,
1207,40.2402,749,2,car,0.9427704215049744,764.578857421875,431.2816162109375,1232.939453125,763.1566772460938,0.5201870799064636,0.5529806613922119,0.2439378052949905,0.307291716337204,reviewed,
1207,40.2402,1292,2,car,0.8081179857254028,1276.157958984375,463.8588562011719,1406.14013671875,518.39794921875,0.6985151171684265,0.4547485411167145,0.0676990523934364,0.0504991598427295,reviewed,
1207,40.2402,2036,2,car,0.4665541350841522,423.0603332519531,508.0389709472656,497.9286193847656,539.1007690429688,0.239840880036354,0.4847869277000427,0.0389938987791538,0.0287609249353408,reviewed,
1207,40.2402,2129,2,car,0.2015811949968338,383.75921630859375,511.2685852050781,423.7586364746094,539.6137084960938,0.210291102528572,0.4865196049213409,0.0208330322057008,0.0262454841285944,reviewed,
1207,40.2402,2092,2,car,0.1381505876779556,284.4450378417969,519.4186401367188,342.4770812988281,542.4760131835938,0.1632609665393829,0.491617888212204,0.030225021764636,0.0213494189083576,reviewed,
1207,40.2402,2696,2,car,0.5418023467063904,688.2113647460938,496.3952941894531,734.8583374023438,518.1036376953125,0.3705910742282867,0.4696754217147827,0.0242952983826398,0.0201003178954124,reviewed,
1207,40.2402,2656,2,car,0.362772524356842,339.3916320800781,515.2786254882812,396.32025146484375,547.5225830078125,0.1915916502475738,0.4920376241207123,0.0296503230929374,0.029855515807867,reviewed,
1207,40.2402,2459,2,car,0.2358321994543075,299.6512756347656,520.3773803710938,345.1328430175781,547.53515625,0.1679125279188156,0.49440398812294,0.0236883163452148,0.0251460894942283,reviewed,
1207,40.2402,2725,2,car,0.2886147201061249,718.7730712890625,497.6695556640625,748.3538818359375,514.8323364257812,0.3820643126964569,0.4687508642673492,0.015406671911478,0.0158914644271135,reviewed,
1207,40.2402,2126,2,car,0.5116060376167297,42.23180389404297,517.4439697265625,131.36959838867188,569.9173583984375,0.0452087000012397,0.5034080147743225,0.0464259348809719,0.048586469143629,reviewed,
1207,40.2402,2734,2,car,0.4378476738929748,1576.62353515625,457.656005859375,1787.32763671875,498.4244995117188,0.8760289549827576,0.442629873752594,0.1097417175769805,0.0377486050128936,reviewed,
1207,40.2402,2366,2,car,0.2134175300598144,201.3631134033203,519.56689453125,336.9786071777344,558.7080078125,0.1401931643486023,0.4992013573646545,0.0706330686807632,0.0362417697906494,reviewed,
1207,40.2402,2757,2,car,0.2613430917263031,591.32080078125,502.4127197265625,640.8436889648438,524.810302734375,0.3208761811256408,0.4755662083625793,0.025793170556426,0.0207385029643774,reviewed,
1207,40.2402,2761,2,car,0.4398587048053741,736.6365356445312,490.1818237304688,772.115478515625,512.802490234375,0.3929041624069214,0.4643445909023285,0.0184786152094602,0.0209450609982013,reviewed,
1207,40.2402,2762,2,car,0.3567101061344147,597.6672973632812,505.5386962890625,641.2286376953125,522.6068725585938,0.3226291537284851,0.4759933054447174,0.0226881988346576,0.0158038660883903,reviewed,
1207,40.2402,2755,2,car,0.5521332025527954,757.9257202148438,490.45123291015625,782.2942504882812,511.2181701660156,0.4010989367961883,0.4637358486652374,0.012691942974925,0.019228646531701,reviewed,
1208,40.27356666666667,749,2,car,0.9438456892967224,765.06298828125,431.4548034667969,1233.0316162109375,763.0191040039062,0.5203371644020081,0.5529971718788147,0.2437336593866348,0.3070039749145508,reviewed,
1208,40.27356666666667,1292,2,car,0.8110011219978333,1276.2254638671875,463.8793640136719,1406.9921875,518.457763671875,0.698754608631134,0.4547857344150543,0.0681076720356941,0.0505355559289455,reviewed,
1208,40.27356666666667,2036,2,car,0.4724386930465698,423.2384033203125,507.47607421875,498.468994140625,539.0280151367188,0.2400279641151428,0.4844926595687866,0.0391825996339321,0.0292147602885961,reviewed,
1208,40.27356666666667,2129,2,car,0.2422224134206771,383.83892822265625,511.2381286621094,422.9043884277344,539.4052124023438,0.2100894004106521,0.4864089488983154,0.0203465931117534,0.0260806325823068,reviewed,
1208,40.27356666666667,2092,2,car,0.1562899202108383,286.99786376953125,519.5100708007812,343.02557373046875,541.63916015625,0.1640686094760894,0.4912727773189544,0.0291810985654592,0.0204898975789546,reviewed,
1208,40.27356666666667,2696,2,car,0.5324904322624207,688.429931640625,496.1051635742188,735.1362915039062,517.764892578125,0.3707203567028045,0.4693842828273773,0.024326229467988,0.0200553052127361,reviewed,
1208,40.27356666666667,2656,2,car,0.3639671802520752,339.7130126953125,514.9105224609375,396.6692810058594,547.0255737304688,0.1917662322521209,0.4916370511054992,0.0296647232025861,0.0297361593693494,reviewed,
1208,40.27356666666667,2459,2,car,0.268795371055603,297.4716796875,520.3418579101562,345.0512084960937,546.6307983398438,0.1673236638307571,0.4939688146114349,0.0247810054570436,0.0243416111916303,reviewed,
1208,40.27356666666667,2725,2,car,0.3155927956104278,718.184326171875,497.8069458007813,748.56640625,514.8275146484375,0.3819663226604461,0.4688122570514679,0.0158239994198083,0.0157597865909338,reviewed,
1208,40.27356666666667,2126,2,car,0.5515088438987732,43.32848358154297,517.1415405273438,131.6055908203125,569.566162109375,0.0455557517707347,0.5031054615974426,0.045977659523487,0.0485413148999214,reviewed,
1208,40.27356666666667,2734,2,car,0.6169754862785339,1625.7237548828125,460.14837646484375,1800.5419921875,498.6021423339844,0.8922566771507263,0.443865954875946,0.0910511687397956,0.0356053374707698,reviewed,
1208,40.27356666666667,2366,2,car,0.2335973232984542,202.0103759765625,520.445556640625,337.4635009765625,558.61767578125,0.1404879838228225,0.4995663166046142,0.0705485045909881,0.0353445559740066,reviewed,
1208,40.27356666666667,2757,2,car,0.4141528904438019,590.319091796875,502.935791015625,641.1973266601562,523.4886474609375,0.3207073807716369,0.47519651055336,0.026499081403017,0.0190304219722747,reviewed,
1208,40.27356666666667,2755,2,car,0.5619499683380127,750.2367553710938,490.7275695800781,780.0430297851562,510.9148254394531,0.3985103666782379,0.4637233316898346,0.0155241014435887,0.0186919029802083,reviewed,
1208,40.27356666666667,2727,2,car,0.4843148291110992,1561.438232421875,456.7716979980469,1685.8858642578125,494.3795166015625,0.8456573486328125,0.4403477907180786,0.0648164749145507,0.0348220542073249,reviewed,
1208,40.27356666666667,2735,2,car,0.5123830437660217,738.0397338867188,490.05609130859375,780.2548828125,511.3414306640625,0.3953892290592193,0.4636099636554718,0.0219870563596487,0.0197086483240127,reviewed,
1209,40.30693333333333,749,2,car,0.943259298801422,765.345947265625,431.5257263183594,1233.1185302734375,762.9420776367188,0.5204334855079651,0.5529943108558655,0.2436315566301345,0.3068670034408569,reviewed,
1209,40.30693333333333,1292,2,car,0.8173344135284424,1276.38916015625,463.8777770996094,1407.5191650390625,518.4617309570312,0.6989344358444214,0.4547868072986603,0.068296879529953,0.0505406968295574,reviewed,
1209,40.30693333333333,2036,2,car,0.4665075838565826,423.74560546875,507.2281188964844,498.3577575683594,538.92822265625,0.2401310950517654,0.4843316674232483,0.0388604961335659,0.0293519478291273,reviewed,
1209,40.30693333333333,2129,2,car,0.2266950160264969,384.2726440429688,511.1934814453125,422.2403259277344,539.5634765625,0.2100294083356857,0.4864615499973297,0.0197748336941003,0.0262685138732194,reviewed,
1209,40.30693333333333,2092,2,car,0.1376198232173919,287.8333435058594,519.6198120117188,343.4079895019531,541.8178100585938,0.1643857657909393,0.4914062917232513,0.0289451275020837,0.0205537024885416,reviewed,
1209,40.30693333333333,2696,2,car,0.5065706968307495,688.6116333007812,496.2086791992188,741.0103149414062,517.763916015625,0.3722973763942718,0.4694317579269409,0.0272909794002771,0.0199585519731044,reviewed,
1209,40.30693333333333,2656,2,car,0.3839676678180694,339.7808532714844,515.0723266601562,397.8558044433594,546.7882080078125,0.1920928806066513,0.4916021227836609,0.0302473697811365,0.0293665565550327,reviewed,
1209,40.30693333333333,2459,2,car,0.2848805487155914,297.30255126953125,520.5735473632812,345.7696838378906,546.897216796875,0.1674667298793792,0.4941993951797485,0.0252432990819215,0.0243737678974866,reviewed,
1209,40.30693333333333,2725,2,car,0.2382599860429763,717.8556518554688,496.8241882324219,748.3358764648438,514.6812133789062,0.3818207085132599,0.4682895243167877,0.0158751178532838,0.0165342818945646,reviewed,
1209,40.30693333333333,2126,2,car,0.5609268546104431,43.70609664916992,516.986572265625,131.939453125,569.3184814453125,0.0457410290837287,0.5029190182685852,0.0459548719227314,0.0484554730355739,reviewed,
1209,40.30693333333333,2734,2,car,0.7563434839248657,1647.80078125,460.8427429199219,1813.697509765625,499.2466430664063,0.9014318585395812,0.4444858133792877,0.0864045470952987,0.0355591662228107,reviewed,
1209,40.30693333333333,2366,2,car,0.2483462542295456,202.9880523681641,521.0289306640625,337.76251220703125,558.5665283203125,0.1408204585313797,0.4998127222061157,0.0701950341463089,0.0347570367157459,reviewed,
1209,40.30693333333333,2757,2,car,0.4570779800415039,588.8775634765625,503.1481628417969,641.3543090820312,523.08984375,0.3203729093074798,0.4751102030277252,0.0273316390812397,0.0184645187109708,reviewed,
1209,40.30693333333333,2755,2,car,0.5962529182434082,748.8014526367188,489.1398620605469,778.7318725585938,510.9966735839844,0.3977951407432556,0.4630261659622192,0.0155887603759765,0.0202377885580062,reviewed,
1209,40.30693333333333,2727,2,car,0.674204409122467,1552.8765869140625,456.1878967285156,1682.6148681640625,495.0005493164063,0.8425759077072144,0.4403650462627411,0.0675720199942588,0.0359376408159732,reviewed,
1209,40.30693333333333,2735,2,car,0.59169602394104,735.6757202148438,489.0912170410156,779.08349609375,511.434814453125,0.3944685757160187,0.4632064700126648,0.0226082168519496,0.0206885170191526,reviewed,
1209,40.30693333333333,2761,2,car,0.278350830078125,730.9867553710938,492.1896057128906,768.5757446289062,514.432861328125,0.3905110657215118,0.4660288989543915,0.0195775981992483,0.0205956064164638,reviewed,
1210,40.3403,749,2,car,0.9429516196250916,765.4020385742188,431.5988464355469,1233.0623779296875,762.9088134765625,0.5204334259033203,0.5530128479003906,0.2435730993747711,0.3067684769630432,reviewed,
1210,40.3403,1292,2,car,0.81102454662323,1276.345947265625,463.8184814453125,1407.6351318359375,518.4628295898438,0.69895339012146,0.4547598659992218,0.0683797821402549,0.0505966171622276,reviewed,
1210,40.3403,2036,2,car,0.4336795508861542,423.97705078125,507.1874084472656,498.1830139160156,538.8176879882812,0.2401458472013473,0.4842616319656372,0.0386489406228065,0.0292872954159975,reviewed,
1210,40.3403,2129,2,car,0.2308088392019271,384.2784729003906,511.0481262207031,421.9255065917969,539.7652587890625,0.2099489569664001,0.4864876568317413,0.0196078307926654,0.0265899375081062,reviewed,
1210,40.3403,2092,2,car,0.1203565075993537,287.9666442871094,519.7095947265625,343.0943298339844,541.7496948242188,0.1643387973308563,0.4914163053035736,0.028712335973978,0.0204074997454881,reviewed,
1210,40.3403,2696,2,car,0.4803275167942047,688.6932373046875,496.2668762207031,742.0726928710938,517.7958984375,0.3725952804088592,0.4694734811782837,0.0278018005192279,0.0199342798441648,reviewed,
1210,40.3403,2656,2,car,0.3692848682403564,339.7125549316406,514.9725952148438,398.2137756347656,546.6543579101562,0.1921683102846145,0.4914939701557159,0.0304693859070539,0.0293349660933017,reviewed,
1210,40.3403,2459,2,car,0.2684506475925445,298.05059814453125,520.847900390625,345.8708801269531,546.8944091796875,0.1676878929138183,0.4943251311779022,0.0249063968658447,0.024117138236761,reviewed,
1210,40.3403,2725,2,car,0.2711519598960876,718.1029052734375,496.2148132324219,751.9147338867188,514.697265625,0.3828170895576477,0.4680148661136627,0.017610328271985,0.0171133819967508,reviewed,
1210,40.3403,2126,2,car,0.5745155215263367,43.93940734863281,517.231201171875,131.93040466308594,569.2477416992188,0.0457994304597377,0.5029995441436768,0.0458286441862583,0.0481634624302387,reviewed,
1210,40.3403,2734,2,car,0.7422614097595215,1664.5848388671875,459.995361328125,1826.0169677734373,499.158203125,0.909010887145996,0.4440525770187378,0.08407923579216,0.0362618900835514,reviewed,
1210,40.3403,2366,2,car,0.2432833164930343,203.1695709228516,521.1767578125,337.90118408203125,558.591552734375,0.1409038454294204,0.4998927414417267,0.0701727122068405,0.0346433296799659,reviewed,
1210,40.3403,2757,2,car,0.4562171995639801,588.2899780273438,503.3118896484375,641.2420043945312,523.1119995117188,0.3201906085014343,0.4751962125301361,0.0275791808962821,0.0183334350585937,reviewed,
1210,40.3403,2755,2,car,0.4898765087127685,749.6055297851562,489.2760620117188,778.0122680664062,511.21588134765625,0.3978171348571777,0.4631907045841217,0.0147951757535338,0.020314646884799,reviewed,
1210,40.3403,2727,2,car,0.7946578860282898,1545.5162353515625,455.8213806152344,1681.2362060546875,495.8025817871094,0.8403001427650452,0.4405666589736938,0.0706874877214431,0.0370196290314197,reviewed,
1210,40.3403,2735,2,car,0.3101809620857239,734.9144287109375,489.4658508300781,778.2598876953125,512.2421875,0.3940558135509491,0.4637537002563476,0.0225757602602243,0.0210891999304294,reviewed,
1210,40.3403,2761,2,car,0.2321946918964386,726.96923828125,491.1538696289063,764.9840087890625,512.9163818359375,0.3885294795036316,0.4648473262786865,0.0197993591427803,0.0201504733413457,reviewed,
1211,40.373666666666665,749,2,car,0.9423344731330872,765.4484252929688,431.6550903320313,1233.0203857421875,762.8199462890625,0.520434558391571,0.5529977083206177,0.2435270696878433,0.3066341280937195,reviewed,
1211,40.373666666666665,1292,2,car,0.818493664264679,1276.2532958984375,463.7751770019531,1407.6070556640625,518.4602661132812,0.6989219784736633,0.4547386467456817,0.0684134140610694,0.0506343431770801,reviewed,
1211,40.373666666666665,2036,2,car,0.4651314616203308,423.917724609375,507.2057800292969,497.7154846191406,538.8953857421875,0.2400086373090744,0.4843060970306396,0.038436334580183,0.0293422266840934,reviewed,
1211,40.373666666666665,2129,2,car,0.2353355139493942,384.3347778320313,511.2060241699219,421.9738464355469,539.8443603515625,0.2099761962890625,0.4865974187850952,0.0196036808192729,0.0265169776976108,reviewed,
1211,40.373666666666665,2092,2,car,0.1294628083705902,287.843505859375,519.7368774414062,343.01739501953125,541.658935546875,0.1642866879701614,0.4913869202136993,0.0287364013493061,0.0202982015907764,reviewed,
1211,40.373666666666665,2696,2,car,0.4786687791347503,688.7440795898438,496.3182373046875,742.1663818359375,517.733642578125,0.3726329207420349,0.4694684743881225,0.0278241150081157,0.0198290795087814,reviewed,
1211,40.373666666666665,2656,2,car,0.3698303401470184,339.9901428222656,515.2596435546875,398.08251953125,546.6519775390625,0.1922064125537872,0.4916257560253143,0.0302564464509487,0.029066976159811,reviewed,
1211,40.373666666666665,2459,2,car,0.2699989378452301,299.30633544921875,520.8870239257812,345.7366027832031,546.8168334960938,0.1679799407720565,0.4943073391914367,0.0241824313998222,0.0240090824663639,reviewed,
1211,40.373666666666665,2725,2,car,0.2690044343471527,717.3892211914062,495.7659912109375,751.5648193359375,514.7388305664062,0.3825401365756988,0.4678263068199157,0.0177997909486293,0.0175674445927143,reviewed,
1211,40.373666666666665,2126,2,car,0.5826199650764465,43.9467658996582,517.4171142578125,131.95408630371094,569.3319091796875,0.0458075143396854,0.5031245350837708,0.0458371490240097,0.0480692535638809,reviewed,
1211,40.373666666666665,2734,2,car,0.7936051487922668,1679.5452880859375,458.6100158691406,1834.5220947265625,499.2908020019531,0.9151217341423036,0.4434725940227508,0.0807170867919921,0.0376673936843872,reviewed,
1211,40.373666666666665,2366,2,car,0.2367410361766815,203.2682647705078,521.1043701171875,337.9512939453125,558.5830688476562,0.1409425884485244,0.4998553097248077,0.0701474100351333,0.0347024984657764,reviewed,
1211,40.373666666666665,2757,2,car,0.4950234591960907,588.414794921875,503.88519287109375,641.1907958984375,522.7581787109375,0.320209801197052,0.4752978384494781,0.0274874996393919,0.0174749866127967,reviewed,
1211,40.373666666666665,2755,2,car,0.4043631851673126,746.9696655273438,489.5517272949219,775.6492309570312,511.3220825195313,0.3965153396129608,0.4633674919605255,0.0149372732266783,0.0201577357947826,reviewed,
1211,40.373666666666665,2727,2,car,0.7635865807533264,1539.5780029296875,456.0855407714844,1677.1749267578125,495.6036682128906,0.8376960754394531,0.4405968487262726,0.0716650635004043,0.0365908592939376,reviewed,
1211,40.373666666666665,2735,2,car,0.2770439684391022,735.0288696289062,490.20208740234375,774.5252685546875,512.5252685546875,0.3931130766868591,0.4642256200313568,0.0205710418522357,0.020669613033533,reviewed,
1211,40.373666666666665,2761,2,car,0.1985757499933242,723.6611938476562,490.8193664550781,766.0035400390625,512.871337890625,0.3879335522651672,0.4646716117858886,0.0220533050596714,0.0204184912145137,reviewed,
1212,40.40703333333333,749,2,car,0.9427709579467772,765.1048583984375,431.7359313964844,1232.6492919921875,762.7682495117188,0.5202484726905823,0.5530111789703369,0.2435127198696136,0.3065114021301269,reviewed,
1212,40.40703333333333,1292,2,car,0.8229524493217468,1275.936279296875,463.8639831542969,1407.115234375,518.3600463867188,0.6987113356590271,0.4547333419322967,0.0683223754167556,0.0504593178629875,reviewed,
1212,40.40703333333333,2036,2,car,0.4891309738159179,422.9592895507813,507.35791015625,497.474365234375,539.5602416992188,0.2396962642669677,0.4846843481063843,0.0388099364936351,0.0298169739544391,reviewed,
1212,40.40703333333333,2129,2,car,0.2067796736955642,383.2164306640625,511.4405212402344,422.1227416992188,539.653564453125,0.2097237408161163,0.4866176545619964,0.0202637035399675,0.0261231884360313,reviewed,
1212,40.40703333333333,2092,2,car,0.1096690818667411,288.9290771484375,520.398681640625,337.9995422363281,543.0664672851562,0.1632626503705978,0.4923449456691742,0.0255575347691774,0.0209886897355318,reviewed,
1212,40.40703333333333,2696,2,car,0.4636716842651367,688.5841674804688,496.2593383789063,734.9462890625,517.7197875976562,0.3707110583782196,0.4694347679615021,0.0241469386965036,0.0198707859963178,reviewed,
1212,40.40703333333333,2656,2,car,0.3074209690093994,339.4607849121094,515.1937255859375,393.4810485839844,547.1000366210938,0.1908702701330185,0.4918026328086853,0.0281355548650026,0.0295428801327943,reviewed,
1212,40.40703333333333,2459,2,car,0.1899018138647079,295.9910888671875,520.6709594726562,345.2167053222656,548.1044921875,0.1669811904430389,0.4948034286499023,0.0256383419036865,0.0254014190286397,reviewed,
1212,40.40703333333333,2725,2,car,0.2791047096252441,718.1304321289062,494.5975036621094,749.7392578125,514.7881469726562,0.382257729768753,0.4673081636428833,0.016462929546833,0.0186950396746397,reviewed,
1212,40.40703333333333,2126,2,car,0.5075896978378296,42.6800651550293,517.5775146484375,131.5961456298828,569.7182006835938,0.0453844293951988,0.5033776164054871,0.0463104583323001,0.0482784137129783,reviewed,
1212,40.40703333333333,2734,2,car,0.808444082736969,1688.4095458984375,459.4561767578125,1833.956298828125,500.6694030761719,0.91728276014328,0.444502592086792,0.0758055970072746,0.0381603948771953,reviewed,
1212,40.40703333333333,2366,2,car,0.1489125192165374,202.07540893554688,520.314208984375,338.8335876464844,558.1671142578125,0.1408617198467254,0.4992969036102295,0.0712282210588455,0.0350489877164363,reviewed,
1212,40.40703333333333,2757,2,car,0.4985451698303222,588.8173217773438,504.1640319824219,641.0523681640625,522.8665771484375,0.3202785551548004,0.4754771590232849,0.027205754071474,0.017317172139883,reviewed,
1212,40.40703333333333,2755,2,car,0.3799666464328766,743.8602294921875,489.3097839355469,771.532470703125,511.3671875,0.3946335017681122,0.4632763862609863,0.0144126256927847,0.0204235222190618,reviewed,
1212,40.40703333333333,2727,2,car,0.7349570989608765,1533.578125,456.2176818847656,1671.7298583984375,495.24908447265625,0.8347156643867493,0.4404938817024231,0.0719540268182754,0.0361401885747909,reviewed,
1212,40.40703333333333,2735,2,car,0.274141252040863,729.1929321289062,490.3267517089844,770.7100219726562,512.3306884765625,0.3905997276306152,0.4641932845115661,0.0216234847903251,0.0203740149736404,reviewed,
1212,40.40703333333333,2761,2,car,0.1815495640039444,719.6519775390625,491.9844970703125,762.8846435546875,514.1961669921875,0.3860772550106048,0.4658243954181671,0.0225170142948627,0.0205663610249757,reviewed,
1213,40.4404,749,2,car,0.9455018639564514,764.500244140625,431.9298706054688,1232.5401611328125,762.9110717773438,0.5200626254081726,0.5531671047210693,0.2437707930803299,0.3064640760421753,reviewed,
1213,40.4404,1292,2,car,0.8056902885437012,1275.63232421875,463.8401794433594,1406.419189453125,518.2621459960938,0.6984509229660034,0.4546769857406616,0.0681181624531745,0.0503907091915607,reviewed,
1213,40.4404,2036,2,car,0.5223544836044312,422.8078002929688,507.71099853515625,497.3095703125,539.5745849609375,0.2396139055490493,0.4848544597625732,0.0388030037283897,0.029503321275115,reviewed,
1213,40.4404,2129,2,car,0.3027782738208771,382.65435791015625,511.8544616699219,421.7549133300781,539.6932983398438,0.2094815820455551,0.4868276417255401,0.020364873111248,0.0257767010480165,reviewed,
1213,40.4404,2092,2,car,0.1425923705101013,288.7969055175781,520.0567626953125,340.9878845214844,545.2462158203125,0.1640064567327499,0.4931958317756653,0.0271828006953001,0.0233235675841569,reviewed,
1213,40.4404,2696,2,car,0.4711241126060486,688.68359375,496.1042785644531,729.5633544921875,517.779296875,0.3693351447582245,0.4693905413150787,0.0212915427982807,0.0200694613158702,reviewed,
1213,40.4404,2656,2,car,0.2919675707817077,339.5177917480469,515.6367797851562,392.2366333007813,547.5193481445312,0.1905610412359237,0.4922019243240356,0.0274577308446168,0.0295208971947431,reviewed,
1213,40.4404,2459,2,car,0.2535024285316467,298.89794921875,520.8131713867188,344.60400390625,547.8304443359375,0.167578637599945,0.4947423934936523,0.0238052364438772,0.0250159930437803,reviewed,
1213,40.4404,2725,2,car,0.2644935846328735,718.181396484375,493.5019226074219,749.3155517578125,514.8414306640625,0.3821606636047363,0.4668256342411041,0.016215706244111,0.0197588037699461,reviewed,
1213,40.4404,2126,2,car,0.4407247602939605,41.737586975097656,517.779052734375,131.8054656982422,570.5806884765625,0.0451935045421123,0.5038702487945557,0.0469103530049324,0.0488904044032096,reviewed,
1213,40.4404,2734,2,car,0.7180205583572388,1698.96875,459.8344421386719,1833.035888671875,500.6382446289063,0.919792890548706,0.444663256406784,0.0698266327381134,0.0377812981605529,reviewed,
1213,40.4404,2366,2,car,0.1560345590114593,201.3046722412109,520.1404418945312,337.8670349121094,558.6307373046875,0.1404092907905578,0.4994311332702636,0.0711262300610542,0.0356391631066799,reviewed,
1213,40.4404,2757,2,car,0.5028166770935059,588.863037109375,504.5635986328125,640.9972534179688,523.3758544921875,0.320276141166687,0.4758979082107544,0.0271532367914915,0.0174187552183866,reviewed,
1213,40.4404,2755,2,car,0.2990873754024505,742.5990600585938,490.4884338378906,769.6044311523438,512.3605346679688,0.3938030004501343,0.4642819464206695,0.0140652973204851,0.0202519446611404,reviewed,
1213,40.4404,2727,2,car,0.7380446791648865,1527.8544921875,455.86077880859375,1665.707275390625,496.1116943359375,0.8316566944122314,0.4407280087471008,0.0717983245849609,0.037269365042448,reviewed,
1213,40.4404,2735,2,car,0.2117496281862259,723.9632568359375,490.6107482910156,768.1668701171875,513.2273559570312,0.3885755538940429,0.4647398889064789,0.0230227150022983,0.0209413040429353,reviewed,
1213,40.4404,2772,7,truck,0.3256053626537323,41.77864074707031,518.3019409179688,131.02145385742188,570.654052734375,0.0450000241398811,0.5041463375091553,0.0464806333184242,0.0484741777181625,reviewed,
1214,40.47376666666667,749,2,car,0.9465619325637816,764.177978515625,432.1012268066406,1232.524658203125,762.9618530273438,0.5199746489524841,0.5532699823379517,0.2439305633306503,0.306352436542511,reviewed,
1214,40.47376666666667,1292,2,car,0.7898202538490295,1275.3861083984375,463.8353576660156,1405.3809814453125,518.2459716796875,0.6981164216995239,0.4546672701835632,0.0677056610584259,0.0503801964223384,reviewed,
1214,40.47376666666667,2036,2,car,0.5655307173728943,422.9189758300781,508.2557373046875,497.3106994628906,539.5091552734375,0.2396431416273117,0.4850763380527496,0.0387456901371479,0.0289383493363857,reviewed,
1214,40.47376666666667,2129,2,car,0.3656900227069855,382.67376708984375,512.9862060546875,421.4881896972656,540.2100830078125,0.2094171792268753,0.487590879201889,0.0202158447355031,0.0252072941511869,reviewed,
1214,40.47376666666667,2092,2,car,0.3011528551578522,289.50177001953125,520.354248046875,342.8642883300781,547.1104736328125,0.1646786630153656,0.4941966235637665,0.0277929790318012,0.0247742831707,reviewed,
1214,40.47376666666667,2696,2,car,0.4791052639484405,688.7732543945312,496.0538635253906,727.1483764648438,517.9735107421875,0.3687295913696289,0.4694570899009704,0.0199870429933071,0.0202959701418876,reviewed,
1214,40.47376666666667,2656,2,car,0.3486217558383941,339.7821655273437,516.4679565429688,391.9119567871094,548.0669555664062,0.1905453354120254,0.4928402304649353,0.0271509326994419,0.0292583331465721,reviewed,
1214,40.47376666666667,2459,2,car,0.1198040097951889,287.1560974121094,519.8997192382812,343.0566711425781,544.6989135742188,0.1641179025173187,0.4928697347640991,0.029114881530404,0.0229622162878513,reviewed,
1214,40.47376666666667,2725,2,car,0.2546800076961517,718.43212890625,493.6710205078125,749.4691162109375,514.955078125,0.382265955209732,0.4669565260410309,0.0161650981754064,0.0197074599564075,reviewed,
1214,40.47376666666667,2126,7,truck,0.3137108385562897,42.16209030151367,518.522216796875,131.57766723632812,570.5367431640625,0.0452447310090065,0.5041939616203308,0.0465706102550029,0.0481615997850894,reviewed,
1214,40.47376666666667,2734,2,car,0.7492418885231018,1710.6619873046875,459.3399963378906,1832.519287109375,500.4604797363281,0.9227034449577332,0.4443520605564117,0.0634673461318016,0.0380745232105255,reviewed,
1214,40.47376666666667,2366,2,car,0.1883558332920074,200.54833984375,520.3073120117188,337.8894348144531,559.018310546875,0.1402181684970855,0.4996878206729889,0.0715318173170089,0.0358435176312923,reviewed,
1214,40.47376666666667,2757,2,car,0.4276791214942932,589.6426391601562,504.7065734863281,641.0096435546875,523.851806640625,0.3204823732376098,0.4761844277381897,0.0267536472529172,0.0177270676940679,reviewed,
1214,40.47376666666667,2755,2,car,0.3004005253314972,740.4822998046875,490.8656005859375,766.142822265625,512.7628173828125,0.392350286245346,0.4646427929401397,0.0133648552000522,0.0202752016484737,reviewed,
1214,40.47376666666667,2727,2,car,0.7508333325386047,1522.6539306640625,456.0315856933594,1660.066162109375,495.5060729980469,0.8288334012031555,0.4405266940593719,0.0715688690543174,0.0365504510700702,reviewed,
1214,40.47376666666667,2735,2,car,0.2478273808956146,724.5780639648438,491.03717041015625,765.6077270507812,513.8007202148438,0.388069212436676,0.4652027189731598,0.0213696155697107,0.0210773609578609,reviewed,
1214,40.47376666666667,2772,2,car,0.5152474045753479,41.688621520996094,518.6986694335938,131.2075653076172,570.58203125,0.0450250469148159,0.5042966604232788,0.0466244481503963,0.0480401515960693,reviewed,
1215,40.507133333333336,749,2,car,0.9479321241378784,764.0703735351562,432.3460998535156,1232.755126953125,763.0445556640625,0.5200065970420837,0.5534215569496155,0.2441066354513168,0.3062022626399994,reviewed,
1215,40.507133333333336,1292,2,car,0.7997646331787109,1275.4581298828125,463.8567504882813,1405.2340087890625,518.2836303710938,0.6980969309806824,0.4546946287155151,0.0675916001200676,0.0503952577710151,reviewed,
1215,40.507133333333336,2036,2,car,0.6175184845924377,422.8199157714844,508.9686279296875,497.4637756347656,539.720947265625,0.2396572083234787,0.4855044186115265,0.0388770103454589,0.0284743700176477,reviewed,
1215,40.507133333333336,2129,2,car,0.3865461051464081,383.4013671875,513.5958862304688,421.2723083496094,540.5220336914062,0.2095504403114318,0.4880175590515136,0.0197244491428136,0.0249316189438104,reviewed,
1215,40.507133333333336,2092,2,car,0.3264152705669403,289.43670654296875,520.5592651367188,343.8887023925781,547.91015625,0.1649284958839416,0.494661808013916,0.0283604152500629,0.0253248997032642,reviewed,
1215,40.507133333333336,2696,2,car,0.4999027550220489,688.9351196289062,496.1888427734375,728.583251953125,518.2005615234375,0.369145393371582,0.4696247279644012,0.0206500682979822,0.0203812215477228,reviewed,
1215,40.507133333333336,2656,2,car,0.3606394529342651,339.95660400390625,517.1353759765625,395.0548706054688,548.4732666015625,0.1914092451333999,0.493337333202362,0.0286970138549804,0.0290165655314922,reviewed,
1215,40.507133333333336,2459,2,car,0.1093043982982635,283.8680419921875,519.6278686523438,342.5672302246094,543.3460693359375,0.1631341874599456,0.4921175241470337,0.0305724944919347,0.0219612978398799,reviewed,
1215,40.507133333333336,2725,2,car,0.2890878021717071,718.7608032226562,493.64990234375,751.7449340820312,515.107666015625,0.3829441964626312,0.4670173823833465,0.0171792339533567,0.0198682993650436,reviewed,
1215,40.507133333333336,2734,2,car,0.7284656167030334,1729.3961181640625,459.3470153808594,1831.8411865234373,498.4169616699219,0.9274055361747742,0.4434092342853546,0.0533568076789379,0.0361758768558502,reviewed,
1215,40.507133333333336,2366,2,car,0.2045987993478775,200.3386383056641,520.7503051757812,337.3097839355469,559.237060546875,0.1400126069784164,0.4999941289424896,0.0713391378521919,0.0356358848512172,reviewed,
1215,40.507133333333336,2757,2,car,0.4419552087783813,589.7423706054688,504.7301025390625,641.2208251953125,524.187744140625,0.3205633163452148,0.4763508439064026,0.0268116947263479,0.0180163346230983,reviewed,
1215,40.507133333333336,2755,2,car,0.2971726655960083,738.0531616210938,491.6260070800781,764.1661987304688,513.1663208007812,0.3912029564380646,0.4651816487312317,0.0136005403473973,0.0199447348713874,reviewed,
1215,40.507133333333336,2727,2,car,0.6250264644622803,1517.4759521484375,457.0888366699219,1649.8382568359375,495.2453308105469,0.824821412563324,0.4408954381942749,0.0689387023448944,0.0353300869464874,reviewed,
1215,40.507133333333336,2735,2,car,0.2703430652618408,725.6781616210938,492.0802001953125,763.5518188476562,514.239013671875,0.387820303440094,0.4658885300159454,0.0197258628904819,0.0205174200236797,reviewed,
1216,40.5405,749,2,car,0.9450432062149048,763.8643798828125,432.1122131347656,1232.8729248046875,762.9340209960938,0.5199836492538452,0.5532621741294861,0.2442752867937088,0.3063164949417114,reviewed,
1216,40.5405,1292,2,car,0.7921502590179443,1275.4207763671875,464.0211791992188,1405.0760498046875,518.3848266601562,0.6980460286140442,0.4548175930976867,0.0675287917256355,0.0503367111086845,reviewed,
1216,40.5405,2036,2,car,0.6279639005661011,422.9154357910156,509.51214599609375,497.5721740722656,540.1607055664062,0.2397103160619735,0.4859596490859985,0.0388837195932865,0.0283782966434955,reviewed,
1216,40.5405,2129,2,car,0.3499569892883301,384.8324279785156,514.3236694335938,421.12701416015625,541.254150390625,0.2098852843046188,0.4886934757232666,0.0189034305512905,0.0249356310814619,reviewed,
1216,40.5405,2092,2,car,0.3889287412166595,291.2299194335937,520.7321166992188,344.9910888671875,548.4481811523438,0.1656825542449951,0.4949908852577209,0.0280006099492311,0.0256630219519138,reviewed,
1216,40.5405,2696,2,car,0.5289101004600525,689.4155883789062,496.5042114257813,730.1401977539062,518.1814575195312,0.3696759939193725,0.4697618782520294,0.0212107338011264,0.0200715232640504,reviewed,
1216,40.5405,2656,2,car,0.4265765249729156,340.2405700683594,517.2659912109375,399.6656188964844,548.4718627929688,0.1926839053630828,0.4933971166610718,0.0309505462646484,0.0288943257182836,reviewed,
1216,40.5405,2725,2,car,0.29409259557724,720.2579345703125,494.2243347167969,754.513427734375,515.380615234375,0.3840550482273102,0.4674097001552582,0.0178414024412632,0.0195891484618186,reviewed,
1216,40.5405,2734,2,car,0.7488839030265808,1736.17529296875,458.9371032714844,1830.677490234375,496.8169860839844,0.9288679361343384,0.442478746175766,0.0492198951542377,0.0350739657878875,reviewed,
1216,40.5405,2366,2,car,0.2690411806106567,201.48629760742188,521.844482421875,333.9642028808594,558.710693359375,0.1394402384757995,0.5002570152282715,0.0689989104866981,0.03413537889719,reviewed,
1216,40.5405,2757,2,car,0.4323638677597046,592.4072265625,505.0543212890625,641.457763671875,524.5332641601562,0.3213190138339996,0.4766609370708465,0.0255471542477607,0.0180360581725835,reviewed,
1216,40.5405,2755,2,car,0.2646217942237854,735.5216674804688,492.3606262207031,761.8339233398438,513.3460083007812,0.3899363577365875,0.4656049311161041,0.0137042999267578,0.0194309093058109,reviewed,
1216,40.5405,2727,2,car,0.611370861530304,1513.001953125,457.6224365234375,1639.42431640625,494.9270629882813,0.8209443688392639,0.4409951269626617,0.0658449828624725,0.0345413200557231,reviewed,
1216,40.5405,2775,2,car,0.4397774040699005,1131.4384765625,465.6782531738281,1188.6029052734375,502.48834228515625,0.6041774749755859,0.4482252895832062,0.0297731403261423,0.0340834148228168,reviewed,
1216,40.5405,2776,2,car,0.3530318737030029,688.4506225585938,495.367431640625,744.9578857421875,517.1945190429688,0.3732834458351135,0.4687786698341369,0.029430866241455,0.0202102661132812,reviewed,
1216,40.5405,2126,2,car,0.5773271322250366,41.88032531738281,519.4401245117188,130.9496307373047,570.5367431640625,0.0450078025460243,0.5046188831329346,0.0463902615010738,0.047311682254076,reviewed,
1217,40.57386666666667,749,2,car,0.9444146156311036,763.8400268554688,431.9513549804688,1232.90234375,762.9727172851562,0.519985020160675,0.5532056093215942,0.244303286075592,0.3065012693405151,reviewed,
1217,40.57386666666667,1292,2,car,0.8044961094856262,1275.484130859375,463.88092041015625,1405.552001953125,518.44140625,0.6981865167617798,0.4547788500785827,0.067743681371212,0.0505189672112464,reviewed,
1217,40.57386666666667,2036,2,car,0.6328232288360596,422.9049682617188,510.5191650390625,497.52874755859375,540.3390502929688,0.2396962791681289,0.4865083992481231,0.0388665534555912,0.0276110041886568,reviewed,
1217,40.57386666666667,2129,2,car,0.33681720495224,385.3392639160156,514.711669921875,421.1981506347656,541.6336059570312,0.2100357860326767,0.4890487194061279,0.0186765026301145,0.0249277185648679,reviewed,
1217,40.57386666666667,2092,2,car,0.3933720588684082,296.59881591796875,520.916748046875,345.59051513671875,548.7451782226562,0.1672368049621582,0.4952138364315033,0.0255165100097656,0.0257670655846595,reviewed,
1217,40.57386666666667,2696,2,car,0.5486966371536255,689.6609497070312,496.4915466308594,731.9176635742188,518.4797973632812,0.3702027499675751,0.469894140958786,0.0220087058842182,0.0203594919294118,reviewed,
1217,40.57386666666667,2656,2,car,0.4624128341674804,340.61798095703125,517.75732421875,400.350341796875,548.6678466796875,0.192960500717163,0.4937153458595276,0.031110605224967,0.0286208540201187,reviewed,
1217,40.57386666666667,2725,2,car,0.2763101160526275,723.2116088867188,494.4155883789063,755.153564453125,515.4835815429688,0.3849909603595733,0.4675459265708923,0.0166364349424839,0.0195074006915092,reviewed,
1217,40.57386666666667,2734,2,car,0.6814167499542236,1744.9014892578125,458.8594970703125,1831.1329345703125,495.1198425292969,0.9312589764595032,0.4416571259498596,0.0449122115969657,0.0335743948817253,reviewed,
1217,40.57386666666667,2366,2,car,0.2291725426912307,201.64874267578125,522.0059814453125,332.1756286621094,558.7634887695312,0.1390167623758316,0.5003562569618225,0.0679827556014061,0.0340347290039062,reviewed,
1217,40.57386666666667,2757,2,car,0.4702915847301483,592.902099609375,504.9762573242188,641.585693359375,524.7447509765625,0.3214811980724334,0.4767226576805115,0.0253560375422239,0.0183041598647832,reviewed,
1217,40.57386666666667,2755,2,car,0.2212353199720382,733.5899047851562,492.9282836914063,760.3781127929688,513.2438354492188,0.3890541791915893,0.4658204317092895,0.0139521919190883,0.0188106968998909,reviewed,
1217,40.57386666666667,2727,2,car,0.6690686345100403,1508.171142578125,457.8052673339844,1635.1104736328125,494.9075622558594,0.818562924861908,0.4410707652568817,0.0661142319440841,0.0343539752066135,reviewed,
1217,40.57386666666667,2775,2,car,0.5273075103759766,1135.2066650390625,468.1003723144531,1194.4580078125,502.4419860839844,0.6066834926605225,0.4493251740932464,0.0308600738644599,0.0317977890372276,reviewed,
1217,40.57386666666667,2776,2,car,0.2973609268665313,688.7179565429688,495.3621520996094,746.4036865234375,517.603515625,0.3737295866012573,0.4689655900001526,0.0300446506589651,0.0205938555300235,reviewed,
1217,40.57386666666667,2126,2,car,0.5825278759002686,41.54639434814453,519.5633544921875,130.71226501464844,570.69482421875,0.0448590293526649,0.5047491788864136,0.0464405566453933,0.0473439544439315,reviewed,
1218,40.60723333333333,749,2,car,0.944780707359314,763.8058471679688,431.86859130859375,1232.79052734375,762.959228515625,0.5199469923973083,0.553161084651947,0.2442628592252731,0.3065654039382934,reviewed,
1218,40.60723333333333,1292,2,car,0.8216727375984192,1275.6365966796875,463.7758483886719,1405.8193359375,518.4590454101562,0.6982958316802979,0.4547383487224579,0.0678035095334053,0.0506325885653495,reviewed,
1218,40.60723333333333,2036,2,car,0.6331043839454651,422.9614868164063,510.68365478515625,497.8634338378906,540.47216796875,0.2397981584072113,0.4866461753845215,0.0390114299952983,0.0275819562375545,reviewed,
1218,40.60723333333333,2129,2,car,0.3714445233345032,385.4287109375,514.6809692382812,421.3171691894531,541.9857177734375,0.2100900709629058,0.4891975820064544,0.0186919048428535,0.0252821743488311,reviewed,
1218,40.60723333333333,2092,2,car,0.3556107580661773,299.1949768066406,521.0675659179688,345.5783996582031,548.9690551757812,0.1679097265005111,0.495387315750122,0.0241580326110124,0.0258347131311893,reviewed,
1218,40.60723333333333,2696,2,car,0.528679370880127,690.161376953125,496.5845031738281,732.906982421875,518.5196533203125,0.3705907166004181,0.4699556231498718,0.0222633369266986,0.0203103236854076,reviewed,
1218,40.60723333333333,2656,2,car,0.455039232969284,340.4091491699219,518.1119384765625,399.6530456542969,548.8854370117188,0.1927245259284973,0.4939802289009094,0.0308561958372592,0.0284939799457788,reviewed,
1218,40.60723333333333,2725,2,car,0.2830591201782226,724.479736328125,494.5729675292969,755.7592163085938,515.8142700195312,0.3854789137840271,0.4677718579769134,0.0162913966923952,0.0196678731590509,reviewed,
1218,40.60723333333333,2734,2,car,0.4775606095790863,1755.8890380859375,458.4178466796875,1829.5906982421875,495.20989990234375,0.9337186813354492,0.4414943158626556,0.0383862815797328,0.0340667143464088,reviewed,
1218,40.60723333333333,2366,2,car,0.2799974679946899,201.7047119140625,522.3304443359375,332.5166931152344,559.2802124023438,0.1391201615333557,0.5007456541061401,0.0681312382221221,0.0342127494513988,reviewed,
1218,40.60723333333333,2757,2,car,0.478662371635437,595.3782958984375,505.13385009765625,641.6673583984375,524.8319702148438,0.3221473097801208,0.4768360257148742,0.02410888671875,0.0182390008121728,reviewed,
1218,40.60723333333333,2755,2,car,0.1773985624313354,731.4238891601562,493.2330932617188,758.3182983398438,513.2117309570312,0.3879536986351013,0.4659466743469238,0.0140075050294399,0.0184987392276525,reviewed,
1218,40.60723333333333,2727,2,car,0.7600605487823486,1503.3958740234375,456.8401489257813,1633.09521484375,495.34771728515625,0.8167945742607117,0.44082772731781,0.067551739513874,0.0356551557779312,reviewed,
1218,40.60723333333333,2775,2,car,0.5702065229415894,1134.2294921875,468.3975830078125,1201.52783203125,503.1191101074219,0.6082701086997986,0.4497762620449066,0.0350512191653251,0.0321495607495307,reviewed,
1218,40.60723333333333,2776,2,car,0.2990378439426422,689.0144653320312,495.461669921875,746.47216796875,517.794677734375,0.3738246262073517,0.469100147485733,0.0299258865416049,0.0206787101924419,reviewed,
1218,40.60723333333333,2126,2,car,0.5463032722473145,41.34148788452149,519.609375,130.34909057617188,571.2852172851562,0.0447110906243324,0.5050437450408936,0.046358123421669,0.0478480011224746,reviewed,
1219,40.6406,749,2,car,0.9430482983589172,763.7271118164062,431.57080078125,1232.6055908203125,762.89990234375,0.5198783278465271,0.5529956817626953,0.2442075461149215,0.3067862093448639,reviewed,
1219,40.6406,1292,2,car,0.810014545917511,1275.622802734375,463.6348876953125,1405.7667236328125,518.3529052734375,0.698278546333313,0.4546239674091339,0.0677832886576652,0.0506648309528827,reviewed,
1219,40.6406,2036,2,car,0.6349225640296936,423.152099609375,510.6901245117188,498.0758666992188,540.3819580078125,0.2399031221866607,0.4866074025630951,0.0390227958559989,0.0274924375116825,reviewed,
1219,40.6406,2129,2,car,0.3885140120983124,385.5569763183594,514.7532958984375,421.2725524902344,542.0829467773438,0.2101118564605713,0.4892760217189789,0.0186018627136945,0.0253052320331335,reviewed,
1219,40.6406,2092,2,car,0.4004953801631927,298.0969543457031,521.1812133789062,345.9223937988281,549.049560546875,0.1677133738994598,0.4954771697521209,0.0249090828001499,0.0258040260523557,reviewed,
1219,40.6406,2656,2,car,0.4524548947811126,340.49273681640625,517.8802490234375,401.34320068359375,548.911865234375,0.1931864470243454,0.4938852488994598,0.031692948192358,0.0287329778075218,reviewed,
1219,40.6406,2725,2,car,0.2178442329168319,722.04052734375,494.3570251464844,752.9832763671875,516.2392578125,0.3841207921504974,0.4678686559200287,0.016116015613079,0.0202613268047571,reviewed,
1219,40.6406,2734,2,car,0.5561829805374146,1767.2884521484375,458.2269592285156,1829.5330810546875,494.6740417480469,0.9366722702980042,0.4411578774452209,0.0324190780520439,0.0337472967803478,reviewed,
1219,40.6406,2366,2,car,0.2976995706558227,201.76193237304688,522.7432250976562,332.8137512207031,559.7163696289062,0.1392124146223068,0.5011386871337891,0.0682561546564102,0.0342343933880329,reviewed,
1219,40.6406,2757,2,car,0.4815009832382202,596.2826538085938,505.0900573730469,641.7095947265625,524.7503662109375,0.3223938047885895,0.4767780005931854,0.0236598644405603,0.0182039905339479,reviewed,
1219,40.6406,2727,2,car,0.8081367611885071,1498.546142578125,456.5379028320313,1630.818603515625,495.7081298828125,0.8149387240409851,0.4408546388149261,0.0688919052481651,0.0362687297165393,reviewed,
1219,40.6406,2775,2,car,0.5389635562896729,1132.2213134765625,466.1663208007813,1210.759033203125,502.1790771484375,0.6101511716842651,0.4483080506324768,0.0409050621092319,0.0333451442420482,reviewed,
1219,40.6406,2776,2,car,0.5098313689231873,689.7322387695312,495.4681091308594,742.1588134765625,518.7330932617188,0.3728882968425751,0.4695375859737396,0.0273055080324411,0.0215416513383388,reviewed,
1219,40.6406,2126,2,car,0.5079641938209534,41.16199493408203,519.5272827148438,130.12042236328125,571.46337890625,0.0446047931909561,0.5050882697105408,0.0463325157761573,0.0480889789760112,reviewed,
1220,40.673966666666665,749,2,car,0.943924605846405,763.17138671875,431.5182189941406,1232.1923828125,762.7686767578125,0.5196259617805481,0.552910566329956,0.2442817687988281,0.3067133724689483,reviewed,
1220,40.673966666666665,1292,2,car,0.8145381808280945,1275.2877197265625,463.6985168457031,1405.028076171875,518.3006591796875,0.6979989409446716,0.4546292424201965,0.0675731003284454,0.0505575388669967,reviewed,
1220,40.673966666666665,2036,2,car,0.6055386662483215,423.7623901367188,510.796630859375,497.4937133789063,540.3255004882812,0.2399104386568069,0.4866305887699127,0.0384017303586006,0.0273415464907884,reviewed,
1220,40.673966666666665,2129,2,car,0.3863751590251922,385.6560668945313,514.409423828125,420.95416259765625,542.0372314453125,0.2100547403097152,0.4890956878662109,0.0183844249695539,0.0255813039839267,reviewed,
1220,40.673966666666665,2092,2,car,0.3305000960826874,296.88433837890625,521.3663330078125,345.5407409667969,548.8035888671875,0.1672981828451156,0.495449036359787,0.0253418758511543,0.025404866784811,reviewed,
1220,40.673966666666665,2656,2,car,0.4162512719631195,340.60552978515625,517.7136840820312,400.8284606933594,548.9888916015625,0.1930817663669586,0.4938438236713409,0.0313661098480224,0.0289585255086421,reviewed,
1220,40.673966666666665,2734,2,car,0.2964503467082977,1778.752685546875,457.5421447753906,1827.951416015625,492.6842651367188,0.939245879650116,0.439919650554657,0.0256243385374546,0.0325389988720417,reviewed,
1220,40.673966666666665,2366,2,car,0.1396291851997375,200.2624664306641,521.8711547851562,333.9427795410156,559.8158569335938,0.139115959405899,0.5007809996604919,0.0696251615881919,0.035133983939886,reviewed,
1220,40.673966666666665,2757,2,car,0.4307564198970794,596.7551879882812,505.2663269042969,641.6768188476562,524.5614624023438,0.3225083351135254,0.4767720997333526,0.0233966819941997,0.0178658664226531,reviewed,
1220,40.673966666666665,2727,2,car,0.7948517799377441,1492.8380126953125,456.8793640136719,1626.18505859375,494.94049072265625,0.8122455477714539,0.4406573176383972,0.0694515854120254,0.0352417826652526,reviewed,
1220,40.673966666666665,2775,2,car,0.613711416721344,1131.6036376953125,466.1593322753906,1216.71044921875,501.27099609375,0.6115400791168213,0.4478844106197357,0.0443264655768871,0.0325107984244823,reviewed,
1220,40.673966666666665,2776,2,car,0.5340762138366699,689.9498901367188,494.9051818847656,743.66796875,519.0499877929688,0.3733380138874054,0.4694237112998962,0.0279781650751829,0.0223563015460968,reviewed,
1220,40.673966666666665,2126,2,car,0.6083634495735168,41.52337646484375,520.1154174804688,129.8851776123047,571.760009765625,0.0446376428008079,0.505497932434082,0.0460217706859111,0.0478190667927265,reviewed,
1221,40.70733333333333,749,2,car,0.9415889978408812,762.77197265625,431.6874694824219,1231.6717529296875,762.9029541015625,0.5193864107131958,0.5530511140823364,0.2442186325788498,0.3066810071468353,reviewed,
1221,40.70733333333333,1292,2,car,0.8115063309669495,1274.971923828125,463.593017578125,1404.450927734375,518.1441040039062,0.6977663636207581,0.4545079171657562,0.0674369782209396,0.0505102649331092,reviewed,
1221,40.70733333333333,2036,2,car,0.5450078248977661,423.6874084472656,510.9263000488281,497.001708984375,540.3045654296875,0.2397627830505371,0.4866809546947479,0.038184531033039,0.0272020976990461,reviewed,
1221,40.70733333333333,2129,2,car,0.3259865939617157,384.7189025878906,514.837890625,420.47265625,542.2192993164062,0.2096852958202362,0.4893783032894134,0.0186217464506626,0.025353156030178,reviewed,
1221,40.70733333333333,2092,2,car,0.2892417013645172,297.24041748046875,521.5075073242188,345.08502197265625,548.836181640625,0.1672722548246383,0.4955295026302337,0.0249190647155046,0.0253043286502361,reviewed,
1221,40.70733333333333,2656,2,car,0.3960770666599273,340.49932861328125,517.6212158203125,405.7858276367188,548.9178466796875,0.194345086812973,0.4937680959701538,0.0340033844113349,0.0289783626794815,reviewed,
1221,40.70733333333333,2734,2,car,0.2975867390632629,1789.9317626953125,459.5885009765625,1828.2353515625,490.5633850097656,0.9422309994697572,0.4398851096630096,0.0199497863650321,0.0286804474890232,reviewed,
1221,40.70733333333333,2366,7,truck,0.1475743800401687,199.2014617919922,514.95556640625,330.20458984375,560.9978637695312,0.1378661692142486,0.4981265664100647,0.0682307928800582,0.0426317565143108,reviewed,
1221,40.70733333333333,2757,2,car,0.3979964554309845,594.60107421875,505.7614135742188,641.2728271484375,524.3260498046875,0.3218421638011932,0.4768923223018646,0.0243082046508789,0.0171894785016775,reviewed,
1221,40.70733333333333,2727,2,car,0.7868490815162659,1487.4586181640625,456.5818481445313,1619.3682861328125,494.70361328125,0.8090695142745972,0.4404099285602569,0.0687029510736465,0.0352979302406311,reviewed,
1221,40.70733333333333,2775,2,car,0.5275399684906006,1131.0335693359375,465.1215515136719,1228.7567138671875,501.2285461425781,0.6145287156105042,0.4473842978477478,0.0508974716067314,0.0334324017167091,reviewed,
1221,40.70733333333333,2776,2,car,0.5368680357933044,689.1160888671875,494.998046875,745.03466796875,519.0855102539062,0.3734767735004425,0.4694831371307373,0.0291242599487304,0.0223032068461179,reviewed,
1221,40.70733333333333,2126,2,car,0.6253988146781921,42.5420150756836,520.5303344726562,129.50218200683594,571.9898681640625,0.0448031760752201,0.5057964324951172,0.0452917553484439,0.0476477146148681,reviewed,
1221,40.70733333333333,2735,2,car,0.3287728726863861,716.4998168945312,493.6960144042969,748.3040161132812,516.729248046875,0.3814593255519867,0.4677895009517669,0.0165646877139806,0.0213270690292119,reviewed,
1222,40.7407,749,2,car,0.942617118358612,762.3195190429688,431.5232238769531,1231.2755126953125,762.99560546875,0.5191653370857239,0.5530179738998413,0.2442479133605957,0.3069188594818115,reviewed,
1222,40.7407,1292,2,car,0.8111714124679565,1274.560791015625,463.7052001953125,1404.165283203125,518.171875,0.6975849270820618,0.4545727074146271,0.0675023421645164,0.0504321046173572,reviewed,
1222,40.7407,2036,2,car,0.5124505162239075,422.2863464355469,511.25146484375,496.37603759765625,540.0738525390625,0.239234983921051,0.4867246747016907,0.0385883823037147,0.0266873966902494,reviewed,
1222,40.7407,2129,2,car,0.3113589882850647,384.3195495605469,515.2130737304688,419.8547668457031,542.3594360351562,0.2094203978776931,0.4896169006824493,0.0185079257935285,0.0251355208456516,reviewed,
1222,40.7407,2092,2,car,0.2798917293548584,300.1072082519531,521.5839233398438,345.1045837402344,549.2316284179688,0.1680238991975784,0.4957479536533355,0.0234361328184604,0.0255997274070978,reviewed,
1222,40.7407,2656,2,car,0.2970561683177948,339.6744689941406,516.8710327148438,409.470703125,548.7908325195312,0.1950898766517639,0.4933619797229767,0.0363522060215473,0.0295553710311651,reviewed,
1222,40.7407,2734,2,car,0.1981046199798584,1801.3228759765625,462.4889221191406,1827.1456298828125,488.236328125,0.944913685321808,0.4401505589485168,0.0134493513032794,0.0238401908427476,reviewed,
1222,40.7407,2366,7,truck,0.1727931052446365,198.51873779296875,513.1528930664062,328.6812438964844,561.8016357421875,0.1372916549444198,0.4976641535758972,0.0677929744124412,0.0450451336801052,reviewed,
1222,40.7407,2757,2,car,0.3808160722255707,591.5108642578125,504.6253356933594,640.6654052734375,525.1168823242188,0.3208792507648468,0.4767324924468994,0.0256013236939907,0.0189736541360616,reviewed,
1222,40.7407,2727,2,car,0.8390164971351624,1482.0382080078125,456.3665771484375,1614.2352294921875,494.862060546875,0.8063212037086487,0.440383642911911,0.0688526183366775,0.0356439650058746,reviewed,
1222,40.7407,2775,2,car,0.6203900575637817,1133.548583984375,465.8430786132813,1237.5985107421875,501.58642578125,0.6174861788749695,0.4478840231895447,0.0541926696896553,0.0330956913530826,reviewed,
1222,40.7407,2776,2,car,0.5765748023986816,688.2426147460938,494.4985046386719,745.421630859375,519.2229614257812,0.3733500838279724,0.4693154692649841,0.029780738055706,0.0228930152952671,reviewed,
1222,40.7407,2126,2,car,0.6170688271522522,42.50677108764648,520.4387817382812,129.31576538085938,572.216552734375,0.0447454527020454,0.5058588981628418,0.0452130176126956,0.0479423813521862,reviewed,
1222,40.7407,2735,2,car,0.3118597567081451,712.802001953125,493.7148742675781,746.8333740234375,517.12548828125,0.3801133930683136,0.4679816365242004,0.017724672332406,0.0216764938086271,reviewed,
1223,40.77406666666667,749,2,car,0.942366361618042,761.6544189453125,430.387939453125,1231.2794189453125,764.0363159179688,0.5189931988716125,0.5529742240905762,0.2445963472127914,0.308933675289154,reviewed,
1223,40.77406666666667,1292,2,car,0.786774754524231,1274.4400634765625,463.6687622070313,1404.3206787109375,518.1561279296875,0.6975939273834229,0.454548567533493,0.0676461532711982,0.0504512637853622,reviewed,
1223,40.77406666666667,2036,2,car,0.4930367469787597,423.0454711914063,511.22412109375,496.4424133300781,539.8073120117188,0.2394499778747558,0.4865886569023132,0.0382275730371475,0.0264659170061349,reviewed,
1223,40.77406666666667,2129,2,car,0.2981172800064087,384.2203979492188,515.544921875,419.7026062011719,542.3873291015625,0.2093549370765686,0.4897834360599518,0.0184803176671266,0.0248540807515382,reviewed,
1223,40.77406666666667,2092,2,car,0.2544309794902801,302.5578308105469,521.667236328125,345.2723388671875,549.316650390625,0.1687057763338089,0.4958258867263794,0.0222471393644809,0.0256013087928295,reviewed,
1223,40.77406666666667,2656,2,car,0.2752474546432495,339.3871459960937,516.4473876953125,411.780029296875,548.6640014648438,0.1956164538860321,0.4931071102619171,0.0377046279609203,0.0298301987349987,reviewed,
1223,40.77406666666667,2366,7,truck,0.1647339165210724,198.21127319335932,512.919677734375,328.46173095703125,562.1969604492188,0.1371544152498245,0.4977392256259918,0.0678387805819511,0.0456271134316921,reviewed,
1223,40.77406666666667,2757,2,car,0.3939971327781677,590.2025756835938,504.1826477050781,640.4827270507812,525.1912231445312,0.3204909563064575,0.4765619933605194,0.0261875782161951,0.0194523837417364,reviewed,
1223,40.77406666666667,2727,2,car,0.825370192527771,1476.77099609375,456.7244262695313,1608.9647216796875,495.0281677246094,0.8035770654678345,0.4406261742115021,0.0688508972525596,0.0354664288461208,reviewed,
1223,40.77406666666667,2775,2,car,0.6123678684234619,1139.8848876953125,465.9861755371094,1243.47900390625,501.648193359375,0.6206676363945007,0.4479788839817047,0.0539552681148052,0.0330203883349895,reviewed,
1223,40.77406666666667,2776,2,car,0.5349456667900085,686.5420532226562,494.3450927734375,743.3088989257812,519.339111328125,0.3723570108413696,0.469298243522644,0.029566066339612,0.023142609745264,reviewed,
1223,40.77406666666667,2126,2,car,0.5892243385314941,43.201446533203125,520.3297729492188,129.5698699951172,572.2156982421875,0.0449925288558006,0.5058080554008484,0.0449835546314716,0.0480425246059894,reviewed,
1223,40.77406666666667,2755,2,car,0.3075980544090271,717.4636840820312,493.3768615722656,746.9469604492188,516.5675048828125,0.3813569247722626,0.4675668179988861,0.0153558729216456,0.021472817286849,reviewed,
1224,40.807433333333336,749,2,car,0.9428473114967346,761.4998779296875,429.8616027832031,1231.28662109375,764.4215698242188,0.5189548134803772,0.5529088973999023,0.2446805983781814,0.3097777366638183,reviewed,
1224,40.807433333333336,1292,2,car,0.7990896105766296,1274.414306640625,463.7994384765625,1404.278564453125,518.3112182617188,0.6975762844085693,0.454680860042572,0.0676376372575759,0.0504738688468933,reviewed,
1224,40.807433333333336,2036,2,car,0.4991810619831085,423.4085388183594,510.9023132324219,497.5660705566406,539.8358154296875,0.2398371398448944,0.4864528477191925,0.0386237129569053,0.0267902798950672,reviewed,
1224,40.807433333333336,2129,2,car,0.299172967672348,384.5882263183594,515.6126708984375,419.853515625,542.4334106445312,0.2094900459051132,0.489836186170578,0.0183673389256,0.0248340182006359,reviewed,
1224,40.807433333333336,2092,2,car,0.2741338312625885,303.3505859375,521.717041015625,345.4603576660156,549.3291015625,0.1689611822366714,0.4958547055721283,0.0219321735203266,0.0255667231976985,reviewed,
1224,40.807433333333336,2656,2,car,0.3153349459171295,339.4590759277344,516.4970703125,409.8072509765625,548.6914672851562,0.1951214522123336,0.4931428134441376,0.0366396754980087,0.0298096276819705,reviewed,
1224,40.807433333333336,2366,7,truck,0.1685975939035415,198.3606719970703,512.4815673828125,328.350341796875,562.3236083984375,0.1371643245220184,0.4975949823856354,0.0677029564976692,0.0461500361561775,reviewed,
1224,40.807433333333336,2757,2,car,0.392398476600647,589.3232421875,503.9327392578125,640.5408935546875,525.2593383789062,0.3202771246433258,0.4764778316020965,0.0266758594661951,0.0197468511760234,reviewed,
1224,40.807433333333336,2727,2,car,0.8003490567207336,1472.9835205078125,457.53173828125,1604.283447265625,495.0886535644531,0.8013716340065002,0.4410279393196106,0.0683853775262832,0.0347749218344688,reviewed,
1224,40.807433333333336,2775,2,car,0.5732470750808716,1144.3551025390625,465.6701965332031,1253.7379150390625,501.7513427734375,0.6245033740997314,0.4478803277015686,0.0569702163338661,0.0334084704518318,reviewed,
1224,40.807433333333336,2776,2,car,0.5480537414550781,686.0230102539062,493.673095703125,741.7783203125,519.27685546875,0.371823251247406,0.46895831823349,0.0290392246097326,0.0237071849405765,reviewed,
1224,40.807433333333336,2126,2,car,0.5888891220092773,43.184043884277344,520.2005004882812,129.70452880859375,572.2876586914062,0.0450230687856674,0.5057815313339233,0.0450627543032169,0.0482288487255573,reviewed,
1224,40.807433333333336,2755,2,car,0.2847676873207092,717.1293334960938,493.45745849609375,746.4656982421875,516.68359375,0.3811445236206054,0.4676578938961029,0.0152793563902378,0.0215056799352169,reviewed,
1225,40.8408,749,2,car,0.9424226880073548,761.7328491210938,429.7940368652344,1231.6583251953125,764.6517333984375,0.5191122889518738,0.5529841780662537,0.2447528541088104,0.3100534081459045,reviewed,
1225,40.8408,1292,2,car,0.8035293817520142,1275.313720703125,463.8183898925781,1404.41259765625,518.4533081054688,0.6978453993797302,0.454755425453186,0.0672390013933181,0.0505878888070583,reviewed,
1225,40.8408,2036,2,car,0.5478109121322632,424.3890075683594,510.13189697265625,498.2037353515625,540.03857421875,0.2402585297822952,0.486189991235733,0.0384451709687709,0.0276913680136203,reviewed,
1225,40.8408,2129,2,car,0.3151056468486786,384.8360290527344,515.122802734375,420.5113830566406,542.5614624023438,0.2097258865833282,0.4896686673164367,0.0185809135437011,0.0254061669111251,reviewed,
1225,40.8408,2092,2,car,0.2795913815498352,302.65802001953125,521.532958984375,346.3067321777344,549.359619140625,0.1690012365579605,0.4957835972309112,0.0227337051182985,0.0257654264569282,reviewed,
1225,40.8408,2656,2,car,0.3910018801689148,340.297119140625,516.3825073242188,405.3251647949219,548.83154296875,0.1941724717617035,0.4931546747684479,0.0338687747716903,0.0300454031676054,reviewed,
1225,40.8408,2366,7,truck,0.1296165734529495,198.780029296875,516.3529052734375,331.59112548828125,562.1005859375,0.1381174921989441,0.499284029006958,0.0691724494099617,0.0423589646816253,reviewed,
1225,40.8408,2757,2,car,0.3769418001174927,588.58642578125,503.7528381347656,641.2255249023438,525.4847412109375,0.320263534784317,0.4764988720417022,0.0274161975830793,0.0201221331954002,reviewed,
1225,40.8408,2727,2,car,0.7984362840652466,1469.598388671875,458.0693054199219,1599.668212890625,494.8939514160156,0.7992881536483765,0.4411866962909698,0.0677447021007537,0.0340968929231166,reviewed,
1225,40.8408,2775,2,car,0.6291622519493103,1153.93505859375,466.0714416503906,1261.6973876953125,501.75732421875,0.6290709376335144,0.4480688571929931,0.0561262145638465,0.0330424830317497,reviewed,
1225,40.8408,2776,2,car,0.5856467485427856,686.9781494140625,492.9929809570313,744.052490234375,519.3146362304688,0.3726642429828644,0.4686609208583832,0.029726218432188,0.0243719033896923,reviewed,
1225,40.8408,2126,2,car,0.5723834037780762,43.35125732421875,520.2835693359375,129.89027404785156,572.3659057617188,0.0451149828732013,0.5058562159538269,0.0450724028050899,0.0482243858277797,reviewed,
1225,40.8408,2755,2,car,0.2479801177978515,712.5535888671875,493.466064453125,746.8937377929688,517.0010375976562,0.3800643980503082,0.4678088426589966,0.0178854949772357,0.0217916425317525,reviewed,
